,quarter,pick_E1 ratio of sums | expanding,score_E1 ratio of sums | expanding,pick_E1 ratio of sums | rolling 126,score_E1 ratio of sums | rolling 126,pick_E1 ratio of sums | rolling 252,score_E1 ratio of sums | rolling 252,pick_E1 ratio of sums | ewma hl 63,score_E1 ratio of sums | ewma hl 63,pick_E2 relative ratio of sums | rolling 126,score_E2 relative ratio of sums | rolling 126,pick_E2 relative ratio of sums | rolling 252,score_E2 relative ratio of sums | rolling 252,pick_E2 relative ratio of sums | ewma hl 63,score_E2 relative ratio of sums | ewma hl 63,p26_pick_rolling 252,E1_expanding_score_10:00,E1_expanding_score_10:30,E1_expanding_score_11:00,E1_expanding_score_11:30,E1_expanding_score_12:00,E1_expanding_score_12:30,E1_expanding_score_13:00,E1_expanding_score_13:30,E1_expanding_score_14:00,E1_expanding_score_14:30,E1_expanding_score_15:00,I_10:00,R_10:00,I_10:30,R_10:30,I_11:00,R_11:00,I_11:30,R_11:30,I_12:00,R_12:00,I_12:30,R_12:30,I_13:00,R_13:00,I_13:30,R_13:30,I_14:00,R_14:00,I_14:30,R_14:30,I_15:00,R_15:00
2020-01-03,2020Q1,,,,,,,,,,,,,,,,,,,,,,,,,,,2.5708787908626467e-05,1.0720171592700388e-05,1.8027941415404283e-05,1.0720085567334531e-05,1.8466078484897874e-05,9.860721380623753e-06,1.3001909179002527e-05,9.694244852476477e-06,9.121659863354451e-06,7.046350651026315e-06,7.008226935132125e-06,6.755003185122013e-06,6.337308223692639e-06,6.6599499634250865e-06,5.313738181700859e-06,6.659340606907351e-06,6.519710890359276e-06,4.493962706258386e-06,6.610731794057359e-06,4.358959756254066e-06,3.987624888196902e-06,2.6222029803454237e-06
2020-01-06,2020Q1,,,,,,,,,,,,,,,,,,,,,,,,,,,1.9800211192374973e-05,8.104597993360959e-06,1.2315785664754073e-05,5.856805518002064e-06,1.0761618970743735e-05,5.674394419310467e-06,9.12933124087795e-06,5.632716000273347e-06,7.614248961362656e-06,5.63224623072112e-06,5.824449736846677e-06,5.631779749307261e-06,5.200135345236535e-06,5.528319766645234e-06,3.976946017005855e-06,3.9307872223682825e-06,3.637388531167775e-06,3.904991681830675e-06,2.965236143829547e-06,3.2100876394969688e-06,2.4078808633662503e-06,3.1899339498946997e-06
2020-01-08,2020Q1,,,,,,,,,,,,,,,,,,,,,,,,,,,2.11645008975223e-05,3.4309837032936194e-05,2.416255733604936e-05,3.330064532109846e-05,2.464510719267674e-05,3.313493795218532e-05,1.5927094954906637e-05,2.758048191212407e-05,8.294395358289073e-06,2.1907029121322706e-05,6.1946796919594845e-06,2.1680795491647607e-05,5.778002938782197e-06,2.1624996378655447e-05,4.164855026212362e-06,2.1558505316054936e-05,4.034218824226275e-06,2.116606390366099e-05,3.847225815764699e-06,2.0552970196361193e-05,3.102436135985421e-06,1.9271710580299404e-05
2020-01-10,2020Q1,,,,,,,,,,,,,,,,,,,,,,,,,,,1.0432040329103514e-05,6.410526470002176e-06,9.09885195900372e-06,6.379248691883563e-06,7.073137912445679e-06,6.293600194941371e-06,8.069390246260857e-06,4.80514658198654e-06,8.629853200144602e-06,4.341653778416407e-06,7.493135816640006e-06,4.052585653097362e-06,5.698592593007428e-06,3.98191426868608e-06,4.2575967556241725e-06,3.509808541326155e-06,4.253717181851443e-06,3.472841741111501e-06,4.3370659504444635e-06,1.9879948869028267e-06,3.7890792381972445e-06,1.9140240483120344e-06
2020-01-13,2020Q1,,,,,,,,,,,,,,,,,,,,,,,,,,,9.65130335339696e-06,6.329743213311209e-06,7.629030597056558e-06,6.285360241079908e-06,6.936655528377397e-06,5.57555569229556e-06,6.156626927269856e-06,5.5504070682787755e-06,4.850720832542438e-06,4.4178479304827456e-06,3.653568580441138e-06,4.263407782342752e-06,3.5770759126282302e-06,4.2010201968246485e-06,3.384824385208233e-06,4.195216853417725e-06,2.854595891415756e-06,4.121619434012543e-06,2.910257795102951e-06,3.378105148127888e-06,2.3757881348907756e-06,3.358485144510407e-06
2020-01-15,2020Q1,,,,,,,,,,,,,,,,,,,,,,,,,,,1.456593711069863e-05,1.6529844481011904e-05,1.3308406407354188e-05,1.633066949838574e-05,1.0903353601868206e-05,1.4893612349278046e-05,1.1213461143845555e-05,1.443170229677118e-05,1.0063441374808284e-05,1.4430779311081256e-05,7.926015911104641e-06,1.4430188603828965e-05,8.455587945429031e-06,1.2160502585761495e-05,6.0683753250947774e-06,1.2160271142331717e-05,5.839562564409174e-06,1.1632055168683083e-05,4.0277670152122056e-06,6.8724090548586725e-06,2.8907906043110815e-06,5.6504858994849816e-06
2020-01-17,2020Q1,,,,,,,,,,,,,,,,,,,,,,,,,,,1.0216994934547438e-05,5.9503945754998445e-06,7.714945124028015e-06,5.950068564163781e-06,7.962471551224904e-06,4.86068854270995e-06,7.468577852143941e-06,4.583173844706195e-06,5.802645748425697e-06,3.9227883007049595e-06,4.851234005080283e-06,3.4849925441169877e-06,5.037832865782726e-06,2.88743026969959e-06,4.803672712750092e-06,2.810792702388325e-06,4.45732084032313e-06,2.8009494908026123e-06,3.6934217530713423e-06,2.781806714717725e-06,3.157802499149879e-06,2.6723249264979264e-06
2020-01-21,2020Q1,,,,,,,,,,,,,,,,,,,,,,,,,,,9.33311561381512e-06,1.0655960458576058e-05,8.686264213081013e-06,1.0475644292422484e-05,7.6949094852857e-06,1.0219641353443937e-05,5.23835338333931e-06,7.499223818184148e-06,5.055364893087687e-06,6.770537236469014e-06,4.5690206139906075e-06,6.770501054984927e-06,4.062896960267825e-06,6.770464873936107e-06,4.873963805186087e-06,4.807400242661005e-06,6.096750358362181e-06,1.9838343457480473e-06,3.454472927874365e-06,1.52837840029031e-06,2.6077269568838903e-06,1.2280485960428876e-06
2020-01-22,2020Q1,,,,,,,,,,,,,,,,,,,,,,,,,,,9.453375015008223e-06,9.897669384023366e-06,6.882827064140794e-06,9.87695839806672e-06,6.895106348682008e-06,8.812223899429006e-06,7.74581919029733e-06,7.46856338056685e-06,6.58398524737077e-06,7.4561975169081385e-06,5.82106935344511e-06,6.706826587585099e-06,4.433852032861905e-06,5.1439458018507595e-06,3.4411248700194743e-06,4.9596108144101846e-06,3.7037920087816338e-06,4.448856232381688e-06,3.21391701519427e-06,4.444083540159025e-06,2.41522374226463e-06,4.431721837055431e-06
2020-01-24,2020Q1,,,,,,,,,,,,,,,,,,,,,,,,,,,9.293980862287196e-06,6.094333251917242e-05,1.6222725719695958e-05,4.740514500630115e-05,1.3530621967055337e-05,4.7184148660484606e-05,1.6149999894104384e-05,4.5210316792193914e-05,1.525120002207871e-05,4.077938208315883e-05,2.4408125121762924e-05,3.3650014044247236e-05,1.1625796897627181e-05,2.9359684569066315e-05,1.6381620874890198e-05,2.19932290463725e-05,1.791910879515019e-05,2.0135818338306684e-05,1.8002985105363563e-05,1.2236812474705404e-05,1.0901539827439478e-05,1.2906606708170785e-06
2020-01-27,2020Q1,,,,,,,,,,,,,,,,,,,,,,,,,,,6.150671023601584e-05,1.92406897327575e-05,4.669724828027773e-05,1.9215129507820193e-05,4.384326876404062e-05,1.4964096476335341e-05,3.778948984880069e-05,1.4954972675073008e-05,3.2346012330309474e-05,1.3438219823534002e-05,2.3796800743478723e-05,1.0671551032661911e-05,2.2934849790458865e-05,1.0619865857933891e-05,1.628047483448284e-05,1.0238676354449012e-05,1.5925389166678383e-05,9.5040453493173e-06,1.079927010898733e-05,8.748187382381958e-06,1.1482052790515958e-05,4.391898892828884e-06
2020-01-29,2020Q1,,,,,,,,,,,,,,,,,,,,,,,,,,,4.496542799693973e-05,1.4894312209723017e-05,3.816386434280912e-05,1.4890959364427348e-05,2.525634009587035e-05,1.2001998552578517e-05,2.2304351400174403e-05,1.165002273000665e-05,1.962336157218697e-05,1.1581603194747943e-05,1.8472042057555442e-05,1.15336332252779e-05,1.8403202333858008e-05,1.1259782412722717e-05,1.5887309780950504e-05,1.0139330866825653e-05,1.4212534125579685e-05,9.985460186048515e-06,1.125353211131492e-05,9.780206674186284e-06,7.349704380207344e-06,8.299819398600666e-06
2020-01-31,2020Q1,,,,,,,,,,,,,,,,,,,,,,,,,,,3.7313201055792166e-05,6.427312372576256e-05,4.877307073939617e-05,4.588762632063566e-05,4.672854597474045e-05,4.102005933031994e-05,4.843787719483906e-05,3.2212234024323896e-05,3.42712476324401e-05,2.1258068312208916e-05,3.845134061196717e-05,1.759379767435136e-05,4.1438024556904774e-05,1.2241081444442985e-05,3.4474140725123275e-05,1.1321234589167774e-05,2.687278949203822e-05,1.1265901371151283e-05,2.4628995702076157e-05,1.1203039518212957e-05,2.085002298970495e-05,1.0969943242332315e-05
2020-02-03,2020Q1,,,,,,,,,,,,,,,,,,,,,,,,,,,3.910927936461933e-05,3.6912575813488e-05,2.559134646885461e-05,2.827681947583548e-05,2.9557743877074517e-05,1.9731098119662133e-05,2.6458432299651246e-05,1.7700514495201386e-05,2.379930130316693e-05,1.5819310165802187e-05,1.5774427728298755e-05,1.4898236071639757e-05,1.1091382590608411e-05,1.4199518944286937e-05,1.574539758553432e-05,1.0470695913711505e-05,1.083616303422631e-05,8.74574608803952e-06,1.052809277021081e-05,7.513013686051709e-06,7.034456759319373e-06,6.949708672161834e-06
2020-02-05,2020Q1,,,,,,,,,,,,,,,,,,,,,,,,,,,2.4421508360271663e-05,1.1290961646723229e-05,2.4256253190629164e-05,5.153936670683885e-06,1.680520009824824e-05,3.4844924606048603e-06,1.4825597058106236e-05,3.026182446155552e-06,1.0362907215552915e-05,2.6535850486135562e-06,9.539553980578207e-06,2.645450849043804e-06,7.48218649497421e-06,2.5918717024405268e-06,6.708892619562377e-06,2.5525029907081638e-06,5.666465990641424e-06,1.9787248445018096e-06,5.061976690474751e-06,1.8695472726351197e-06,3.966902773705857e-06,1.9566602183207837e-07
2020-02-07,2020Q1,,,,,,,,,,,,,,,,,,,,,,,,,,,3.0336318879382652e-05,1.5763569538501472e-05,1.8332091223950885e-05,1.1946488400212707e-05,1.6988907697311947e-05,1.1872003165670145e-05,1.2726667231195865e-05,9.871123264423231e-06,1.004453616503945e-05,9.661138368598829e-06,7.715628545200433e-06,9.087068970120283e-06,7.896978916038023e-06,8.561795442394295e-06,7.493934147484633e-06,8.501413868667755e-06,1.1864873533201245e-05,2.1941754826971127e-06,1.1129599398591513e-05,1.3315199111229553e-06,7.057483983571345e-06,1.0831757161949088e-07
2020-02-10,2020Q1,,,,,,,,,,,,,,,,,,,,,,,,,,,1.8947868558058443e-05,8.92336319671469e-06,1.5828474731870414e-05,6.3122747958102885e-06,1.4170967676381557e-05,6.309980224386182e-06,1.1240863994189631e-05,6.193384227645743e-06,1.0282254732906348e-05,6.161088625185482e-06,9.065863930465721e-06,5.805671485252141e-06,7.409656360837041e-06,5.706622262900584e-06,5.800711320929135e-06,5.557134181357013e-06,5.473986993268139e-06,5.557053212248687e-06,4.750191213800895e-06,5.300753251166783e-06,3.18928976233268e-06,3.712959019981006e-06
2020-02-12,2020Q1,,,,,,,,,,,,,,,,,,,,,,,,,,,1.1758118176105723e-05,5.785808663811739e-06,1.2005938679919408e-05,5.250009446362959e-06,1.181346199707844e-05,4.898243378111768e-06,8.248388587136818e-06,2.240770431871542e-06,6.924573822494872e-06,2.0244613796429366e-06,5.848471551153189e-06,2.0050739307666404e-06,5.875410062668519e-06,2.004757355727403e-06,5.969859507847198e-06,1.2454985715778584e-06,4.280652183165525e-06,6.471001127657831e-07,3.476555797227394e-06,6.416139729778371e-07,2.782922740039959e-06,4.2534718325473413e-07
2020-02-14,2020Q1,,,,,,,,,,,,,,,,,,,,,,,,,,,1.770627610040412e-05,9.644752165928748e-06,1.2711783396223272e-05,9.385003390556825e-06,1.06421908475748e-05,8.642749727064937e-06,8.68883240747209e-06,8.633776573572155e-06,7.1089774748485596e-06,8.349788077027206e-06,8.475747726457297e-06,7.0620833195670605e-06,8.793404540227785e-06,6.9018128535306726e-06,7.93836034643572e-06,6.7390847044980545e-06,8.039206680816213e-06,6.700711688044131e-06,5.635415029382893e-06,5.882174958745068e-06,4.205350801976305e-06,5.873168410059374e-06
2020-02-18,2020Q1,,,,,,,,,,,,,,,,,,,,,,,,,,,1.5998452234131153e-05,2.699443355832989e-05,1.9644056017210534e-05,1.8023316355878702e-05,1.3855269814898971e-05,1.686630980133645e-05,1.7518841882125456e-05,9.266867824441016e-06,1.4849631856044867e-05,8.805556927118456e-06,9.702484832474132e-06,6.172330312125308e-06,8.096772805530839e-06,5.00092977639806e-06,5.976934241383694e-06,4.554109366848027e-06,5.106169628797594e-06,4.3050644840911035e-06,3.6837557505443876e-06,3.0229441343497154e-07,2.88371242860161e-06,3.0102568636913395e-07
2020-02-19,2020Q1,,,,,,,,,,,,,,,,,,,,,,,,,,,1.1500121707159455e-05,3.771818647748676e-06,9.963848848280504e-06,3.7705588499386083e-06,7.507407225817219e-06,2.921285479619604e-06,6.6719082010295615e-06,1.8301770301978614e-06,7.131157748976945e-06,1.7006819456224467e-06,5.456460480269671e-06,1.6734093006286954e-06,4.395520828402071e-06,1.6498837377458306e-06,3.8112266887030334e-06,1.6498488763739211e-06,4.554494498203201e-06,1.5203415559190603e-06,2.6627361303540987e-06,1.3570018719216174e-06,2.0854493866133113e-06,1.30938531670737e-06
2020-02-21,2020Q1,,,,,,,,,,,,,,,,,,,,,,,,,,,4.5953225075388244e-05,1.2374090969232517e-05,3.891030873821893e-05,1.2188665188431303e-05,3.140048044718404e-05,1.0698932059565438e-05,2.170611112199675e-05,8.918865517694917e-06,1.905970692503472e-05,8.698660060381282e-06,2.0101072651433338e-05,8.166613514538756e-06,1.8021525494733078e-05,7.790589625414879e-06,1.8556505085292062e-05,6.209385691964658e-06,1.8281494448430157e-05,3.989143943982841e-06,1.292785715860588e-05,3.5377660755312727e-06,1.0405998845400357e-05,3.5075210681023864e-06
2020-02-24,2020Q1,,,,,,,,,,,,,,,,,,,,,,,,,,,0.00010517504947722148,7.198239811160751e-05,8.736873389916001e-05,6.402109355800866e-05,5.796197649910602e-05,6.242706700260877e-05,5.8284938565000194e-05,6.037631089436301e-05,5.464524482550256e-05,5.4746691289856895e-05,5.490428954440821e-05,4.726947232499518e-05,5.194432674784948e-05,4.674816567761306e-05,5.3836899827478694e-05,4.655724182305199e-05,3.688972326739364e-05,4.472625679037086e-05,2.629592497272362e-05,4.121671065876649e-05,1.9280347817507846e-05,2.985994264387599e-05
2020-02-26,2020Q1,,,,,,,,,,,,,,,,,,,,,,,,,,,0.00019737175375606253,0.00020293218677586104,0.00013490266500750645,0.00019511271242945402,0.00011255773700074518,0.00018872651132596294,8.675797219240446e-05,0.00018760674875768456,0.00011307084721987187,0.00014162704007212025,0.0001140339374349801,0.00012316359302505379,9.877420619263217e-05,0.0001221786187371625,9.40568472432907e-05,0.00012157631454424611,0.00011798070140650054,2.988213724764624e-05,7.998294503809367e-05,1.7279254466617572e-05,4.982742651158357e-05,9.872566743480326e-06
2020-02-28,2020Q1,,,,,,,,,,,,,,,,,,,,,,,,,,,0.0012138468222496707,0.0009547926953157388,0.0011565122348178606,0.0009391866937624014,0.0007056834271944644,0.0007919085504915404,0.0004970640519318406,0.0007722986635507681,0.0005801508644822847,0.0007700920115070803,0.00045691856539153714,0.00075307096641129,0.00036814642534790747,0.0007243138735481507,0.0003293818393767031,0.0006924762147931234,0.0002865314186191649,0.0006117032026757966,0.0002442726489731316,0.0006116842124092626,0.00024036139338132754,0.0005867013311628449
2020-03-02,2020Q1,,,,,,,,,,,,,,,,,,,,,,,,,,,0.0005797950678504444,0.0008122830378454803,0.00043151300330129854,0.0008120024375795599,0.0003570833453315228,0.0007556891372879717,0.00028627216871035034,0.0006552562845311381,0.00020179487245737743,0.0006101559308842794,0.00020903759954207728,0.0005944701167278548,0.0001454373372706723,0.0005769044292602895,0.00017539559463386126,0.0005159257461233597,0.00012437711326729507,0.0004986202699444183,0.0001312733502592378,0.00048726108363599256,0.00012134178669644799,0.00046315007317895244
2020-03-04,2020Q1,,,,,,,,,,,,,,,,,,,,,,,,,,,0.0003702109668339947,0.00026535428158469884,0.0003159778252171115,0.00019987115489331685,0.00029481235980009074,0.0001597359999377663,0.00021151477704199712,0.0001404046746626708,0.00018540095813719242,0.00012805262814581824,0.00011899249420164239,0.00010305476725187403,0.00011911826876747835,8.506757337197423e-05,0.00011957676452531721,7.39128434685741e-05,9.853728487684268e-05,7.388970120092389e-05,7.369716054134119e-05,6.992251903504892e-05,6.757034160177077e-05,6.939858715661036e-05
2020-03-06,2020Q1,,,,,,,,,,,,,,,,,,,,,,,,,,,0.0005711020721450657,0.0006606419434764484,0.0004079779849321796,0.0005497768990753813,0.00042491080405770613,0.0005453100520113644,0.00040213734855478275,0.0005005612228141476,0.0003024120103981433,0.0005000779567814686,0.0002726081297490688,0.00046527541602398243,0.00027659140770707884,0.00044230353169731694,0.00021808613958415826,0.00043094755274546295,0.0002234689430456807,0.0003860112494469413,0.0001718775110904628,0.0003857064472510748,0.0001620256570118726,0.00031955810929674354
2020-03-09,2020Q1,,,,,,,,,,,,,,,,,,,,,,,,,,,0.0013840397219838266,0.0005540666053569137,0.0009510592231330567,0.0005435376928847745,0.001014279900022336,0.00047992621485279055,0.0007488897417798874,0.0003999189103303062,0.0006752093645937134,0.0003607184190707542,0.0005981380677817747,0.00032367191279149385,0.0005058201232925806,0.0002994540387043737,0.0004190848904818024,0.00028542597402745327,0.00044591975983209885,0.00018250031506643517,0.00042280188464889027,0.00017475812023830565,0.00039401106342695807,0.000142575023800876
2020-03-11,2020Q1,,,,,,,,,,,,,,,,,,,,,,,,,,,0.0008261623299831243,0.00024099949326635548,0.0007320015570468181,0.00020838145925796575,0.0006063294916502452,0.0002059517764552553,0.0006542087968440253,0.00016480196931863521,0.0005734169844324349,0.00014512398108773692,0.0005476151926433763,0.00014345443926307773,0.0005251578957006359,0.00010261920760948833,0.0005045565915963949,0.000102619155093989,0.0004382335828814159,9.916416993312245e-05,0.0003849175175861294,3.9933980153876436e-05,0.00029394474162165295,3.9701125726676674e-05
2020-03-13,2020Q1,,,,,,,,,,,,,,,,,,,,,,,,,,,0.002022675311627979,0.0033678260013895755,0.0014773623614411093,0.0032532727698622067,0.0015783397890394514,0.0028825236266847216,0.0016143259420557906,0.0028417690344677508,0.0014569809694220523,0.002841434451526132,0.0014777162420681691,0.002834789127752246,0.0010984678495248755,0.0026792768825711927,0.0007913235243019646,0.0025143212824586475,0.0006951493759224514,0.0025083292160032137,0.0007643742689743616,0.0023128216746941604,0.0007317615861250407,0.0022890831028226717
2020-03-16,2020Q1,,,,,,,,,,,,,,,,,,,,,,,,,,,0.0032822585428965824,0.002210686209114553,0.0025569966603859176,0.002209967191650649,0.002349999726642327,0.001832904093119498,0.0022718700072065358,0.0013983320917619621,0.0021107320872678324,0.0013343201965921475,0.002083898813943839,0.0012365338107165774,0.0016652815808393558,0.0011358203198617055,0.0012771446610947716,0.0011346581403779627,0.0009041991157877168,0.001077399056933911,0.0007154674423995793,0.001065780328107956,0.0007065991823284183,0.0009619174108224936
2020-03-18,2020Q1,,,,,,,,,,,,,,,,,,,,,,,,,,,0.0021387811138946725,0.002925458702341254,0.001812570392130493,0.0028994709048848176,0.0016668007142751017,0.0026696604304973356,0.00139719162487078,0.0026027193855812825,0.0012095523134029056,0.00248197347160902,0.0011824811406858904,0.002410320391244221,0.0011957841410015979,0.002220817961423435,0.0012804994211545653,0.0020701757871171107,0.0011223358387186441,0.002050623820493059,0.000910160941415888,0.0019548940455770478,0.0008994424187012837,0.0014075001123301074
2020-03-20,2020Q1,,,,,,,,,,,,,,,,,,,,,,,,,,,0.0014221451471008537,0.001561096285112338,0.0009828220969531902,0.0014407854453030655,0.0007647826100587746,0.0013502282621820573,0.0008788685626734166,0.0009109206782744455,0.0008225723258939459,0.0009101171979600628,0.0008690715807775361,0.0006706178942128948,0.0007164287870452034,0.0005749878779581163,0.0006207601822154407,0.000573878231007329,0.0004940414820320977,0.0005711039997022242,0.0004752090246646593,0.0004264392387672143,0.0005045187461099036,0.0003057654925725915
2020-03-23,2020Q1,,,,,,,,,,,,,,,,,,,,,,,,,,,0.0022557247122306514,0.0014307467045635573,0.001957596505666598,0.0014229576860753448,0.0015273403045136479,0.0012160520130069514,0.001541866162308259,0.0010502427677531892,0.0014133666359355595,0.0010494099458380113,0.0013012952233234535,0.0009463061411200588,0.0014258424546564853,0.0005128691263431628,0.0014493409414611223,0.0004466153723440378,0.0012462893696043246,0.0003136653328699731,0.0009223473480352404,0.0003017719428487775,0.0007084222960865699,0.0002525362771111957
2020-03-25,2020Q1,,,,,,,,,,,,,,,,,,,,,,,,,,,0.0014508298596491733,0.0013370562769258977,0.0013700319425618626,0.0013348050625529842,0.0011846093005766418,0.0011689434522446952,0.0009864873370923498,0.0011688758915296802,0.0008314649773497388,0.0011661368286763436,0.0008180363647563869,0.0009127124185432884,0.0007112324978593412,0.0008972710067249891,0.0006174177706829335,0.0007675238384108272,0.000510774300800735,0.0007659454820159846,0.00044843287545536474,0.0007638690764576302,0.00034171609413087,0.0007552100577890233
2020-03-27,2020Q1,,,,,,,,,,,,,,,,,,,,,,,,,,,0.0009914108618294323,0.0009285018173464481,0.0008624731545873017,0.0009278046622508382,0.0007624065792612904,0.0009270401533239213,0.0007083250228429042,0.0009012252821890196,0.0006299538339800907,0.0008578015527567062,0.0006223864559964083,0.0008518224091795243,0.0006064998428145063,0.0008068453801188932,0.00047600142910265503,0.0007915248545186729,0.0004655092473867468,0.0007527370007529255,0.0003629001818026973,0.0007472083051696287,0.00029569456244473254,0.0007219417710644066
2020-03-30,2020Q1,,,,,,,,,,,,,,,,,,,,,,,,,,,0.0006250091369234173,0.0002195569754450301,0.0006021618075717444,0.00018713822909305038,0.0004858118796355864,0.00018644271859588187,0.00042604163596026855,8.993775406838795e-05,0.0003423611628260345,8.72579481415501e-05,0.00030687366206063466,7.924647388019796e-05,0.00028097741522196165,7.698996497301373e-05,0.0002576038205206953,7.41980561531074e-05,0.00021033883380417473,6.659218681031647e-05,0.00016738844802987766,6.495375038477762e-05,0.0001557957374604441,5.477176365636804e-05
2020-03-31,2020Q1,,,,,,,,,,,,,,,,,,,,,,,,,,,0.0004905046989996854,0.00041478195577829134,0.0004205377252610825,0.0002977564415368266,0.00037231646965328147,0.00029729230278179784,0.00034700927774739654,0.00028143571610628263,0.00032422837203422263,0.0002800070178675056,0.00033469627121114924,0.00021895541620404137,0.0003013303954540074,0.000201293921588514,0.0002730911425924967,0.00019237614971439907,0.0002168554175559549,0.0001604603166217785,0.00018864668548636003,0.00015924090251516753,0.00015705631481856478,0.00015921110795249143
2020-04-01,2020Q2,,,,,,,,,,,,,,,,,,,,,,,,,,,0.0005777278543420756,0.00018217504839889166,0.0004445247528241584,0.00017876190527304762,0.0003801250254638692,0.00016949716005989002,0.0003687988945271362,0.00015996327676834427,0.0003444994768197537,0.00015218589302738806,0.0003156886787332989,0.00011935636757162135,0.0002786457526943729,0.00010137806065842817,0.0002395388519822161,9.069556521753766e-05,0.0002008364330191681,7.878745471975498e-05,0.00017430181708018698,7.10512356081243e-05,0.0001517569353868971,3.602032745474352e-05
2020-04-03,2020Q2,,,,,,,,,,,,,,,,,,,,,,,,,,,0.00043572151045664177,0.00014869183774582646,0.00038516054940105065,0.00010510626869925093,0.0003312073039212968,9.925955424373774e-05,0.000308756922916301,7.979144326388451e-05,0.00026683423784344473,7.780486942964568e-05,0.0002626691023083026,5.5098687467507115e-05,0.00021188002723281248,5.033797640152079e-05,0.00018798643659362888,3.9092376770127316e-05,0.00017879292881704096,3.21062790765306e-05,0.00014188838929753787,2.229619440566671e-05,0.00013186902090823842,1.0817072681597704e-05
2020-04-06,2020Q2,,,,,,,,,,,,,,,,,,,,,,,,,,,0.00031360277936646726,0.0001883665521885904,0.0002704017392550591,0.00018831349163519006,0.00022968032256584297,0.00018542847669830178,0.00018078609094622362,0.0001721264009094816,0.00013848041142008953,0.00016685175133395705,0.00015374643839184885,0.00014089202702650535,0.00013646044549710145,0.00014038645413342137,0.00011893691711854044,0.00013881088826386552,0.00010201896592634875,0.00012935914363898344,8.417743623435535e-05,0.00011056792879871939,5.8440711268755193e-05,0.00010280854634332889
2020-04-08,2020Q2,,,,,,,,,,,,,,,,,,,,,,,,,,,0.0003396938648641583,0.00019904092839876348,0.0002977453676421136,0.00017497054257192244,0.00023907396960252465,0.00015779560719105404,0.00023583257640354008,0.00011874687937756669,0.00019535677827014865,0.000117807894487868,0.0001761833204456501,0.00011757170196437751,0.00015768171792510149,0.00011395756635755843,0.0001478867449784135,0.00011390731810672016,0.00015035527196743595,9.777145712683352e-05,0.00013432708049875372,1.5747340922781545e-05,9.663291957067303e-05,3.0596877812167872e-06
2020-04-09,2020Q2,,,,,,,,,,,,,,,,,,,,,,,,,,,0.00038892411750698035,0.00018460850559230558,0.00032510605122811347,0.00015755833657298717,0.00027430331686638696,0.0001565071789166221,0.0002653813911160902,0.0001468504352202025,0.00023098278496959154,0.00013635556094253329,0.00020257766767380975,0.00013635372959676386,0.00018573532089510717,0.00011903888196379907,0.00017924474904897276,0.00011819173102727288,0.0001640549985551056,0.00010555584933683402,0.0001606947595571761,5.4928697421904956e-05,0.0001640065426205595,3.328097362666892e-05
2020-04-13,2020Q2,,,,,,,,,,,,,,,,,,,,,,,,,,,0.0002930228981980925,8.178471633842701e-05,0.0002455190438257924,7.447834355062384e-05,0.00023001933482901397,6.691236719367707e-05,0.00018340083266727564,5.74330481351081e-05,0.00014912870691509374,5.737338109665983e-05,0.00012888404898057674,5.253495503249267e-05,0.00011924436244936279,4.08521178288343e-05,0.00010685673247180621,3.896580942866157e-05,9.401803681364417e-05,2.04733989574487e-05,8.228758112346969e-05,1.6645916954821705e-05,6.175839445448405e-05,1.0220402314906311e-05
2020-04-15,2020Q2,,,,,,,,,,,,,,,,,,,,,,,,,,,0.00024882047964044386,0.00011142409544648078,0.00023072732878864362,8.724122835196078e-05,0.00020138220610325212,7.997198741252908e-05,0.00016620068207267384,7.869761978789983e-05,0.00014696001333631,7.743686296973546e-05,0.0001373017492912144,7.09487779056222e-05,0.00013481298803893381,6.741740279007649e-05,0.00011261255387646406,6.534030664739908e-05,9.102035584642721e-05,6.057775463796205e-05,7.484247630821134e-05,3.073153185037815e-05,5.981040113227345e-05,2.5112361296901596e-05
2020-04-17,2020Q2,,,,,,,,,,,,,,,,,,,,,,,,,,,0.00019279323920130503,0.0001371621511721002,0.00019550340014818285,0.00010714406545136052,0.00017244434562663523,0.00010413609601662272,0.00016839435862759126,9.790585504244263e-05,0.00013560767876027077,8.949092576324253e-05,0.0001283380264513501,8.923750481380091e-05,0.00011063313626183585,7.722408459573511e-05,9.37616365505222e-05,7.602411683959787e-05,8.223924632232286e-05,7.595471361859725e-05,6.743394971397114e-05,7.16081369693383e-05,5.5079626917197834e-05,7.144441771814083e-05
2020-04-20,2020Q2,,,,,,,,,,,,,,,,,,,,,,,,,,,0.00020770389995996484,0.00013137413846089498,0.0001507428958854136,0.00012910590217515998,0.0001306338015885192,0.00010345685301628191,0.00010869658628503744,0.00010302909767340756,9.882013473224493e-05,9.881194710175447e-05,9.029532476798165e-05,9.398524261757841e-05,8.110161137207327e-05,9.387019255714042e-05,8.235255692312483e-05,8.514066890598652e-05,7.184928774239599e-05,8.437318451660322e-05,8.108821471685117e-05,2.3212480391844106e-05,6.615810746597125e-05,1.2859444039691325e-05
2020-04-22,2020Q2,,,,,,,,,,,,,,,,,,,,,,,,,,,0.00019081778698719088,2.758270728852701e-05,0.0001618966154872736,2.7491675632542905e-05,0.00014600559487529176,2.7197322165766602e-05,0.00012622490196335733,2.176955303333295e-05,0.00010617147600456298,1.9663778346105597e-05,9.203212804833077e-05,1.9275909967658385e-05,8.71738274210557e-05,1.834860174505593e-05,7.659941889413963e-05,1.3348884023633647e-05,6.209565272456814e-05,1.3275138620812555e-05,4.9606963844347866e-05,1.3275138620812555e-05,3.87143973599656e-05,6.190860694204946e-06
2020-04-24,2020Q2,,,,,,,,,,,,,,,,,,,,,,,,,,,0.0001572863571730074,4.131368790541178e-05,0.00011846885997322496,3.771239496683465e-05,9.59695896459404e-05,3.757719541518189e-05,9.197988953876912e-05,3.522916183252341e-05,7.851723334137263e-05,3.473866294000097e-05,6.160458377626084e-05,2.9907703873265886e-05,5.845769148821951e-05,2.918864922856732e-05,4.6727345624982486e-05,2.904348788415995e-05,4.575232571459386e-05,1.0902967388394134e-05,3.8409408809026356e-05,1.0733987647136953e-05,3.1779623500965534e-05,5.8875082419645085e-06
2020-04-27,2020Q2,,,,,,,,,,,,,,,,,,,,,,,,,,,7.57818305354779e-05,2.3760517018960877e-05,6.431220437718326e-05,2.253454576660711e-05,5.592175262012231e-05,2.2222342116312745e-05,5.8536269634612276e-05,1.1883475205011276e-05,4.7709238270517635e-05,1.0872078806825896e-05,4.205065284584364e-05,1.0322722485578432e-05,3.6275390433482075e-05,8.882163258711899e-06,3.173664246385135e-05,5.76961372063455e-06,3.14144340867059e-05,5.763197612833495e-06,2.3717849361999543e-05,4.345969258405019e-06,1.975277213260636e-05,1.0161819319890765e-06
2020-04-29,2020Q2,,,,,,,,,,,,,,,,,,,,,,,,,,,0.00010545226921183714,4.7608643569092057e-05,9.622997735302233e-05,4.735290273616263e-05,7.787787071380051e-05,4.616669471870759e-05,7.922907994939038e-05,4.414478990369927e-05,7.339158403816291e-05,4.4102983533237227e-05,7.112027780595246e-05,3.79330234883718e-05,6.149968628971244e-05,3.67810668732027e-05,5.240060939760229e-05,3.66658615301895e-05,4.063934239863465e-05,3.471787458060881e-05,3.960937101030226e-05,3.415329007128331e-05,2.4268763732680903e-05,3.0256619028086064e-05
2020-04-30,2020Q2,,,,,,,,,,,,,,,,,,,,,,,,,,,8.990078399607924e-05,7.29679041474214e-05,7.581222902926743e-05,6.654023296025224e-05,7.78720267277078e-05,5.505711571548926e-05,7.571860654855283e-05,5.4650088745578134e-05,7.876684720760936e-05,3.71140318309841e-05,7.824962228245598e-05,3.4498869867436525e-05,5.456957138368314e-05,2.684116986650235e-05,4.9607156978568715e-05,2.6563779880082113e-05,4.43362449392967e-05,2.2704419421469145e-05,3.512610284315607e-05,1.9733999880391044e-05,3.335779591837653e-05,1.7746959051560883e-05
2020-05-01,2020Q2,,,,,,,,,,,,,,,,,,,,,,,,,,,,,0.00011879160951853327,4.835623728870972e-05,9.791970739341692e-05,4.822621706063406e-05,0.00010259515197992874,3.0064020019672598e-05,8.971785156391215e-05,1.1199014567894631e-05,7.45894770998704e-05,9.905137185607242e-06,7.09465643561844e-05,9.888045707474815e-06,6.0770632941135494e-05,9.518185815607727e-06,5.141807799888713e-05,8.950121437643935e-06,4.178598202396273e-05,1.4261536135266747e-06,3.422809610878258e-05,1.1267045310191838e-06
2020-05-04,2020Q2,,,,,,,,,,,,,,,,,,,,,,,,,,,0.00013708344689065065,4.704868173697997e-05,0.00010802722572031007,4.336822523827029e-05,9.094840807442448e-05,4.0947768085910405e-05,7.481890480053602e-05,4.0126752084179604e-05,6.561800208363911e-05,3.765518535337935e-05,5.6689917294532066e-05,3.519137154410616e-05,5.2360378850540966e-05,2.7582988837354817e-05,4.572279717574127e-05,2.662187449701505e-05,3.4875596827532776e-05,2.1347309604448863e-05,2.8604861949544792e-05,2.126071418540001e-05,2.449163842756229e-05,1.0007236149237291e-05
2020-05-06,2020Q2,,,,,,,,,,,,,,,,,,,,,,,,,,,0.00010504623320285336,7.404246224423648e-05,8.887194440383305e-05,7.393747641326578e-05,7.436882607894917e-05,6.786880063078508e-05,7.434633157300279e-05,6.000119718704485e-05,6.920284603975763e-05,5.891432924985235e-05,5.8872384902914427e-05,5.6770734940683995e-05,5.0669505461723135e-05,5.668099337857762e-05,4.7361957719177804e-05,5.6537006866388986e-05,3.638775356455378e-05,5.5305098632468295e-05,3.04433753866388e-05,4.3000930222319964e-05,2.4690812709683428e-05,4.2428040907085514e-05
2020-05-08,2020Q2,,,,,,,,,,,,,,,,,,,,,,,,,,,8.053910215073172e-05,2.0418870766268288e-05,6.209587670443112e-05,1.9604049533541237e-05,5.500496473211846e-05,1.8832083347612132e-05,5.203172253704717e-05,1.396874080844728e-05,4.250002883469128e-05,1.3163702936605146e-05,3.8922979640329135e-05,1.3086800775837373e-05,3.4165805116496146e-05,1.2181669347296432e-05,3.071320601343718e-05,9.636903010061925e-06,2.7430074593390638e-05,7.992973983229724e-06,2.5772390271288044e-05,5.655767403483285e-06,2.173669550183893e-05,5.51390175713548e-06
2020-05-11,2020Q2,,,,,,,,,,,,,,,,,,,,,,,,,,,6.285678740579288e-05,4.116910039984285e-05,4.956279728332608e-05,3.8987698806687576e-05,4.6047430909631045e-05,3.896055220326511e-05,3.729791010656823e-05,3.0330124256725524e-05,3.266707220395942e-05,2.988493374166932e-05,3.078157321971325e-05,2.2039544784023e-05,2.7966820159241604e-05,2.1358606573375137e-05,2.3082386971943208e-05,1.638605277961919e-05,1.971622783284509e-05,1.5432498399426456e-05,1.6273751782339636e-05,1.2425218051067227e-05,1.4531974241265918e-05,7.583345023473252e-06
2020-05-13,2020Q2,,,,,,,,,,,,,,,,,,,,,,,,,,,0.0001206916657421388,0.000191250485210955,9.098722720716395e-05,0.0001649832716611516,9.839632707594928e-05,0.00013725857814411547,8.535932186133124e-05,0.00012922213298357797,9.721414248013101e-05,7.424300884694316e-05,9.222942616633269e-05,6.74404664994075e-05,6.769580503019003e-05,6.270670780677596e-05,6.547747666680997e-05,6.161163971490956e-05,6.012997046137497e-05,5.6293553195562334e-05,4.726898380164398e-05,5.622609972457682e-05,4.2346723448665704e-05,4.315982986332436e-05
2020-05-15,2020Q2,,,,,,,,,,,,,,,,,,,,,,,,,,,0.00017064440696639473,8.274473798672516e-05,0.00015807994822011196,8.224966262284039e-05,0.00014083991819660696,6.480973166902285e-05,0.00012204377957524348,6.480613081417883e-05,0.00010355717740805262,6.447504252128602e-05,9.163775398051308e-05,5.008155670241657e-05,7.383511374328843e-05,4.9957894042772835e-05,6.252338458353625e-05,4.2718573736741384e-05,5.567587749999015e-05,4.2484405207407994e-05,4.404957762595323e-05,3.3608760442580454e-05,3.60221935691772e-05,1.4769420160214421e-05
2020-05-18,2020Q2,,,,,,,,,,,,,,,,,,,,,,,,,,,7.89186318173741e-05,3.681654045061781e-05,6.615151401794377e-05,3.671181940711528e-05,5.061436934459737e-05,2.172021795295494e-05,4.8480268591834066e-05,1.6028523291829736e-05,4.0089206569943614e-05,1.568146293125291e-05,3.714634397862355e-05,1.5631501309979e-05,3.277105377473994e-05,1.5255306300114374e-05,2.8595681481048147e-05,4.962936753526736e-06,2.4684992338119936e-05,4.621080223486338e-06,2.0805225091203074e-05,4.538509087953525e-06,1.7105724893858196e-05,4.538097078358578e-06
2020-05-20,2020Q2,,,,,,,,,,,,,,,,,,,,,,,,,,,6.401092283439062e-05,3.263970740202822e-05,5.870164029583364e-05,2.75998918409281e-05,4.976655414775504e-05,2.71742356890166e-05,4.181639311456944e-05,2.2180141227220542e-05,3.603335991732299e-05,2.1861883904573608e-05,3.639494612286092e-05,1.606526475281053e-05,3.246535801710611e-05,1.6060268418177495e-05,3.226899863902397e-05,1.047804835995226e-05,2.712706420299903e-05,9.1243666527565e-06,2.2991608652093146e-05,8.325943372406138e-06,1.4655811956403528e-05,2.231751855043445e-07
2020-05-22,2020Q2,,,,,,,,,,,,,,,,,,,,,,,,,,,7.455222587235294e-05,2.5980285580356528e-05,6.35163218151715e-05,2.598027401836417e-05,6.515221791003667e-05,1.7539844979874867e-05,5.311684251261546e-05,1.6820836770674464e-05,4.104681541937119e-05,1.592617627917359e-05,3.7739372307514176e-05,1.5888599595566747e-05,3.3115963163324884e-05,1.3966998335602624e-05,2.9362366637348192e-05,1.327559726223255e-05,2.1675127476312128e-05,1.3223917540158691e-05,1.764129059814996e-05,1.1590907705783133e-05,1.3401918538511744e-05,1.147612041303063e-05
2020-05-26,2020Q2,10:30,1.042300622341878,10:30,1.042300622341878,10:30,1.042300622341878,10:30,1.0596139104186983,10:30,1.0,10:30,1.0,14:30,1.0235239088667243,11:00,,1.042300622341878,1.0137990722490042,1.035786031192846,0.9613052661256024,0.9919255923837851,0.9691765273597205,0.9159764341222624,0.8414632747739873,0.7789548307210991,0.7860946595325764,5.1100667579818704e-05,4.692547190281295e-05,3.981046441582185e-05,4.379263565625966e-05,3.2065187720883745e-05,4.378730889358232e-05,3.448717168269495e-05,4.14132253876284e-05,3.412787709377558e-05,3.9183543570688895e-05,2.835677646994739e-05,3.9169984693456315e-05,1.8898179466502136e-05,3.420774803907248e-05,1.633154285082222e-05,3.214268063142387e-05,1.5091190947108467e-05,3.115830680299764e-05,1.3261731633790648e-05,3.1076805992759166e-05,1.1461592160677849e-05,3.0586072272747786e-05
2020-05-27,2020Q2,10:00,1.205132009235226,10:00,1.205132009235226,10:00,1.205132009235226,10:00,1.2214031722048198,10:00,1.0,10:00,1.0,14:30,1.0229139735397705,10:00,1.205132009235226,1.0420063694371198,1.0131088684716427,1.0352616026737842,0.9610761550942563,0.991189928987081,0.9680746327316532,0.9148984474157126,0.8404851437181267,0.7779095689896175,0.7847268417622683,7.823270179611203e-05,9.159226188509635e-05,6.230991520692692e-05,9.159008646189154e-05,8.14211752287497e-05,5.310382838402377e-05,5.405014520144331e-05,4.312757105086626e-05,4.766008393080829e-05,3.887899700160749e-05,3.879855185398654e-05,3.845143442681351e-05,3.1523807444292054e-05,3.6368931820155516e-05,3.1421828268276044e-05,3.631145496898802e-05,2.7817378708163016e-05,3.617977350976439e-05,2.2154392398774564e-05,2.808580283548674e-05,1.4449782792804322e-05,2.4950634339137424e-05
2020-05-29,2020Q2,10:00,1.2035884310385905,10:00,1.2035884310385905,10:00,1.2035884310385905,10:00,1.219128362579914,10:00,1.0,10:00,1.0,14:30,1.0228418658699217,10:00,1.2035884310385905,1.040343357365267,1.0146509109143007,1.035846440745079,0.9617408426415531,0.9912378685804759,0.9677906629947499,0.9147509289374807,0.8402580927866257,0.7779387292801417,0.7841706924770501,0.000108076155333965,6.110588644028238e-05,9.409405370153212e-05,5.5401819485832634e-05,9.008344186068084e-05,5.289522523063357e-05,7.653544702988023e-05,5.171664115140481e-05,5.800897102279571e-05,5.0618436484950514e-05,7.232765253114922e-05,4.7456466327069544e-05,7.46580155259062e-05,4.411502792098655e-05,6.978993038915143e-05,4.3411226097162295e-05,7.06082691822059e-05,4.263196754645865e-05,4.4366821874997206e-05,1.1174969938735764e-05,2.467141223292324e-05,6.2486536448514095e-06
2020-06-01,2020Q2,10:00,1.2052415181376581,10:00,1.2052415181376581,10:00,1.2052415181376581,10:00,1.221414810440389,10:00,1.0,10:00,1.0,14:30,1.024590406710618,10:00,1.2052415181376581,1.0421684404564906,1.0166778113660957,1.037270388215038,0.9623411148296465,0.9929994680367884,0.9702461298995659,0.9172080709814286,0.8432948876502941,0.7813326421467357,0.7863128282904753,8.676145622358137e-05,2.1387808360212894e-05,5.798649094967451e-05,1.4695414980616152e-05,4.743054426407818e-05,1.4651408685290582e-05,4.80020066538501e-05,1.1535952580642091e-05,3.875410890432915e-05,8.972259703593979e-06,3.280413097630285e-05,8.081490338115918e-06,2.578580659973952e-05,7.669631627567444e-06,1.9321500626373744e-05,4.5624310431051555e-06,1.819455044698985e-05,4.440189075941534e-06,1.3786364251052646e-05,2.9358612991893864e-06,1.2040441187053408e-05,1.0039516532009652e-06
2020-06-03,2020Q2,10:00,1.2081580906222031,10:00,1.2081580906222031,10:00,1.2081580906222031,10:00,1.2255831415000547,10:00,1.0,10:00,1.0,14:30,1.0251734370493868,10:00,1.2081580906222031,1.0443030453638253,1.0184873455561878,1.039503218936858,0.9642784267242073,0.9947247213553023,0.9716545149961912,0.9184441105403784,0.8445558734613603,0.7824257144683909,0.7875316895024684,4.1193305082100774e-05,1.6460981090992902e-05,3.803767684287714e-05,1.5027973441103209e-05,3.331080279704787e-05,1.498559883128337e-05,2.891939978776609e-05,1.077284184421629e-05,2.665118762439034e-05,1.0733255154870111e-05,2.192767191141167e-05,1.0403273558596853e-05,2.0596006009438445e-05,9.386365509351086e-06,1.6736614606465307e-05,8.108665081993686e-06,1.6287534230501113e-05,7.618775749293417e-06,1.4881126639247263e-05,3.269298738259621e-06,9.878620204292689e-06,3.113942036838763e-06
2020-06-05,2020Q2,10:00,1.209176245501698,10:00,1.209176245501698,10:00,1.209176245501698,10:00,1.2270423274689715,10:00,1.0,10:00,1.0,14:30,1.0258194508917124,10:00,1.209176245501698,1.0454199437243792,1.019490320306692,1.0406004959840138,0.9653262113580064,0.9955303452957062,0.9725349247866453,0.9192021500461585,0.845415123662041,0.7835974284581605,0.7883359335704855,5.567429186276678e-05,5.1975833712206486e-05,5.1567602266812894e-05,5.007576013725852e-05,3.7793033554871855e-05,3.808364437517138e-05,4.20420071851718e-05,1.7126104534070112e-05,4.0834781384808395e-05,1.6323593701457977e-05,3.233561372822679e-05,1.4372596598337851e-05,2.7994657034395556e-05,1.3712085236510765e-05,2.3527222834970576e-05,1.1117111596632609e-05,2.1661370042498493e-05,7.837680671316874e-06,1.8175458409024198e-05,7.578296517086652e-06,1.6698502152377973e-05,4.986399955404861e-06
2020-06-08,2020Q2,10:00,1.2088342832626608,10:00,1.2088342832626608,10:00,1.2088342832626608,10:00,1.2264756953075822,10:00,1.0,10:00,1.0,14:30,1.0264656937481678,11:00,1.2088342832626608,1.0453809220185901,1.0194330425591402,1.0420986356528739,0.9669363827345056,0.9967833320098194,0.9736583871383121,0.9202871786094998,0.8467254018875767,0.7847601258073613,0.7897178721254107,4.561717259055966e-05,4.4813931631534646e-05,4.448010590690334e-05,3.704005070557244e-05,3.144056853605339e-05,3.032321797582361e-05,2.6697905909105203e-05,2.861005803926997e-05,2.4766315612322457e-05,2.7799292146892333e-05,2.266403941656007e-05,2.6918108140959192e-05,1.8015703690476003e-05,2.61226054189233e-05,1.4022309150803026e-05,2.5430329920846978e-05,1.3942607548349093e-05,2.1402397248133584e-05,1.1405194692760564e-05,2.0516093388677808e-05,9.06295830124004e-06,2.0515851808535758e-05
2020-06-10,2020Q2,10:00,1.2084273214382681,10:00,1.2084273214382681,10:00,1.2084273214382681,10:00,1.2258169364419338,10:00,1.0,10:00,1.0,14:30,1.0261224053526736,11:00,1.2084273214382681,1.0456675543221914,1.0194622778513338,1.0419062021956356,0.9668008983966615,0.9964942115931831,0.9730909555835872,0.9195239373472334,0.8463618627665507,0.7843149016274027,0.7889468943927357,0.00013908346640753688,0.0001886283537988097,0.000146448899186816,0.00017306018973006965,0.00013701783257274812,0.00017184789351818035,0.0001244155591484089,0.00016260706858145843,0.00011851924356042025,0.00016253802667231523,0.00010775001229741698,0.00015900996492646446,0.0001065198144832492,0.00015893786320583328,0.00010384738460033262,0.00015879963577212973,9.845558886749232e-05,0.00015866825435285518,6.204322767025212e-05,0.00011529768581629562,4.417201069621079e-05,6.835644926677547e-05
2020-06-12,2020Q2,10:00,1.204238045490417,10:00,1.204238045490417,10:00,1.204238045490417,10:00,1.219337629986955,10:00,1.0,10:00,1.0,14:30,1.0240692251326973,11:00,1.204238045490417,1.043964437261893,1.0173687844242272,1.0391549562751836,0.9643509324746652,0.9930150889526465,0.9694530661796588,0.916136482855883,0.8432871872094988,0.7816521525557214,0.7879008103058079,0.00017691879099286458,0.0005319321476562344,0.00018799773181105823,0.0005088925024545909,0.00029538100428390374,0.0003798224243974841,0.00024825571576683476,0.00037877770223837694,0.00016188414395381715,0.000291263549804286,0.00016972620160688584,0.0002826660804829832,0.0001538552051215239,0.000279554380253303,0.00014986909443770422,0.0002383269625774127,0.000155556662107891,0.00014034632808705285,0.0001030528960897047,8.880011377727213e-05,8.161791908499113e-05,7.791705075365618e-05
2020-06-15,2020Q2,10:00,1.182914025559767,10:00,1.182914025559767,10:00,1.182914025559767,10:00,1.1870238180011623,10:00,1.0,10:00,1.0,14:30,1.0257225677044812,11:00,1.182914025559767,1.027440831502316,1.0124781100415765,1.0304704737177857,0.9569395384030726,0.9855456956572708,0.9607828119919922,0.910739969514516,0.8464413616162288,0.7847818285851493,0.790051326440392,0.0003136225082518282,0.00024382506951804524,0.00025974671529333497,0.00024378762077953124,0.0002066207409986184,0.0002345408600052527,0.00016795478527095785,0.0002267406082411928,0.00014289136154327017,0.00022648996550256155,0.00010773733012542136,0.00019791507472324203,7.158172525296545e-05,0.0001903753037335829,6.418124474258437e-05,0.00019027566206544953,5.944388835351243e-05,0.00018830303255310197,5.973784083148201e-05,3.135980813249289e-05,3.7410140746071654e-05,1.827092492494402e-05
2020-06-17,2020Q2,10:00,1.1840600797359775,10:00,1.1840600797359775,10:00,1.1840600797359775,10:00,1.1886719415570761,10:00,1.0,10:00,1.0,14:30,1.027686377984124,11:00,1.1840600797359775,1.0278818476857345,1.010841612670101,1.026597840330303,0.9524042011844226,0.9797454182001166,0.9526586092758421,0.9022675267285706,0.8381013264876199,0.7880401590903148,0.7924892884732112,0.00016534468544748793,6.346667379609092e-05,0.00016503122550979942,5.230768953277341e-05,0.00010324067898982478,3.741730371312488e-05,9.862261283097678e-05,3.452747764802644e-05,7.614757361427414e-05,2.7907999835923255e-05,6.54998631820088e-05,2.7444314040142053e-05,5.295281610687426e-05,2.367048146722418e-05,4.148548624129061e-05,2.1157785659759507e-05,3.278185591142985e-05,2.036646811023234e-05,3.0449450592695144e-05,2.035469893467835e-05,2.6338408992182563e-05,1.670850718595476e-05
2020-06-19,2020Q2,10:00,1.1881505101852696,10:00,1.1881505101852696,10:00,1.1881505101852696,10:00,1.1948364921875407,10:00,1.0,10:00,1.0,14:30,1.028477772585484,11:00,1.1881505101852696,1.033162460031879,1.0143053109190474,1.0303144792790397,0.9554432670695049,0.9823056225813471,0.9548734566301839,0.9040036892654244,0.8394102855825157,0.789374201881883,0.7938765995562382,7.709849594129947e-05,0.00017643847833159437,6.80407540183384e-05,0.00017640553697108313,6.553440967186173e-05,0.0001703663254189629,5.644545446440292e-05,0.00017036549883171857,5.226343841858098e-05,0.0001667163012773786,8.909156451650467e-05,0.00010178303889656205,6.240905908829335e-05,8.610075188823413e-05,6.157126333095003e-05,6.375064562724908e-05,7.271402805015272e-05,5.333166992170623e-05,6.619240288638848e-05,5.219675882882113e-05,3.2587354980751796e-05,1.7670971604629907e-05
2020-06-22,2020Q2,10:00,1.1821876312369881,10:00,1.1821876312369881,10:00,1.1821876312369881,10:00,1.1856783401855335,10:00,1.0,10:00,1.0,14:30,1.0298006811598786,11:00,1.1821876312369881,1.0277868599679367,1.0086764670293296,1.023378346287935,0.9489478584060143,0.9815883487919871,0.9534395681736975,0.9043076613588177,0.8417281259132221,0.791676693668701,0.7958387676626474,0.00010319319714724171,7.531475052961626e-05,8.188189419498165e-05,6.828532869002644e-05,8.175297731057178e-05,5.375796675965647e-05,6.575652347273984e-05,4.636534131736727e-05,5.428261448721e-05,4.6275443598145704e-05,4.427386463814199e-05,3.3813271061693093e-05,3.6358622237036114e-05,3.3083790447763804e-05,3.356710635767153e-05,3.261173763103294e-05,2.4918462942055666e-05,3.2292370832295334e-05,2.1577807105448637e-05,3.204786320919019e-05,1.5913393425389104e-05,2.7712481430275137e-05
2020-06-24,2020Q2,10:00,1.18282240947455,10:00,1.18282240947455,10:00,1.18282240947455,10:00,1.1866354744825165,10:00,1.0,10:00,1.0,14:30,1.0294244373138475,11:00,1.18282240947455,1.028335723687969,1.0101169402462524,1.0244417873051999,0.9495754375009399,0.9823166899213541,0.9537873370151185,0.9046213061705959,0.8415409454507327,0.7913281756199599,0.7951913649197025,0.00013315910326560257,0.000152231983232026,0.00010482116587041742,0.0001492466598740458,0.00010834680528060901,0.00011469047947668538,0.0001231569259526111,8.878980605154062e-05,0.00011643601821276267,6.60018177672141e-05,9.679090659042065e-05,6.10400801827368e-05,6.629534344609028e-05,4.7475711654313836e-05,7.574614161596173e-05,2.9245111261435776e-05,5.8216176590039324e-05,2.915010174591336e-05,4.321743470095954e-05,2.3770278683822544e-05,4.128141072718936e-05,1.573571273981205e-05
2020-06-26,2020Q2,10:00,1.1807335551826075,10:00,1.1807335551826075,10:00,1.1807335551826075,10:00,1.183362869506252,10:00,1.0,10:00,1.0,14:30,1.0308931316667267,11:00,1.1807335551826075,1.0260689732141544,1.0097266253782207,1.0263024642825194,0.9528162340555005,0.9847273569511655,0.9552998112435331,0.9084055869599863,0.8443205405288223,0.7935655103899965,0.79821907019458,0.00012691649743665068,0.00011653342810121941,0.0001268859809935612,5.6585823779666776e-05,0.0001306428282314117,3.467848987142284e-05,0.00011061993640387181,3.1982976853278016e-05,7.94271719131617e-05,2.6701991528503105e-05,8.335282349835478e-05,1.6059439118186796e-05,7.187099615743726e-05,1.5648897366722522e-05,7.456773431761913e-05,1.4751696443121473e-05,6.739883834072e-05,1.3745058852900853e-05,5.797264619668491e-05,4.4886483133085825e-06,5.813805003170874e-05,2.66005393614148e-06
2020-06-29,2020Q2,10:00,1.1802604530337824,10:00,1.1802604530337824,10:00,1.1802604530337824,10:00,1.1826035951987806,10:00,1.0,10:00,1.0,14:30,1.034447724122245,11:00,1.1802604530337824,1.0292670111002884,1.0146916432281514,1.0307900234627787,0.9560652294860666,0.9891433571710079,0.9593921875744783,0.9130964006111199,0.8489192383018314,0.7985510870087085,0.8041126212880294,0.00013233504743452639,6.865829226964005e-05,9.412352151693484e-05,4.668247926278916e-05,8.254132854186218e-05,4.2910701475351134e-05,6.250676019032803e-05,3.870759017457056e-05,5.5086407374261976e-05,3.619305169598015e-05,4.028040017419469e-05,2.8816286614530503e-05,3.759834053554833e-05,2.8508084648383587e-05,2.8406860754773815e-05,2.811858160232256e-05,2.4944167594691838e-05,2.8077164206986373e-05,2.3331746197123376e-05,2.5214162397858974e-05,2.292149717342294e-05,2.4827604078800024e-05
2020-06-30,2020Q2,10:00,1.1825263960324257,10:00,1.1825263960324257,10:00,1.1825263960324257,10:00,1.1861604088831728,10:00,1.0,10:00,1.0,14:30,1.034533049788003,11:00,1.1825263960324257,1.0314032977674195,1.0167120575336812,1.0320911984918386,0.9572953122170947,0.989911943118897,0.9601274533705122,0.9133054536293754,0.8490104284377082,0.7988433442995044,0.8044229615834801,7.662653208770678e-05,5.463474776913805e-05,6.765298403666607e-05,5.0194726037091586e-05,5.507471359101533e-05,3.688391302389251e-05,5.376434025951374e-05,3.566294679008651e-05,4.559375237474036e-05,3.54409809438731e-05,4.033217937324602e-05,3.316108403986268e-05,3.851281727456962e-05,2.4494129534064233e-05,3.530968102100576e-05,2.4400599281302263e-05,2.9975972980702945e-05,2.431487241518162e-05,2.4955592874961924e-05,2.144873506909494e-05,2.3387206421171454e-05,2.0038412591934603e-05
2020-07-01,2020Q3,10:00,1.1830560204957716,10:00,1.1830560204957716,10:00,1.1830560204957716,10:00,1.1869884848229604,10:00,1.0,10:00,1.0,14:30,1.034958396828349,11:00,1.1830560204957716,1.0321379659561427,1.0176207667662904,1.0330651614761048,0.9579944117008978,0.9904007161638503,0.9612014494419694,0.9143002730637056,0.8497763284565811,0.7995569595410934,0.8051840501562765,9.025541673109873e-05,6.169794359165871e-05,5.5961896777910186e-05,5.008540142958489e-05,5.426270497552016e-05,4.8867390454442926e-05,5.979550291910676e-05,2.9924169800711808e-05,4.2166894374018736e-05,1.878469603300662e-05,3.7196890095330925e-05,1.3205257218695351e-05,3.4996755258973914e-05,1.274743217594596e-05,2.9016429520249166e-05,1.273816971565596e-05,2.603787715967212e-05,1.2705896247148065e-05,1.933630775536698e-05,1.2334656333433033e-05,1.535014563645398e-05,1.2317383400778933e-05
2020-07-02,2020Q3,10:00,1.183814643772609,10:00,1.183814643772609,10:00,1.183814643772609,10:00,1.1881887541497196,10:00,1.0,10:00,1.0,14:30,1.035558797531596,11:00,1.183814643772609,1.0323348856873222,1.0178546249059324,1.0347212175575122,0.9594412425330751,0.9919699779215031,0.9628289282338548,0.9156257105830833,0.8510258149524994,0.8004203871666307,0.8057521963836524,6.153345316671494e-05,6.484587233963204e-05,5.839208690810596e-05,3.4206102102397565e-05,6.831658269111223e-05,2.8881563376814523e-05,5.576347145073444e-05,2.8795569399899543e-05,3.527346593969753e-05,2.2534722667845966e-05,3.062794246863816e-05,2.249953085898471e-05,2.662545093722324e-05,2.2486446510326252e-05,2.185055880685387e-05,2.24512918625415e-05,1.9006988801090632e-05,2.2346226758134133e-05,1.7319384939805205e-05,2.1344992791460977e-05,1.2427951269724255e-05,2.1338693595803148e-05
2020-07-06,2020Q3,10:00,1.1831471844774177,10:00,1.1831471844774177,10:00,1.1831471844774177,10:00,1.187087600398341,10:00,1.0,10:00,1.0,14:30,1.0354605024831125,11:00,1.1831471844774177,1.0333983700901594,1.0198589479979023,1.0362077450375953,0.9602573593766099,0.9925098176103644,0.9631843401882989,0.9157242502266888,0.8510249780374899,0.8004417095863161,0.8052548802833275,4.700919937645715e-05,3.267515404967869e-05,4.649065129902137e-05,2.649236152259393e-05,3.7381210810127574e-05,1.7832250436340456e-05,3.082630803106277e-05,1.7290609843814308e-05,3.04169224900484e-05,1.2574468038053066e-05,2.8419979557727585e-05,1.2157100114644377e-05,2.2399418418089053e-05,1.148062319771748e-05,1.935356579007211e-05,1.1476248897610286e-05,1.6659817841452412e-05,1.1397653969385626e-05,1.8231444384674985e-05,7.225179398607241e-06,1.3495014185889814e-05,7.212993484404522e-06
2020-07-08,2020Q3,10:00,1.1835125396922852,10:00,1.1835125396922852,10:00,1.1835125396922852,10:00,1.1876761175942103,10:00,1.0,10:00,1.0,14:30,1.036338843472552,11:00,1.1835125396922852,1.034278013543245,1.0208465632463946,1.0369460191594715,0.9613529746460442,0.9935714915617428,0.9639939300152673,0.9163973992712494,0.8515940195902465,0.8015732353517622,0.8060564024106698,5.690110053355826e-05,8.150653624633499e-05,5.221382240812962e-05,7.360526220569822e-05,4.7123968647016285e-05,7.336503312274057e-05,6.547106015223286e-05,3.337842740419079e-05,4.399448249893427e-05,2.7699035670589638e-05,3.288218346643221e-05,2.5847949514610186e-05,2.694619686796755e-05,2.4794522673848504e-05,2.941821109297644e-05,1.5274568595649144e-05,2.552189562644667e-05,1.522792676944921e-05,1.9821380952413897e-05,1.2257772643825062e-05,1.4324229012592336e-05,1.1902503589897163e-05
2020-07-10,2020Q3,10:00,1.1817875464917291,10:00,1.1817875464917291,10:00,1.1817875464917291,10:00,1.1848049436199928,10:00,1.0,10:00,1.0,14:30,1.0370237747155484,11:00,1.1817875464917291,1.0331811337686674,1.0194230860970013,1.0387074398905076,0.9623885623101299,0.9940381478806176,0.9642108670287337,0.9175696926601453,0.8526191152986959,0.8024808434983053,0.8065490200752439,9.169919768011092e-05,2.544656940890376e-05,7.625703538628247e-05,2.1349039081105233e-05,6.573238078699817e-05,1.914252123126857e-05,4.545881652445138e-05,1.8835927558275225e-05,3.7924867117284556e-05,1.5912289849210334e-05,3.955437695814933e-05,1.2291665215015862e-05,2.829990810859507e-05,8.562270414716481e-06,2.5394573000888638e-05,8.428114226499053e-06,2.173303319583701e-05,5.408380744777171e-06,1.9657789587560315e-05,5.311037321833953e-06,1.3711209062187697e-05,2.731166011018406e-06
2020-07-13,2020Q3,10:00,1.1844715738231657,10:00,1.1844715738231657,10:00,1.1844715738231657,10:00,1.1892745043417965,10:00,1.0,10:00,1.0,14:30,1.038181941527144,11:00,1.1844715738231657,1.0356646623493975,1.0217898390781144,1.0401838406315522,0.9637356560235442,0.9958083778437958,0.9656382783036175,0.9189114557437341,0.8540165854846716,0.8038780797440642,0.8077472138454986,4.7106908742175726e-05,0.00024394328718590114,3.764767824514168e-05,0.00022173044181516866,3.251583858493237e-05,0.0002187108448751477,3.095831924114264e-05,0.00021604571382296297,2.442160775289613e-05,0.00021366607876241044,2.3646597837504182e-05,0.0002136061112700732,2.0618445507677947e-05,0.00021332180524372601,1.729421660338674e-05,0.000209341899127712,1.5383250966946435e-05,0.0002081674088040886,2.7630524245286384e-05,0.00016816719309857445,1.569405846728676e-05,0.00016561308323726805
2020-07-15,2020Q3,10:00,1.1740495870595757,10:00,1.1740495870595757,10:00,1.1740495870595757,10:00,1.1717467063535394,10:00,1.0,10:00,1.0,14:30,1.02891818877718,11:00,1.1740495870595757,1.0269557687978137,1.01211935414246,1.0292700522454081,0.9530586258487889,0.9837319713538933,0.9526347183406046,0.9058190060697372,0.8409833953178245,0.7942636807410454,0.7956617813988641,7.301614937776127e-05,7.053754173352732e-05,6.226920177307921e-05,6.740079393888871e-05,5.5507501157939186e-05,6.688972512679032e-05,6.197689813666612e-05,6.445141045957644e-05,9.118470281599765e-05,2.8275712374357436e-05,6.487483451006228e-05,2.1198071964320614e-05,5.118698157184064e-05,1.9435703306200014e-05,4.115193764304582e-05,1.8856748127290204e-05,3.583756753747969e-05,1.8459302204570647e-05,2.641536109009631e-05,1.2854573271785944e-05,2.82905694336363e-05,4.630649269039567e-06
2020-07-17,2020Q3,10:00,1.1736286028697278,10:00,1.1736286028697278,10:00,1.1736286028697278,10:00,1.1710475864861092,10:00,1.0,10:00,1.0,14:30,1.0301508333998848,11:00,1.1736286028697278,1.026641541549631,1.0115039759298299,1.029025312447706,0.956831236954719,0.9865400342398486,0.9549234627111076,0.9076165838979138,0.8426112724584669,0.7957106257516131,0.7981790268575052,6.314844343580384e-05,3.394560960036966e-05,7.515845500364553e-05,1.865845701184578e-05,5.1870810892446475e-05,1.0478405086928164e-05,4.398104411682271e-05,1.0305107230436204e-05,3.470323106160713e-05,9.834156760619321e-06,3.208309463152253e-05,9.725907517421001e-06,2.765350011986504e-05,9.170856480054234e-06,2.3397081432377307e-05,8.77757081042903e-06,1.8897527394530234e-05,8.429590249077239e-06,1.630604562819115e-05,4.122537570948387e-06,1.323103456383582e-05,3.934349130725886e-06
2020-07-20,2020Q3,10:00,1.1746285995662797,10:00,1.1746285995662797,10:00,1.1746285995662797,10:00,1.1727595915213118,10:00,1.0,10:00,1.0,14:30,1.0311920964094197,11:00,1.1746285995662797,1.0291720120990888,1.0135858771435484,1.0308973374129409,0.9583158781708329,0.9879736218447732,0.9562463268087131,0.9087681372362537,0.8435558265727542,0.7968732312837548,0.7992109075136252,4.743797932481911e-05,2.9135501041624556e-05,4.103380752280391e-05,9.444242257842823e-06,3.319287554766169e-05,9.315572172672069e-06,2.7410395975541273e-05,8.674267502758724e-06,2.545928152243122e-05,8.560852672494936e-06,2.0906346564149072e-05,8.38165201514467e-06,1.8133840683881186e-05,7.539736295480508e-06,1.9045292117480536e-05,6.9770994641011334e-06,1.5549850234371863e-05,5.111084886095126e-06,1.1337940962702131e-05,5.109933698111586e-06,8.919936004513143e-06,5.050683509219688e-06
2020-07-22,2020Q3,10:00,1.1751948228917097,10:00,1.1751948228917097,10:00,1.1751948228917097,10:00,1.1737391637156167,10:00,1.0,10:00,1.0,14:30,1.031772249529715,11:00,1.1751948228917097,1.0305863226059815,1.0147833873452374,1.0319326653801606,0.9593281908343801,0.9887780512954718,0.957010684964238,0.9097157824263802,0.8444554625837315,0.797521458143572,0.7997100253947662,4.533617030781196e-05,2.5867398920999215e-05,3.8135500408026695e-05,2.3999235883875988e-05,3.7194580662620915e-05,2.3924697781974417e-05,3.0404430132918306e-05,2.358156133992025e-05,2.4886247184806645e-05,2.3122839198684156e-05,2.1448640763488833e-05,2.1562464826975834e-05,1.831894190330696e-05,2.138925496370789e-05,1.6394810679925153e-05,2.125652399934855e-05,1.7829925286740035e-05,1.1981490169393989e-05,1.258617457851928e-05,7.446860869320775e-06,8.754419163025271e-06,6.8648395178259494e-06
2020-07-24,2020Q3,10:00,1.1758341375050052,10:00,1.1758341375050052,10:00,1.1758341375050052,10:00,1.1748547224217727,10:00,1.0,10:00,1.0,14:30,1.0323009228335949,11:00,1.1758341375050052,1.0311909830330699,1.0154338360299753,1.0322724934929484,0.959486602592947,0.9887862050544142,0.9568604169092622,0.9094966425684956,0.8450722272404236,0.7981140830921511,0.8000434519804512,9.523487265058756e-05,3.451029975034027e-05,6.724932460815205e-05,2.9597193407818598e-05,5.2851942513490166e-05,2.707313931911552e-05,4.915051823692008e-05,2.6975046744566238e-05,4.4691474221916465e-05,2.5808925886568615e-05,4.4616596318948696e-05,2.355666355714718e-05,4.6614128226957425e-05,1.9963866431637115e-05,4.114681539641257e-05,1.9917657421047172e-05,2.8781895003338817e-05,1.8625651794332624e-05,1.9802668156244783e-05,1.1726418590561609e-05,1.7551195256734404e-05,8.45626419302158e-06
2020-07-27,2020Q3,10:00,1.178170034898648,10:00,1.178170034898648,10:00,1.178170034898648,10:00,1.1789633660316712,10:00,1.0,10:00,1.0,14:30,1.0331486308899915,11:00,1.178170034898648,1.0328458538256846,1.0167092537622013,1.0334634779347505,0.9606523778183174,0.990140968248181,0.9587798578683849,0.9112093219137672,0.8461136832602458,0.7990442124008914,0.8011441205522017,4.272174286412133e-05,1.916031709461596e-05,3.476064346992534e-05,1.9149896001678298e-05,2.871316869872356e-05,1.912877071725492e-05,3.3908757618846214e-05,1.1117359758302705e-05,2.4608842762879864e-05,1.073674089775614e-05,2.042772252785309e-05,1.0016214575170786e-05,1.5719919110865287e-05,9.56083257048504e-06,1.3062106961692856e-05,8.888938532709928e-06,1.1572851530080957e-05,8.653217691828839e-06,1.0149513469638767e-05,7.940595683169422e-06,8.787696006922964e-06,6.507940877805679e-06
2020-07-29,2020Q3,10:00,1.179030395635102,10:00,1.179030395635102,10:00,1.179030395635102,10:00,1.1804903383738985,10:00,1.0,10:00,1.0,14:30,1.0334441137579256,11:00,1.179030395635102,1.0335202940461523,1.0171747367618569,1.034715983946336,0.9614880694126409,0.9908082817946031,0.9592367602588739,0.911578091866627,0.8464529311391232,0.7993828195212069,0.8015085867840815,5.824353565953246e-05,1.1971588578544128e-05,4.708080156139277e-05,1.0208092694877913e-05,4.214793713003032e-05,8.025928146180562e-06,3.954438518572878e-05,7.91103789287189e-06,4.309109219111632e-05,7.735406588558436e-06,3.926955654587271e-05,7.708727786079694e-06,3.777446316861386e-05,7.278278379812699e-06,3.4639015661568564e-05,6.714062585456317e-06,3.0397992020687107e-05,6.177288238348798e-06,1.962687748789133e-05,4.707135003337004e-06,1.3495563404848727e-05,4.471085734010287e-06
2020-07-31,2020Q3,10:00,1.1809138515056017,10:00,1.1809138515056017,10:00,1.1809138515056017,10:00,1.1838699241298167,10:00,1.0,10:00,1.0,14:30,1.034860127869684,11:00,1.1809138515056017,1.0351640497950019,1.018881489791268,1.0364671310357345,0.9635715139764361,0.9928156469433297,0.9613826175027556,0.9136963244497781,0.8484604353538538,0.8007941116126203,0.8025189472141742,5.212385372985284e-05,0.00013348366722677852,6.985841702479959e-05,9.5403360007773e-05,5.006131505275728e-05,9.292065328765624e-05,3.313979274383541e-05,8.64509073051076e-05,4.214691707436834e-05,7.980708812449269e-05,4.1088762101069335e-05,7.846531434455039e-05,5.651693323059626e-05,6.456597056288718e-05,3.497490588905255e-05,5.33985607080227e-05,2.7409090764610754e-05,5.311888318925711e-05,2.1581158709181074e-05,5.310431515560772e-05,1.3832061367639617e-05,3.6215691510173895e-05
2020-08-03,2020Q3,10:00,1.176436138076067,10:00,1.176436138076067,10:00,1.176436138076067,10:00,1.1757503083848595,10:00,1.0,10:00,1.0,14:30,1.0326281881154524,11:00,1.176436138076067,1.033869214753752,1.0166513017909897,1.0333292066651636,0.961550127738285,0.9904910585316049,0.9609971948008885,0.9126742512483507,0.8470577963428293,0.7989396214359945,0.8009720344694771,3.365382405034882e-05,1.053834765852563e-05,3.0306446830536636e-05,1.0119543099877164e-05,2.7385984670945587e-05,8.612159911672315e-06,1.972069082024674e-05,4.641128433732586e-06,1.836118501086987e-05,4.110959616709981e-06,1.7298206437519544e-05,3.6816415304834853e-06,1.4883139496924508e-05,3.6754282533012086e-06,1.2595967662976554e-05,3.3466821958741875e-06,1.0734681224289112e-05,3.346645337551851e-06,8.93685846490992e-06,2.3940458993766506e-06,7.499410782138857e-06,2.3827968717665077e-06
2020-08-05,2020Q3,10:00,1.1773378283854636,10:00,1.1773378283854636,10:00,1.1773378283854636,10:00,1.17739726010486,10:00,1.0,10:00,1.0,14:30,1.033277826028371,11:00,1.1773378283854636,1.0347579181757485,1.0175822120582476,1.0341584302877376,0.9623879784733068,0.9913529024511076,0.9617844703879199,0.9133799783870484,0.8476850682196617,0.7995614313602942,0.8015396970384148,2.704607300651731e-05,4.699268593642132e-06,1.912620126571376e-05,4.659909584354358e-06,1.7334767175281e-05,4.527570998981648e-06,1.5521362183327315e-05,4.204690785515423e-06,1.835824130782506e-05,2.6992003381597454e-06,1.5989328463469086e-05,2.5139788251460723e-06,1.0755667718979764e-05,1.7525390805559956e-06,8.807819959607427e-06,1.6887083846309967e-06,7.70137720085345e-06,1.6883822262290118e-06,6.576176831787103e-06,1.2628906297465526e-06,5.758604705296358e-06,8.757607888800303e-07
2020-08-07,2020Q3,10:00,1.1782502521867224,10:00,1.1782502521867224,10:00,1.1782502521867224,10:00,1.1790813753782161,10:00,1.0,10:00,1.0,14:30,1.0338078192899578,11:00,1.1782502521867224,1.0353983910702582,1.018218030523766,1.034779057809361,0.9633043208077974,0.992204858280053,0.9624134689701539,0.9139172860357974,0.8481828692902998,0.800054140380804,0.8020530734891921,3.108786647116596e-05,4.2522336458409416e-05,2.5814302955993006e-05,4.185593901213907e-05,2.3399500497302966e-05,3.7604274045016404e-05,2.215699143944477e-05,3.4347099891556115e-05,1.9716247378829693e-05,3.3801027882400555e-05,1.7610459090302577e-05,2.841951825288933e-05,1.6805437187775005e-05,2.673788040456142e-05,1.7548759341488622e-05,2.626886268096768e-05,2.1233728860549038e-05,2.24561051040246e-05,2.2500709323664365e-05,2.0050235575256797e-05,1.2623712988201093e-05,1.3765723452262518e-05
2020-08-10,2020Q3,10:00,1.1774452824058994,10:00,1.1774452824058994,10:00,1.1774452824058994,10:00,1.177578688613576,10:00,1.0,10:00,1.0,14:30,1.0343267986488762,11:00,1.1774452824058994,1.0346152582411536,1.0174755892060297,1.034036997378846,0.9625589915755546,0.9915377550177299,0.9617955083736297,0.9134405546425979,0.8483561784844619,0.8006248814992608,0.802213550403413,2.086306308326815e-05,6.513508569369969e-05,1.6909353446090396e-05,6.489652935027823e-05,3.853148449448816e-05,2.415821625501851e-05,2.063381282161076e-05,1.1298172818092674e-05,1.3577914061906981e-05,8.477487075349077e-06,1.5350594356014238e-05,6.172338656827421e-06,1.1229154736283188e-05,1.5502342250616885e-06,9.366021257293627e-06,1.4962631166384208e-06,8.747488054371757e-06,1.3345506050779981e-06,7.148865401971242e-06,1.0597672668304206e-06,5.203242108728055e-06,6.501382458121312e-07
2020-08-12,2020Q3,10:00,1.1750881971052594,10:00,1.1750881971052594,10:00,1.1750881971052594,10:00,1.173148224779199,10:00,1.0,10:00,1.0,14:30,1.0349528470273117,11:00,1.1750881971052594,1.0323767601535272,1.01817038489442,1.0345329444761935,0.9628732199189796,0.9921191273881078,0.9624695125954613,0.9140309242031254,0.8489596342412217,0.8011815175517735,0.8026881648664131,3.2105619500380877e-05,2.773203823562841e-05,2.483005368598256e-05,2.359591583738493e-05,2.5818069242989105e-05,2.3333530660589877e-05,2.027737529280714e-05,2.3254433817695754e-05,1.765407570058683e-05,2.323251816329048e-05,1.5265410117989726e-05,2.1845760590607347e-05,1.4121289624731386e-05,1.887866571225892e-05,1.733404503168526e-05,1.7284281578158934e-05,1.1621099946093549e-05,3.259877513032563e-06,1.0943373065847835e-05,2.9954026658391813e-06,9.017694500265574e-06,2.83384408311925e-06
2020-08-14,2020Q3,10:00,1.1750678725442945,10:00,1.1750678725442945,10:00,1.1750678725442945,10:00,1.1731139522774072,10:00,1.0,10:00,1.0,14:30,1.0358102437242165,11:00,1.1750678725442945,1.0323976901395846,1.0182728862817525,1.0343237722120107,0.9626000713109141,0.9917160691863306,0.9621896460635384,0.9141441172300003,0.8496610332300643,0.8019361325782115,0.8033715516781389,3.449432419554806e-05,1.5214552553939548e-05,3.402669389382652e-05,1.3755578561799326e-05,2.9217693919152755e-05,1.3146105383401711e-05,2.039054987508814e-05,1.0137843466037547e-05,1.7520639880563115e-05,1.010074616182929e-05,1.8138592752279645e-05,9.982604520826547e-06,1.8295705061471677e-05,9.958853925890432e-06,1.384709033520085e-05,9.791715962243698e-06,1.1136507928672022e-05,9.208073262054516e-06,1.107572349217259e-05,7.70472304845086e-06,9.976380108691778e-06,6.387797764477805e-06
2020-08-17,2020Q3,10:00,1.1757681222631198,10:00,1.1757681222631198,10:00,1.1757681222631198,10:00,1.1744594385340748,10:00,1.0,10:00,1.0,14:30,1.0362736867124271,11:00,1.1757681222631198,1.033279680213286,1.0190598944443194,1.0348715443185887,0.9630514544235982,0.9922339356833122,0.9627915233567629,0.9145047393215769,0.8499232857320675,0.8023683737532831,0.8038622229830061,1.986274169034032e-05,2.021476473976862e-06,1.7518543473288115e-05,1.9996352501773196e-06,1.5040925596609801e-05,1.8759917712849243e-06,1.0928016584182225e-05,1.7565071000282422e-06,1.0953230493651065e-05,1.5627645054087705e-06,9.477751150278272e-06,1.344687759686595e-06,9.097332822071826e-06,4.1684477123917284e-07,7.67007027660506e-06,3.260697813041915e-07,6.1650227230726015e-06,3.2410878082498953e-07,5.472444882123354e-06,3.224009339979027e-07,4.790464939499599e-06,1.8816364880852178e-07
2020-08-19,2020Q3,10:00,1.1765049632428737,10:00,1.1765049632428737,10:00,1.1765049632428737,10:00,1.1758884410768693,10:00,1.0,10:00,1.0,14:30,1.036828461324456,11:00,1.1765049632428737,1.0339670595903236,1.0197125104595572,1.0353753295230457,0.9635983332575864,0.9927457762819798,0.9633921814018377,0.9150477071746788,0.8503895156210856,0.8028285585856715,0.8043320822314096,1.944262817341923e-05,2.8710446431283713e-05,1.698465478679055e-05,2.7456288129191844e-05,1.3146371214126738e-05,2.7395069234594536e-05,1.1670370597924207e-05,2.7330929969258526e-05,1.1298511890775798e-05,2.6868796373174746e-05,9.111487373062689e-06,2.6715658385709054e-05,7.2562744641131534e-06,2.6311171389961094e-05,6.58073829346817e-06,2.6304846756656773e-05,6.117073107272887e-06,2.5888973240154534e-05,1.3762050961707119e-05,1.2148426034719555e-05,6.74736447164872e-06,9.881692017324543e-06
2020-08-21,2020Q3,10:00,1.1759016153905375,10:00,1.1759016153905375,10:00,1.1759016153905375,10:00,1.1747083943639665,10:00,1.0,10:00,1.0,14:30,1.0371845760575795,11:00,1.1759016153905375,1.0334603746477007,1.0189784025487967,1.0344572438163986,0.9627550217724767,0.9916533235594217,0.9621448015514992,0.9137620311110312,0.8491335191877704,0.8031820233836932,0.8042105869744597,2.6752708584888645e-05,9.439740284367603e-06,2.3075165315162145e-05,9.208377596034056e-06,2.1132642190338664e-05,9.040111644720212e-06,1.9884266742587394e-05,8.951297192203575e-06,1.9705793130631333e-05,6.07707450351436e-06,1.5301209075716173e-05,2.0447531760500705e-06,1.2565798303154114e-05,1.9904506308307882e-06,1.0657714168383461e-05,1.989582457100225e-06,7.150644244532838e-06,1.529276528540684e-06,6.046038780367629e-06,9.905674028133026e-07,5.921031787571142e-06,2.407740765021839e-07
2020-08-24,2020Q3,10:00,1.1765601378774717,10:00,1.1765601378774717,10:00,1.1765601378774717,10:00,1.1760126427269229,10:00,1.0,10:00,1.0,14:30,1.0377612600772583,11:00,1.1765601378774717,1.0340625334732676,1.0195698902663344,1.035043590016351,0.9635554504939268,0.9924860936938724,0.9628790409861819,0.9144117565005916,0.8495957794740179,0.8036449082357802,0.8047900642473473,1.8213092590672647e-05,1.709361909880327e-05,1.5865572254842323e-05,1.6691659605660205e-05,1.8161719127250554e-05,1.0941465458037675e-05,1.3712942457035094e-05,1.0730243472090302e-05,1.0882508016288042e-05,9.639803092323278e-06,1.039268622177076e-05,9.58089991368187e-06,7.94802045613744e-06,9.57967124704962e-06,6.386063706838916e-06,9.520772197151147e-06,5.498425460673612e-06,9.516251805516876e-06,4.708043524573958e-06,9.513168001516328e-06,4.704147911646266e-06,8.943705659433206e-06
2020-08-26,2020Q3,10:00,1.1764803194602307,10:00,1.1764803194602307,10:00,1.1764803194602307,10:00,1.1758538245265648,10:00,1.0,10:00,1.0,14:30,1.0373630354596672,11:00,1.1764803194602307,1.0340006411831337,1.0199173279116573,1.0351873618094094,0.9636474884838538,0.9925415077976861,0.9627911309015119,0.9142413655530939,0.8493916201605551,0.8033861809743147,0.8045379931871671,1.544039075460294e-05,4.0662666175317314e-05,1.1923780072283242e-05,4.021845009867395e-05,1.0657160233059654e-05,3.9402408653930065e-05,8.798701187888229e-06,3.899727742447213e-05,9.562216878682335e-06,3.6798883864982556e-05,1.0961314573971703e-05,3.0224053305895174e-05,9.642323409833816e-06,2.9596012702140168e-05,7.786102444233907e-06,2.9484183747849894e-05,7.2150516079545105e-06,2.8597021977242533e-05,7.759882547682213e-06,2.4272299786019753e-05,9.677201714613717e-06,1.1799168190292085e-05
2020-08-28,2020Q3,10:00,1.1751205763814014,10:00,1.1751205763814014,10:00,1.1751205763814014,10:00,1.173111744591206,10:00,1.0,10:00,1.0,14:30,1.0358439913627455,11:00,1.1751205763814014,1.0326866275801811,1.0184557737891475,1.0334498031609642,0.9621552693406237,0.9913500974596997,0.961494977835719,0.9128364162263193,0.848046900692541,0.8023542283341298,0.804556603219364,3.701935844227431e-05,2.305324839449142e-05,3.9221405565451945e-05,2.1258576755955246e-05,3.5153987795827685e-05,1.9293685355443255e-05,2.44446734415526e-05,1.3840856227204458e-05,2.0152664928515656e-05,1.3755670401039739e-05,1.8670694747458343e-05,1.3680222003057626e-05,1.61250641186829e-05,1.1911855539733311e-05,1.6835501861001145e-05,6.14833775791357e-06,1.3325527280285528e-05,4.639712387183963e-06,9.411229823577155e-06,4.278848336647263e-06,7.979358292505785e-06,3.7558012903317196e-06
2020-08-31,2020Q3,10:00,1.1755368883108464,10:00,1.1755368883108464,10:00,1.1755368883108464,10:00,1.1739643464886214,10:00,1.0,10:00,1.0,14:30,1.036518988285571,11:00,1.1755368883108464,1.0334508676449279,1.019222404752511,1.034007499029457,0.9625535236236092,0.9916695478403831,0.9618159179823585,0.913658592199891,0.8487861926391209,0.8028795005818099,0.8050569552151849,2.696619249732638e-05,2.2475407166023666e-05,2.1678139654392063e-05,2.2301701245923185e-05,1.7215646952726922e-05,2.0587647233344476e-05,2.2352703627622505e-05,1.016097646671163e-05,1.5613941531147177e-05,6.7124086561053755e-06,1.2961112499128426e-05,6.231688132644178e-06,1.1605754293003309e-05,6.135040444950033e-06,9.812741436306931e-06,6.060133569209832e-06,8.550925089829352e-06,6.050174224445487e-06,7.929575475181808e-06,5.601147861276985e-06,5.923701604849625e-06,4.228407146858597e-06
2020-09-02,2020Q3,10:00,1.1755597398920252,10:00,1.1755597398920252,10:00,1.1755597398920252,10:00,1.1740144456839465,10:00,1.0,10:00,1.0,14:30,1.0368922949212933,11:00,1.1755597398920252,1.0333903132710527,1.0190362920953777,1.0346586159529096,0.9630802645042021,0.9920934154166251,0.9622076630851513,0.9139716917440687,0.8490549588504367,0.8031809562006073,0.8053111396421759,3.301140914443313e-05,3.3500099272211194e-05,2.2377837025647133e-05,2.0214141180433412e-05,2.1771338639050634e-05,2.0101771513420895e-05,2.0024652399399372e-05,1.8693660912100356e-05,1.7736774023156585e-05,1.752198304630454e-05,1.418910152528879e-05,1.4317382984318247e-05,1.358077435492151e-05,1.4129893738302141e-05,1.561621070904696e-05,7.631639596509265e-06,1.2396184965609731e-05,7.598428285580608e-06,1.0227608520257626e-05,7.473662628075692e-06,7.904527116536908e-06,7.233101620167964e-06
2020-09-04,2020Q3,10:00,1.1752932802984362,10:00,1.1752932802984362,10:00,1.1752932802984362,10:00,1.1734650830734679,10:00,1.0,10:00,1.0,14:30,1.0373561953942063,11:00,1.1752932802984362,1.0334560777021888,1.0190997973391802,1.0346961232604406,0.9631298045250702,0.9920924736925489,0.9622066260015066,0.9146040846019017,0.8495224522785894,0.8035517574585356,0.8055207862249534,0.0001901758945644506,0.00046484588197171574,0.0002844865074933066,0.0003081958005979077,0.0002565097757753548,0.00030369511765716053,0.0002548572494989076,0.00026268956924192425,0.0001594885390020054,0.00018758129763443314,0.0001369921456971107,0.00017342684864598065,0.00013458602317180065,0.00017201457071446062,0.00011120169412370276,0.00015017144429133983,9.20992771179748e-05,0.00014041156202492373,7.218947126072736e-05,0.00013041855519915985,5.062494332240683e-05,5.091801982241431e-05
2020-09-08,2020Q3,10:00,1.1606792748603,10:00,1.1606792748603,10:00,1.1606792748603,10:00,1.1434561316212675,10:00,1.0,10:00,1.0,15:00,1.0354284364347877,11:00,1.1606792748603,1.031973430017997,1.016523694819854,1.0337788501354674,0.9619253265245508,0.9899262604379057,0.960109718900299,0.9127114306313031,0.8474080794569334,0.8007222331556548,0.8064845606245684,0.00021943192963648646,0.00011169243182540081,0.00018138817621462557,0.00010682136085491612,0.0001876049490370249,8.692358097435362e-05,0.00015195002168954364,8.449481515183021e-05,0.00012836514003942737,7.660246511190553e-05,9.933432014780984e-05,7.56185307625862e-05,8.352669808453095e-05,6.755724443174079e-05,6.996208461838002e-05,6.752002473694966e-05,5.4686676681909756e-05,6.666874033308292e-05,6.0341548334856054e-05,3.9596374351731835e-05,4.8657789412936765e-05,3.216918507167602e-05
2020-09-09,2020Q3,10:00,1.1643469162964686,10:00,1.1643469162964686,10:00,1.1643469162964686,10:00,1.1512141956049573,10:00,1.0,10:00,1.0,15:00,1.038439494861744,11:00,1.1643469162964686,1.035059926342864,1.0213285533944416,1.03725960419064,0.9650218715845712,0.9914314523949419,0.9613694028071377,0.9133119121191744,0.847268102306136,0.8031985254574525,0.8087553130676838,0.00010940721387457707,8.500864847428582e-05,9.222895314476284e-05,6.923255694837454e-05,8.805822708265185e-05,6.893229421992502e-05,7.446062419907691e-05,6.467430759081538e-05,6.30556783897188e-05,6.436555106396075e-05,5.4480558139217786e-05,6.337397102693709e-05,4.46180510938078e-05,6.0255424516569844e-05,3.807810001984252e-05,5.714786323792857e-05,3.1378650401531505e-05,5.355793483088399e-05,2.8024635972034676e-05,5.343623028231524e-05,1.9308849914307768e-05,4.943348060362626e-05
2020-09-11,2020Q3,10:00,1.1647713662724037,10:00,1.1647713662724037,10:00,1.1647713662724037,10:00,1.1521943539109551,10:00,1.0,10:00,1.0,15:00,1.0350403142552524,11:00,1.1647713662724037,1.035949528050813,1.0221804949870712,1.037655679517075,0.9650749968472444,0.990919957251235,0.9604747513490098,0.9122992326318694,0.8461893058183533,0.8019163783856705,0.8066989760112874,0.00015716820597696865,0.00011853975263846197,0.00012730868218472418,0.00010308853539630299,0.00010855223974035634,0.0001028860013235883,9.200511486711194e-05,0.0001028827979542039,8.527234566706434e-05,9.741201141138224e-05,6.586007880064069e-05,9.554315512827827e-05,8.597715758998119e-05,5.48442413722496e-05,0.0001000086241038314,3.568373641301023e-05,7.634730817671081e-05,3.528637781522758e-05,4.649290768306654e-05,2.6747145106771854e-05,3.3132757211073134e-05,1.4467023683569316e-05
2020-09-14,2020Q3,10:00,1.1655449423689932,10:00,1.1655449423689932,10:00,1.1655449423689932,10:00,1.15394387862322,10:00,1.0,10:00,1.0,15:00,1.0380736530708357,11:00,1.1655449423689932,1.0368328152571666,1.02234298508691,1.036867952886353,0.9645846724112584,0.9891651587069568,0.9627049377822345,0.9171261362113821,0.8497620232486303,0.8040671456125654,0.8088309819771158,6.9036362417022e-05,2.5536719891695423e-05,5.5509014569846353e-05,1.0438481925751674e-05,4.8616306401472896e-05,7.978896296268352e-06,4.154078937056638e-05,7.932695984082889e-06,3.2720874939961206e-05,7.932557023456406e-06,3.009327497837127e-05,7.90236948479798e-06,3.1073037635984754e-05,7.685784180421135e-06,2.6154783422674285e-05,1.8929644753503071e-06,2.0837613672760368e-05,1.7122181285174075e-06,1.646264569968503e-05,1.689549897622434e-06,1.3128714866530482e-05,1.4345630947333926e-06
2020-09-16,2020Q3,10:00,1.167134166652542,10:00,1.167134166652542,10:00,1.167134166652542,10:00,1.15733617884101,10:00,1.0,10:00,1.0,15:00,1.0398437112988665,11:00,1.167134166652542,1.0387560176947241,1.0242848733716776,1.0386462097388793,0.965990855626399,0.9905210941757432,0.9642895927441707,0.9188732537552959,0.8512514193138421,0.805364096956579,0.810019724366397,0.00010073077934249617,7.308429064207437e-05,9.145864741738604e-05,7.242963254090401e-05,8.580090594651878e-05,7.238627106396189e-05,7.253166547305809e-05,6.157056365422096e-05,7.06008063776867e-05,5.954023371309567e-05,6.859978741016284e-05,5.9457883228324506e-05,5.9248628622013634e-05,5.819820796078498e-05,5.725096028790059e-05,5.6320858893683914e-05,6.173660973870421e-05,5.468419447681662e-05,3.102577652252096e-05,4.341025469418304e-05,2.4658542697995938e-05,3.772356461312095e-05
2020-09-18,2020Q3,10:00,1.1677567950656573,10:00,1.1677567950656573,10:00,1.1677567950656573,10:00,1.1587270647842887,10:00,1.0,10:00,1.0,15:00,1.0386217625667682,11:00,1.1677567950656573,1.0394520090524215,1.0248424166894645,1.0391027630074194,0.9667224028238616,0.9911097216613973,0.96449820541938,0.9192651354219066,0.8524135023416807,0.8050274396051792,0.809436072814267,0.00011048558830179669,9.126582452455058e-05,7.400381911279234e-05,8.906085879167146e-05,7.786815688864923e-05,6.444655040247048e-05,7.459010091916658e-05,6.444632580471873e-05,6.259510298486854e-05,6.40086969343107e-05,6.176393864656829e-05,5.733759925986507e-05,6.825399489790694e-05,4.262599053657763e-05,7.101555913797742e-05,1.5052117656089221e-05,4.366401270761691e-05,8.692495801952436e-06,3.227498552936932e-05,8.639829390396687e-06,2.3873295197663646e-05,6.688507215051021e-06
2020-09-21,2020Q3,10:00,1.1679139473403992,10:00,1.1679139473403992,10:00,1.1679139473403992,10:00,1.1591360382761235,10:00,1.0,10:00,1.0,15:00,1.041378538150878,11:00,1.1679139473403992,1.0386582795099784,1.0254060597867656,1.0395069696446613,0.9667623139680692,0.9914080522457434,0.9663027788247598,0.923335390110433,0.8551858542860559,0.807191899037783,0.8112614696675269,0.00013640995296202831,0.00016476281022897069,0.00016697709952861228,0.00010232542722197918,0.00012183099528839904,0.00010231946787196298,0.00010221991478199667,0.00010191459300077645,7.783774461041598e-05,8.978863201130778e-05,6.423345634540799e-05,8.58158473820076e-05,6.469928089191833e-05,7.596119488864088e-05,5.069478035901586e-05,6.439898442809213e-05,4.813233072614544e-05,5.992250978185338e-05,4.006310869416577e-05,5.874022561496525e-05,2.900464225616272e-05,5.861027011164437e-05
2020-09-23,2020Q3,10:00,1.1656768312470784,10:00,1.1656768312470784,10:00,1.1656768312470784,10:00,1.15443636682875,10:00,1.0,10:00,1.0,14:30,1.0393853374986721,11:00,1.1656768312470784,1.0412411904727772,1.0262085611600793,1.0393107438570561,0.9662653117111594,0.9901547044880226,0.9657270915118855,0.9227141547262946,0.8549489250698956,0.8065665920360936,0.8094383096903245,7.02660600248708e-05,0.00010309577425076008,6.154788733485463e-05,0.00010236958370464908,6.054518673728444e-05,9.992240935748988e-05,5.949937639893941e-05,9.820909931678661e-05,5.8126076801169705e-05,8.684357039475054e-05,4.554307127623329e-05,8.564530309019721e-05,3.5897592227397506e-05,8.03793708411024e-05,3.641927529035864e-05,7.504340173993856e-05,4.021177851627284e-05,6.720459980473927e-05,4.617957315000005e-05,2.7659200318436806e-05,3.313916678699653e-05,1.1305401145262731e-05
2020-09-25,2020Q3,10:00,1.1636918324829615,10:00,1.1636918324829615,10:00,1.1636918324829615,10:00,1.1502293147542413,10:00,1.0,10:00,1.0,14:30,1.0422946100026493,11:00,1.1636918324829615,1.0393326804982805,1.0242251851353974,1.0370773827784057,0.9648427731186033,0.9878062769118936,0.9629812887875513,0.9204005252607611,0.8536429281262885,0.8085922138509546,0.8117941432749831,0.00010672581784853272,6.12603376527316e-05,0.00010604454478169305,5.850862216199906e-05,9.587711328746245e-05,5.41707031647689e-05,7.926855985615493e-05,4.9939533745465994e-05,7.573230132882806e-05,3.9247651044818315e-05,6.0808918872764564e-05,3.4364876576338396e-05,5.077574502751655e-05,3.0474826411991438e-05,4.100948995517235e-05,2.833007505065585e-05,3.235895549844853e-05,2.3119660226472482e-05,2.6698274650404532e-05,1.8717918239758627e-05,1.9394189341450837e-05,1.6977582281351703e-05
2020-09-28,2020Q3,10:00,1.1650978099062994,10:00,1.1650978099062994,10:00,1.1650978099062994,10:00,1.1533764093389003,10:00,1.0,10:00,1.0,14:30,1.0436685551375628,11:00,1.1650978099062994,1.0412445470986562,1.0261280375195563,1.0385151564487558,0.9669269843497309,0.9894098972284794,0.9643885858307176,0.9214510867141159,0.8545972382285589,0.8095718859220052,0.8123443595589657,6.976779759257445e-05,3.840318355072274e-05,5.700847344305585e-05,2.25477669733796e-05,5.072987712618071e-05,1.4389511786376506e-05,4.199074964450192e-05,1.0741347344942572e-05,3.666841074641584e-05,1.0685707100658654e-05,3.19572985835307e-05,1.0233726503024854e-05,3.0193538016271376e-05,4.935247320575755e-06,2.613458524025609e-05,4.928763921127117e-06,2.390710451747751e-05,3.584918959069501e-06,1.8127565809028805e-05,3.5162225491102484e-06,1.4783360335119367e-05,3.071180841097022e-06
2020-09-30,2020Q3,10:00,1.1660891315095052,10:00,1.1660891315095052,10:00,1.1660891315095052,10:00,1.1556042078148154,10:00,1.0,10:00,1.0,14:30,1.0456913129026548,11:00,1.1660891315095052,1.0426603930450582,1.0278210707537865,1.0401277490392644,0.9683757759765554,0.9907123831392607,0.9660583585138802,0.9229695118007776,0.8561725915738702,0.8108661606077769,0.8135488205649429,8.659014791701168e-05,7.193324413677616e-05,7.51989041636674e-05,6.647912505141651e-05,5.934773214687364e-05,6.644418754258064e-05,4.962401456671633e-05,5.909279608862714e-05,4.3985484757276e-05,5.909276099393511e-05,3.789908249073719e-05,5.607062992153221e-05,4.0948740239879574e-05,5.486826604702197e-05,3.670936810452858e-05,5.325670313808768e-05,3.221256175103801e-05,4.618962634478462e-05,3.5810486230338386e-05,3.921678281851155e-05,3.444132470216739e-05,3.419469730940919e-05
2020-10-02,2020Q4,10:00,1.1661961643971248,10:00,1.1661961643971248,10:00,1.1661961643971248,10:00,1.1559085392479294,10:00,1.0,10:00,1.0,14:30,1.0458791064464323,11:00,1.1661961643971248,1.0429081409611,1.0274012953884524,1.0395104663553154,0.9676498639731689,0.9896628547135957,0.9652696308164075,0.9220976441542503,0.8556202344346516,0.8112047559071489,0.814195735838,0.0001534473177775781,0.00012625736202933553,0.00013195987923885158,0.00011819459084993007,0.00010694519380286719,0.00011583403243096677,9.611726931946576e-05,0.00011530143952254177,0.00011672542659086264,7.969373662057318e-05,8.866325668721948e-05,3.1812641435184996e-05,7.075911300935786e-05,3.074200859907166e-05,5.4556557713580075e-05,3.0413253541479375e-05,5.207508817752128e-05,1.8727328182251315e-05,3.6294305169272876e-05,1.3224875390651571e-05,2.825033381157075e-05,1.3189767167966501e-05
2020-10-05,2020Q4,10:00,1.16644011397443,10:00,1.16644011397443,10:00,1.16644011397443,10:00,1.1565678666189656,10:00,1.0,10:00,1.0,14:30,1.0492612102855932,11:00,1.16644011397443,1.0432723980783847,1.0268382652637003,1.0382801841157068,0.9698123517008036,0.9930563679723053,0.9679518169838273,0.9239511118060152,0.8583317214445113,0.8133606055731787,0.8159041741310563,7.022571228292969e-05,3.453050159474615e-05,5.145450282623257e-05,2.4516688120316313e-05,4.922694620874715e-05,2.110625269392133e-05,3.960138458722465e-05,2.0114755590673963e-05,3.7941891801856654e-05,1.992988739047646e-05,3.1792793084607064e-05,1.9778799433299394e-05,2.6432510252909895e-05,1.9767557345982604e-05,2.495629884763995e-05,1.9525709269027798e-05,2.1051945121998125e-05,1.6259171669813762e-05,2.0112955516735504e-05,1.6114303096060926e-05,1.1654171525152638e-05,4.1420533300317566e-06
2020-10-07,2020Q4,10:00,1.1676156439644685,10:00,1.1676156439644685,10:00,1.1676156439644685,10:00,1.159249879677368,10:00,1.0,10:00,1.0,14:30,1.0500728256484975,11:00,1.1676156439644685,1.0443554921223066,1.02812308679923,1.0392491382600473,0.9708274547245997,0.9937766851650828,0.9684276772613556,0.9244339084659438,0.8588647824317653,0.8139505969972914,0.8167111409632638,6.0905855786050925e-05,1.4890131689300032e-05,5.7212327658639154e-05,1.3966148527728782e-05,4.682417067324481e-05,1.3739735591915877e-05,4.0001808011375845e-05,1.3738871484589926e-05,3.724209225644214e-05,1.3656026362393467e-05,4.102892639376448e-05,1.2645783119067264e-05,3.054103718920739e-05,1.0320409741682442e-05,2.6695967411067644e-05,9.925937207112641e-06,2.258017504833786e-05,6.984623334190981e-06,1.5827071436032006e-05,1.3548232894528423e-06,1.1311203772240657e-05,1.3471488212184311e-06
2020-10-09,2020Q4,10:00,1.1693229083971708,10:00,1.1693229083971708,10:00,1.1693229083971708,10:00,1.1631520581927608,10:00,1.0,10:00,1.0,14:30,1.0521351754309711,11:00,1.1693229083971708,1.0461386161704123,1.0296467811355423,1.0405798994417341,0.9721344836088455,0.9954626073218523,0.9697664066826162,0.9256562044635701,0.8601097087262074,0.8151903855917015,0.8177068121612437,3.485843105984644e-05,2.2309789120106844e-05,3.5853341685769255e-05,1.9627633800235236e-05,2.5419866584497752e-05,1.7465646997372524e-05,2.067071452445862e-05,1.621275096463596e-05,3.3781725103330725e-05,6.474034996392601e-06,2.6944169752412913e-05,6.055504479860276e-06,2.161191099117167e-05,6.012613826616044e-06,1.9997569786945346e-05,5.795284532866887e-06,1.4599516119708405e-05,4.698784966023054e-06,1.3974806667272935e-05,2.2574655327865094e-06,9.56106310882931e-06,2.257332598109237e-06
2020-10-12,2020Q4,10:00,1.1696666928026065,10:00,1.1696666928026065,10:00,1.1696666928026065,10:00,1.1639557658797475,10:00,1.0,10:00,1.0,14:30,1.0538495421038596,11:00,1.1696666928026065,1.046778948502759,1.0299930287590673,1.040776322349083,0.9736319148393272,0.9967011196529255,0.9707942390184336,0.9266766776172304,0.8609021273504641,0.81621192113666,0.8184589578376125,2.8941031759716682e-05,4.235276024193824e-05,2.1073695158241232e-05,3.762059571860759e-05,1.84652230546759e-05,3.5489354881672665e-05,2.165772930828012e-05,2.5928270799936606e-05,1.628273214683807e-05,2.588772434092745e-05,2.1655473512840356e-05,1.5159648815681806e-05,1.8613581367934004e-05,1.5157853821149444e-05,1.6664040039592344e-05,1.162126292440497e-05,1.187584617707929e-05,1.1354580278112382e-05,8.967924284160435e-06,8.147847528252572e-06,7.783395747934938e-06,6.247112027736228e-06
2020-10-14,2020Q4,10:00,1.1688607043742578,10:00,1.1688607043742578,10:00,1.1688607043742578,10:00,1.1621061944486484,10:00,1.0,10:00,1.0,14:30,1.0540957285546442,11:00,1.1688607043742578,1.0460149854973964,1.0291521952739977,1.0405012993844018,0.9731465468979923,0.9970883720537645,0.9710478955825548,0.927087437509301,0.86105965535007,0.8164068886040003,0.8187191317186646,4.029381168343542e-05,6.42044797077481e-05,4.7421625147426086e-05,4.459682859750119e-05,3.4851404193682114e-05,4.26276623278846e-05,3.3817494361302266e-05,3.98161882747629e-05,4.257388367883459e-05,9.851421153223984e-06,3.615029140012655e-05,9.136478802903425e-06,3.07477725870015e-05,9.012098280156268e-06,2.6552254696794043e-05,8.522567572329712e-06,2.106406705265731e-05,7.233941620543048e-06,1.7699331648074232e-05,7.1852923929259315e-06,1.2711205642428934e-05,7.140334744477128e-06
2020-10-16,2020Q4,10:00,1.167504246908734,10:00,1.167504246908734,10:00,1.167504246908734,10:00,1.1589719072734008,10:00,1.0,10:00,1.0,14:30,1.0557630636816893,11:00,1.167504246908734,1.0460471702284804,1.0287337852709233,1.0401092072095734,0.974940043209694,0.9986872222004367,0.9724782967341319,0.9283862873249406,0.862171539185006,0.8174017724963614,0.8193875447192747,4.476641464864061e-05,5.350926221981271e-05,4.126434595626693e-05,3.615777949681723e-05,3.216562651039763e-05,3.237421816647489e-05,3.270541669635619e-05,2.7226206764000662e-05,2.6530977660401185e-05,2.6238522555660705e-05,2.4883427238450363e-05,2.5678765910015085e-05,2.359032570218179e-05,2.5411285093190993e-05,1.7725281184150173e-05,2.4780493655944224e-05,1.575116792189726e-05,2.4774979821680795e-05,1.1954793114640797e-05,2.3821795324246756e-05,8.657776739656674e-06,2.3271957860167304e-05
2020-10-19,2020Q4,10:00,1.166814588292735,10:00,1.166300209462302,10:00,1.166814588292735,10:00,1.1573869459876436,13:30,1.0000649227869731,10:00,1.0,14:30,1.0543594172067658,11:00,1.166814588292735,1.0461903101214813,1.0286810317358848,1.040334894370437,0.9749916204506252,0.9986422567963705,0.9724054814728641,0.9280191840050799,0.8617519210004392,0.8167710241577072,0.8183762089933106,5.289034767671435e-05,9.196445266423585e-05,4.9646809762825436e-05,9.14683930155368e-05,5.1365249871973997e-05,8.064068164921536e-05,4.650725322378251e-05,7.599831342798601e-05,4.184512714888156e-05,7.590684666303053e-05,3.7413979366868015e-05,7.500230323134571e-05,2.9151303378799952e-05,7.442762341198001e-05,2.582156588464051e-05,7.349506163630344e-05,2.5412788219162076e-05,6.540267174769266e-05,1.863226477307437e-05,6.519662873155149e-05,2.2103551300199595e-05,1.0241243736153695e-06
2020-10-21,2020Q4,10:00,1.1647026393802802,10:00,1.1637866426067986,10:00,1.1647026393802802,10:00,1.1524543625891701,13:30,1.000037868254332,10:00,1.0,15:00,1.0551439552815234,11:00,1.1647026393802802,1.0442824442190148,1.0272232207554985,1.0386666373553415,0.9732525608912288,0.9964388663376947,0.9696129242474345,0.9250877036702491,0.859447965357585,0.8138820795064386,0.8204417552698625,7.244375478550279e-05,7.627499855677726e-05,5.9979774537139974e-05,7.51749586597538e-05,5.506476066154342e-05,6.670895512521377e-05,5.157206766105855e-05,6.0226901138809605e-05,4.230946164051725e-05,6.0225247696090276e-05,4.765889568535257e-05,5.534317824751656e-05,5.918379848848587e-05,4.46818210819201e-05,3.949889925947692e-05,3.973820154669437e-05,3.349893601183724e-05,3.968427078431901e-05,2.527916374096237e-05,3.2300867499542096e-05,2.0161472609666458e-05,3.0363083043370222e-05
2020-10-23,2020Q4,10:00,1.1640682391429793,10:00,1.1638812878834301,10:00,1.1640682391429793,10:00,1.151024693991332,15:00,1.0013106763241784,10:00,1.0,15:00,1.0538603899167143,11:00,1.1640682391429793,1.0435173098235817,1.026603932979806,1.0381055471627831,0.9723738238000035,0.996000208842056,0.970634653255795,0.9252765319447229,0.8594028631133677,0.8137980261126184,0.8199817687828508,6.0558259120472636e-05,2.234134832325031e-05,5.416042632099203e-05,2.090225493834026e-05,4.843832425979732e-05,2.0648861482298075e-05,4.579601538602863e-05,1.989959580796559e-05,3.9357050149849256e-05,1.901820737568658e-05,3.94643857392165e-05,1.6930977218894552e-05,3.171989233183917e-05,1.666976428159726e-05,2.4094463939677762e-05,6.750337683806127e-06,2.1501427959915034e-05,6.745893589049082e-06,1.444324074939272e-05,4.627446532986265e-06,1.0150331501276499e-05,4.012961894639643e-06
2020-10-26,2020Q4,10:00,1.1654041284476375,10:00,1.1651052884040103,10:00,1.1654041284476375,10:00,1.154275713302087,13:30,1.0011431667989696,10:00,1.0,15:00,1.0550731844670342,11:00,1.1654041284476375,1.0448523072753815,1.0278560265084236,1.0393884080040579,0.9734971299757967,0.997323044152619,0.9716346874685334,0.9265070868198636,0.8605679321153344,0.8146863312086984,0.8206458526781653,5.936843849318445e-05,0.00010904471711901957,5.933771030672765e-05,0.00010099497646828659,7.090769930683164e-05,6.865311889900801e-05,7.08150562399264e-05,6.054890835859638e-05,6.68954030850659e-05,6.048771459100939e-05,5.853518698785249e-05,6.048139938116539e-05,6.467813753887892e-05,4.796376204375628e-05,5.7043255521280434e-05,3.3705010961437585e-05,4.270043682540546e-05,2.113414517996737e-05,3.416492965036501e-05,8.694099365173165e-06,2.3880607314945615e-05,7.3856799233431445e-06
2020-10-28,2020Q4,10:00,1.162797087350285,10:00,1.1624050051593775,10:00,1.162797087350285,10:00,1.1480662164676467,13:30,1.0011812211645126,10:00,1.0,15:00,1.0583044906430936,11:00,1.162797087350285,1.042954115811803,1.0278717052286006,1.0397893672400542,0.9739270212707659,0.9972189777834133,0.9727942946582373,0.9282827801509776,0.8623836943661011,0.8169377766841805,0.8223697050416262,0.00014776238477339583,0.0001584630891099854,0.00018368843500552915,9.730658492934401e-05,0.00016669005463142419,9.714851961266323e-05,0.000136259205459742,9.632376715681692e-05,9.318929001031827e-05,7.807074634790757e-05,8.83189119378629e-05,7.705446438245528e-05,7.740942927489584e-05,6.871668570102324e-05,7.326498020655366e-05,6.832866917915592e-05,5.3512216595732335e-05,6.543661107994626e-05,4.648834636510634e-05,6.519804274906101e-05,3.502034120680548e-05,6.500724629154706e-05
2020-10-30,2020Q4,10:00,1.161400379917355,10:00,1.161184713660537,10:00,1.161400379917355,10:00,1.1448883602654811,13:30,1.0015644663090746,10:00,1.0,15:00,1.0539041827242375,11:00,1.161400379917355,1.0463189902068193,1.0309204909064704,1.041617148250033,0.9748437381362547,0.9978854587331983,0.9734689478884128,0.9289562239576326,0.8621684991716626,0.8163776266964198,0.8205970156807082,0.00015196317318054499,0.00023182136316735028,0.0001828992160160286,0.00015966986012389437,0.0001805054359222343,0.00012240686889869673,0.0001670293345351943,0.00011408632744452744,0.00012701188085767977,0.00011097179230097043,9.629722576255347e-05,8.37786744884801e-05,9.604815521378156e-05,6.258562925826558e-05,8.315333692010066e-05,6.213322393764815e-05,7.355580641378916e-05,6.110455666561553e-05,7.410088813066393e-05,5.715002488786445e-05,5.543182379587514e-05,5.693062900601699e-05
2020-11-02,2020Q4,10:00,1.1569519900829348,10:00,1.156597388069744,10:00,1.1569519900829348,10:00,1.134446663775393,13:30,1.0014009947273663,10:00,1.0,14:30,1.0555177632753736,11:00,1.1569519900829348,1.0469629168692103,1.0333843817178963,1.044043115129721,0.9758441755966447,0.998619031112648,0.9757034655491565,0.9306901483855371,0.8637003000170157,0.8186362699622938,0.8214302420255482,0.00011745596979326153,9.332360366953816e-05,0.00010487522930990753,8.662786958389507e-05,9.677769597233522e-05,6.803972331285863e-05,8.089330085321903e-05,6.796248546746783e-05,6.871388407434641e-05,6.756413755775534e-05,6.471505030459222e-05,6.735375052879276e-05,6.387527088891153e-05,4.8233502360071575e-05,6.436023297852398e-05,3.857282457049885e-05,6.129539122866553e-05,3.139666598373393e-05,4.141917060289391e-05,5.088340518550344e-06,3.167896227985233e-05,3.857817049798546e-06
2020-11-04,2020Q4,10:00,1.1573105029496469,10:00,1.1570720013468734,10:00,1.1573105029496469,10:00,1.1355155000271036,13:30,1.001374048510033,10:00,1.0,14:30,1.0613233921260283,11:00,1.1573105029496469,1.0475375314746622,1.0345813163093276,1.044541629719027,0.9759914312243038,0.9984725086432368,0.9767698759010284,0.9326253151210049,0.8662027053983951,0.8217008674976497,0.8241551206587185,0.00020854157005535413,0.00011028411268612745,0.00015112906366404684,4.7958507802097766e-05,0.00011648518133948205,4.407856107103838e-05,0.00011380047232453764,4.3574413405964436e-05,9.873069086556278e-05,3.346370128246513e-05,8.35774109448003e-05,2.9718847376421814e-05,7.57889295871731e-05,2.6821678178759464e-05,6.657402758931327e-05,2.4919187770532267e-05,5.8327420571684804e-05,2.3367813851412754e-05,4.884201836403792e-05,2.334783185937599e-05,3.624175732863644e-05,2.061113194351197e-05
2020-11-06,2020Q4,10:00,1.160355968455494,10:00,1.1602065484823443,10:00,1.160355968455494,10:00,1.143207609904028,13:30,1.0014680162427163,10:00,1.0,14:30,1.0657042777818109,11:00,1.160355968455494,1.0516182547840989,1.0377805565122515,1.0479596714262385,0.979482690948441,1.0015697687767622,0.9799098093371579,0.9355667630047652,0.8689864842644502,0.8241358705119917,0.8259918195647385,0.0001221223056143707,5.1318057508857714e-05,8.680481527373802e-05,2.991284051879017e-05,7.648643611113485e-05,2.1487145424117057e-05,6.123765345378414e-05,1.082723926728723e-05,5.27397235080139e-05,9.507927242313556e-06,4.596474057340339e-05,6.80209303152837e-06,3.72488178368357e-05,6.060259390924935e-06,3.320088669904987e-05,3.3499348263829743e-06,2.6523268267312705e-05,2.902370838150132e-06,2.2981950619867548e-05,2.8945740934670727e-06,1.5829634118520666e-05,6.217813826349695e-07
2020-11-09,2020Q4,10:00,1.1627068045463245,10:00,1.1648947619189496,10:00,1.1627068045463245,10:00,1.1491029102893635,13:00,1.0023565616448418,10:00,1.0,14:30,1.0689620704210478,11:00,1.1627068045463245,1.05385420496431,1.0402239138151446,1.0504556395015534,0.9817762800165248,1.003818517506518,0.981891538339621,0.9376072001141843,0.8707403948946204,0.8258265440604206,0.8274527034004169,0.0001549336400041322,0.00018435683666801953,0.00010675629754350099,0.00017559876922164467,0.00010493333476938835,0.00016546214176750934,7.895633098843048e-05,0.00016541053262701978,7.03871857470175e-05,0.0001611778094498931,5.937506249192667e-05,0.00014782375778641781,5.119157072717503e-05,0.00014580617258132294,4.35156827700727e-05,0.00014580589972976377,4.0063105125020945e-05,0.0001447998938291728,3.552660066377227e-05,0.00012678812159652315,2.8971348094834225e-05,0.00012677386161705383
2020-11-11,2020Q4,10:00,1.1604898799999797,10:00,1.1611780003503678,10:00,1.1604898799999797,10:00,1.1438480642148248,13:00,1.0015005002113153,10:00,1.0,14:30,1.0561561043829608,11:00,1.1604898799999797,1.0507133479177508,1.0372169526941595,1.0457518783734316,0.9771754719432101,0.9987489635500681,0.9761234254338669,0.9313447679339688,0.8645202049148302,0.8202064734954633,0.8202970205459547,6.244917641497098e-05,2.3108444567566008e-05,4.9719522372322145e-05,2.0749699077823483e-05,3.7286381934002466e-05,2.0602047556668636e-05,3.360372137976423e-05,1.761286019666128e-05,2.900012939428247e-05,1.6908026663348986e-05,2.64641515289092e-05,1.6903135751285566e-05,2.020375977218093e-05,1.6571282392835757e-05,1.697528613665136e-05,1.651613324318142e-05,1.5495387533886078e-05,1.5783181990788973e-05,1.4235873805224487e-05,1.4285205158595356e-05,1.4733339802467742e-05,1.197475486301234e-05
2020-11-13,2020Q4,10:00,1.1618181610566403,10:00,1.1614764665171022,10:00,1.1618181610566403,10:00,1.1472031729755814,13:00,1.0010223527087867,10:00,1.0,14:30,1.0563870946852645,11:00,1.1618181610566403,1.0518322873696173,1.0379287179090146,1.0465046669967593,0.9778283574563917,0.999294170205975,0.9763757857865805,0.9314517013568732,0.8646538643733135,0.8204108850279083,0.8207592774836527,4.221710351897099e-05,1.734655474340455e-05,3.8560677940110656e-05,1.706549238272564e-05,3.772039305547234e-05,1.3374728406969555e-05,3.2364072693299246e-05,1.1525701371752349e-05,2.5076897343479418e-05,8.559369525849456e-06,2.2000698795574397e-05,8.532013340127455e-06,1.8886342225381136e-05,6.7540184885525e-06,1.8570855157848316e-05,6.511384295625805e-06,1.6172058697149128e-05,5.8108797872863185e-06,1.3950004047518338e-05,2.148806341020339e-06,1.0170604193588487e-05,9.002521659246214e-07
2020-11-16,2020Q4,10:00,1.1626401082443618,10:00,1.1637119698245815,10:00,1.1626401082443618,10:00,1.1493016791097623,10:00,1.0009219203540451,10:00,1.0,14:30,1.0583549535337782,11:00,1.1626401082443618,1.0526578006474374,1.0389940291903736,1.0475105693592188,0.9787021397398438,1.0000604832197022,0.977145537959954,0.9322907754923425,0.865458705597143,0.8213996480449098,0.821647072996368,5.458668129276998e-05,3.718431150340356e-05,3.809760210133283e-05,2.8888533077158084e-05,2.715369618388656e-05,2.6787651886832776e-05,2.405783918547851e-05,2.6770119416897943e-05,2.14876143934086e-05,2.6356817322682037e-05,2.154015047456132e-05,2.370019249983444e-05,2.0736213253704222e-05,2.362064032396299e-05,2.3767193820260827e-05,1.6612090352447783e-05,1.6809829406849307e-05,1.5036244114735377e-05,1.222201083934592e-05,1.3639512055816107e-05,1.0501648169656231e-05,1.356450175138627e-05
2020-11-18,2020Q4,10:00,1.1630625269428216,10:00,1.1642824740763056,10:00,1.1630625269428216,10:00,1.1504243750053007,10:00,1.0010489093279367,10:00,1.0,14:30,1.0583471318340887,11:00,1.1630625269428216,1.0529653649497717,1.0389637433827177,1.0473134322418256,0.9784771513354434,0.999937724542452,0.9769989300090808,0.9328456942193561,0.8657325147743944,0.8214821912379541,0.821586570390828,3.944310509432145e-05,6.976492137937395e-05,2.628538409094951e-05,6.774826346095798e-05,2.3483917596584282e-05,6.774814228683687e-05,1.9355100638911403e-05,6.767613622260092e-05,1.6114081462212e-05,6.767521320784197e-05,1.4234245683979877e-05,6.76186606303661e-05,1.5001125775348286e-05,6.671235636020145e-05,1.4923364776786304e-05,6.412087950104879e-05,1.4685421455766475e-05,6.285809122899872e-05,1.5460774576801954e-05,5.832600933186807e-05,1.044601252841479e-05,5.6822443044926666e-05
2020-11-20,2020Q4,10:00,1.1615152958699662,10:00,1.162290300343489,10:00,1.1615152958699662,10:00,1.1465407576505704,10:00,1.0006672357017412,10:00,1.0,14:30,1.052197775796576,11:00,1.1615152958699662,1.0511678972513414,1.036876474982852,1.044772559674928,0.9758695351942249,0.9969176513068494,0.9738743946656679,0.9298499375469318,0.862879914392082,0.8188645001502326,0.8181979324959796,5.1372348358967434e-05,1.3422678779084241e-05,4.297683121762118e-05,1.2808600288949794e-05,3.720051854834466e-05,1.2786582772319144e-05,2.9134245827781626e-05,1.1325884752035318e-05,2.8317070394342323e-05,9.831124805358981e-06,2.6627482031772856e-05,9.788222727093318e-06,2.3112230737114526e-05,9.782511103476537e-06,1.8186414027107152e-05,8.995983490968352e-06,1.7049614892787785e-05,8.950801810281416e-06,1.527908004119599e-05,8.877172382060185e-06,1.293527384275917e-05,8.538357746040091e-06
2020-11-23,2020Q4,10:00,1.1628423423819587,10:00,1.1631823682148619,10:00,1.1628423423819587,10:00,1.1499978887261009,10:00,1.0002924092291021,10:00,1.0,14:30,1.0534494588766883,11:00,1.1628423423819587,1.052344809174834,1.0379413282361813,1.045625300510061,0.9768434561002324,0.9978715389338831,0.9747198433490896,0.9305049647839327,0.8635490502077867,0.8195101225325367,0.8187537944031819,3.595420058866248e-05,7.150478075392488e-05,4.665000040828351e-05,4.013911519463121e-05,3.144097761561239e-05,3.2400480031298255e-05,4.1545888056801804e-05,1.5116871903386446e-05,2.719503672105028e-05,1.4993612170208736e-05,2.2531270154698862e-05,1.4265436050620651e-05,1.8463439353448665e-05,1.155742660067612e-05,1.662657610888166e-05,1.1548363472969064e-05,1.323850129017403e-05,1.1440981278651599e-05,1.169521530738047e-05,1.0877279089614755e-05,9.566395751921002e-06,6.305463668998144e-07
2020-11-25,2020Q4,10:00,1.1610966522878767,10:00,1.1610924694144595,10:00,1.1610966522878767,10:00,1.1455336094938449,10:00,0.999996397480426,10:00,1.0,14:30,1.0537952846869416,11:00,1.1610966522878767,1.0525203824028404,1.0378441192377748,1.0468929884642348,0.9774956875526112,0.9983402721288149,0.9751674835181893,0.9308968700903086,0.8637898303887928,0.8197340979498693,0.8195993403657972,3.6537161627272803e-05,7.862594283837778e-06,2.955132742072115e-05,7.626744962566436e-06,2.356959929940258e-05,7.617935346733102e-06,2.0409477913837042e-05,7.56163777917497e-06,1.790625899158611e-05,7.56071489377762e-06,1.568441535280754e-05,7.55242069513541e-06,1.3454156696442318e-05,5.22768756095965e-06,1.1757320939688348e-05,4.4787225019039334e-06,1.0869305315029364e-05,3.605803528755816e-06,8.066685039352701e-06,2.88521319622695e-06,6.813955323745538e-06,2.8014164949033453e-06
2020-11-30,2020Q4,10:00,1.1621101549866575,10:00,1.1619303415701951,10:00,1.1621101549866575,10:00,1.1482167929149178,10:00,0.9998452699034677,10:00,1.0,14:30,1.0547531594797477,11:00,1.1621101549866575,1.0533770846755997,1.0385395193929026,1.0475080652859374,0.9780420399575774,0.998800239850031,0.9756869745876954,0.9314024038891384,0.8643456137210866,0.8201931544758789,0.8200213348274665,3.3159341565521274e-05,3.135829317603173e-05,3.6206325594732415e-05,2.3877366064860104e-05,3.689307884710845e-05,2.292813150096234e-05,4.150109435376431e-05,1.8594105287454718e-05,3.054379015573457e-05,1.8301396300422213e-05,2.6378705426368744e-05,1.5444138098299536e-05,2.213497621552947e-05,1.4237230225433652e-05,2.0324470042926216e-05,1.4008189513781074e-05,1.8164861096171626e-05,1.3917219638505728e-05,1.4504920941277626e-05,1.323743889934886e-05,1.2676971834543771e-05,9.080273863510296e-06
2020-12-02,2020Q4,10:00,1.1619889156904726,10:00,1.161564419007742,10:00,1.1619889156904726,10:00,1.14793713231075,10:00,0.9996346809534941,10:00,1.0,14:30,1.0552301852839145,11:00,1.1619889156904726,1.0538166579486323,1.0391196942438718,1.048591356320258,0.9786983596902898,0.9994182841873276,0.9761990254374939,0.9318867739689269,0.8647849181233966,0.8204865296530941,0.8205095162574985,3.126780353991162e-05,9.732816378609868e-06,2.5345095936775087e-05,9.235335983940041e-06,2.218280630118898e-05,9.232043634809281e-06,1.917062424159355e-05,8.379618827928103e-06,1.5548250903666832e-05,7.954006696804183e-06,1.3583159977082248e-05,7.858886311210818e-06,1.1950081616023509e-05,7.782866993338163e-06,1.0429663536736564e-05,7.78274749671856e-06,1.0241190681317711e-05,6.710932018896927e-06,1.1063876641404087e-05,2.606991813910768e-06,7.71933448874706e-06,2.052881597944081e-06
2020-12-04,2020Q4,10:00,1.1627258258345454,10:00,1.162887244545015,10:00,1.1627258258345454,10:00,1.1499311431264754,10:00,1.0001388278361785,10:00,1.0,14:30,1.056795365213323,11:00,1.1627258258345454,1.0544372607573593,1.0396778329491325,1.0491019024574755,0.9791011791417882,0.9997413992950308,0.9764692376168504,0.932098126801653,0.8651025013451082,0.8212041910842252,0.8210726209106455,2.5558145649532262e-05,1.2301661351528862e-05,2.4398658703757086e-05,1.2159265220723059e-05,2.015437301225323e-05,8.689440009021041e-06,1.6239676641384177e-05,8.670349464789373e-06,1.402580757594308e-05,8.659743896722594e-06,1.252093279090169e-05,8.659481331551357e-06,1.0842126927828786e-05,8.658749592428902e-06,1.0514885034654202e-05,8.528866650563375e-06,9.522809691334244e-06,8.414072038954098e-06,7.492116269851839e-06,8.272043779924772e-06,5.965971908067735e-06,6.074679238217875e-06
2020-12-07,2020Q4,10:00,1.1631411865835684,10:00,1.1630422037669341,10:00,1.1631411865835684,10:00,1.1510746634869364,10:00,0.9999149004284468,10:00,1.0,14:30,1.0568123553095745,11:00,1.1631411865835684,1.0548972403003984,1.0401706361252652,1.0494529850614982,0.9793888589066322,0.9999592106281942,0.9766173571472956,0.9322686773195641,0.8652629808705162,0.8212603676381879,0.8211638445178974,1.9555801613382713e-05,3.9457063416702066e-06,1.642422430425495e-05,3.9056127455979505e-06,1.4762485220674255e-05,3.892697687969579e-06,1.1858573833818159e-05,3.7450690089033625e-06,1.1617340696072619e-05,3.738031824191848e-06,1.1404060579252228e-05,3.3867382379309923e-06,1.04272609944412e-05,2.607116591262158e-06,9.471372136550943e-06,1.8451911379066095e-06,8.590532790477277e-06,1.6472477155685917e-06,6.539421131146998e-06,1.644858002286998e-06,4.8407876469952245e-06,1.6257088822969204e-06
2020-12-09,2020Q4,10:00,1.1636934494269346,10:00,1.1624206827844832,10:00,1.1636934494269346,10:00,1.1525951412653541,10:00,0.998906269822969,10:00,1.0,14:30,1.0577477867027612,11:00,1.1636934494269346,1.0553860172966862,1.040645332258116,1.0498425613720541,0.9798014100199968,1.0004110998964049,0.9771062955970495,0.9327839706833184,0.8657753929192213,0.821677254778657,0.8214907289004412,1.356630866834133e-05,6.720063047339527e-05,1.5901968337476558e-05,6.466787122371341e-05,1.556339555677488e-05,6.343562817252377e-05,1.589530847302825e-05,6.244023200357085e-05,1.3669789520258049e-05,6.228431218073665e-05,1.453784002507879e-05,6.122174028691311e-05,1.73810439241277e-05,5.683432197200811e-05,2.208025882227978e-05,4.821063014810424e-05,2.402241721917608e-05,3.237073832587923e-05,1.3604636958609431e-05,1.6660638767700077e-05,1.1078353958709239e-05,1.3847414544432738e-05
2020-12-11,2020Q4,10:00,1.1613143178534087,10:00,1.1591972950752318,10:00,1.1613143178534087,10:00,1.1460982032570481,10:00,0.9981770458302022,10:00,1.0,14:30,1.057502724410523,11:00,1.1613143178534087,1.0533118691734695,1.0384162039710743,1.0474100021753137,0.9773537975992846,0.9977874831912851,0.9747476797336323,0.9312671260950683,0.8654897582891378,0.8216704319034626,0.8214630564277203,3.451718673949147e-05,1.985806093593238e-05,3.0068132547582835e-05,1.8724508520031635e-05,2.4785279811359335e-05,1.6658906003445656e-05,2.6478406105082186e-05,1.5320852161756472e-05,2.4942018180772598e-05,1.4992049557028457e-05,2.710847891822334e-05,1.236632915576368e-05,2.0088119592863815e-05,1.019897121912547e-05,1.6929736123867435e-05,9.30306987237791e-06,1.5874211361010224e-05,1.3179970981402328e-06,1.0677484099171334e-05,1.3165338657547192e-06,9.247324069956295e-06,1.2788526268909565e-06
2020-12-14,2020Q4,10:00,1.1617356832826227,10:00,1.1610592239597088,10:00,1.1617356832826227,10:00,1.147304644221751,11:30,1.0023696350645004,10:00,1.0,14:30,1.0593038156979824,11:00,1.1617356832826227,1.053721476382179,1.0387467427041799,1.0479206131558734,0.9778851962627113,0.9986165007369469,0.9753745668382742,0.9318145589783733,0.8665408727500248,0.8224403106389235,0.8222262543674133,1.5599151990798342e-05,4.155879531599216e-05,1.3182115748197954e-05,4.154982252830324e-05,2.0283163946051768e-05,2.425288848696121e-05,2.2609336687977293e-05,2.366543648321053e-05,2.3285974479946218e-05,2.363323794691471e-05,1.972009864372313e-05,2.298480732299783e-05,1.9856292601453772e-05,2.0049240471793564e-05,1.7937016855792926e-05,1.9769383288822247e-05,1.521108861986059e-05,1.9453881924890113e-05,1.2644715000499579e-05,1.8802218071315502e-05,8.796977789330245e-06,1.8698614151895473e-05
2020-12-16,2020Q4,10:00,1.160535437172898,10:00,1.155671225345499,10:00,1.160535437172898,10:00,1.1439907383416226,13:00,1.0211879640772763,10:00,1.0,14:30,1.0584936471136726,11:00,1.160535437172898,1.052511920372916,1.0385302133305574,1.0478135279114897,0.9778942427429103,0.9984352702786928,0.9753931263450325,0.9317825220667125,0.8664235715993587,0.8222144799986275,0.8216148909057296,5.693039761330697e-05,2.3335724944818933e-05,4.6119553656462775e-05,2.1311876364747277e-05,4.688788411850784e-05,2.0873154121011954e-05,4.0904488439192467e-05,1.934092291394727e-05,3.6662677915674824e-05,1.9340805947903438e-05,3.8813290909625974e-05,1.8768430868028516e-05,3.387630469535998e-05,1.871057804700552e-05,3.4520032181176955e-05,1.799906139802957e-05,2.9251632462155447e-05,1.7867772342233856e-05,2.4648164313220736e-05,1.6271412663052987e-05,1.0848924971971186e-05,3.1587633287579447e-06
2020-12-18,2020Q4,10:00,1.161630710334272,10:00,1.1713460907243416,10:00,1.161630710334272,10:00,1.1471407397194844,15:00,1.053269087978613,10:00,1.0,14:30,1.0604433758465401,11:00,1.161630710334272,1.0534474979729702,1.0396410902893032,1.0488216833506225,0.9788088785707728,0.9995594088055889,0.9763562399540273,0.9329550283643202,0.8674033804103817,0.8231161165551573,0.8223818207627149,0.000103486843539845,4.904110192696593e-05,0.00011129512012438556,4.409047236604574e-05,7.07741204669787e-05,4.38019445967768e-05,6.53492488299427e-05,4.109665477912875e-05,5.7752232209646014e-05,4.0846704708448796e-05,4.980146603914944e-05,3.935075281767165e-05,5.00611355024135e-05,3.913021552317854e-05,5.0449211287043137e-05,3.8429233766809235e-05,5.0325319383902006e-05,3.799078180702945e-05,4.497821317699428e-05,3.636025534479883e-05,4.060656445891353e-05,3.5833551529819753e-05
2020-12-21,2020Q4,10:00,1.1633346406887441,10:00,1.1708034176717639,10:00,1.1633346406887441,10:00,1.1520902691114134,15:00,1.0522180599408184,10:00,1.0,14:30,1.0628268753007613,11:00,1.1633346406887441,1.0560042178432132,1.0407509415449019,1.0499061782139918,0.9797227091259252,1.000144321235139,0.9770852303774041,0.9339168448181273,0.8686361060730884,0.8243166785550368,0.823413304095006,0.00011379221165386319,6.90329110076108e-05,0.00011271058978578595,3.676130979101912e-05,7.672520711554407e-05,3.417958004212917e-05,5.458815351361599e-05,2.443719325280493e-05,4.476037637835174e-05,2.0523887967994923e-05,3.5731609628230554e-05,8.524492374208986e-06,3.469147952373821e-05,5.198337155768485e-06,2.9585268283868413e-05,3.90291907287066e-06,2.289570332900701e-05,2.8110459982666884e-06,1.782874600036376e-05,2.0527387027012254e-06,1.1636445499622161e-05,1.1515990101534704e-06
2020-12-23,2020Q4,10:00,1.1645580114462575,10:00,1.1806085894782685,10:00,1.1645580114462575,10:00,1.155693973943507,15:00,1.067447816657882,10:00,1.0,14:30,1.0659682592534776,11:00,1.1645580114462575,1.058913228438187,1.0425580914654347,1.0513148966943073,0.9809890675108088,1.0016637526676189,0.9789054028860568,0.9356257079696403,0.8700872384499913,0.8256037553801089,0.824403052881915,2.4338779077490837e-05,1.6202728600160942e-05,1.9565747862927852e-05,1.4815816511005767e-05,1.5167226617533245e-05,1.4044999195658088e-05,1.2886640296034346e-05,1.403447600803203e-05,1.0283691952643468e-05,1.341318839051417e-05,8.762947836905588e-06,1.3413007775348433e-05,8.54816105527067e-06,1.2993900132781824e-05,7.432429240751086e-06,1.281011373301341e-05,6.734871518703294e-06,1.2755090982280136e-05,5.205155667407792e-06,1.1853538207306987e-05,4.677200914041561e-06,1.1687407496017556e-05
2020-12-28,2020Q4,10:00,1.1647577373004643,10:00,1.1497239775038566,10:00,1.1647577373004643,10:00,1.1562899327488334,13:00,1.047610399665446,10:00,1.0,14:30,1.064861968605417,11:00,1.1647577373004643,1.0590657772000698,1.0425811096982438,1.051224002076076,0.9808415118220385,1.0014029987890214,0.9786491900611801,0.9353260207559186,0.8697779671154402,0.8252387011567897,0.823944434785901,1.767138501247354e-05,4.08520071569222e-06,1.4352681076597559e-05,1.8489843127124405e-06,1.1355568346572684e-05,1.7164231590111176e-06,1.021059148914169e-05,1.5212698183403865e-06,8.424529670835303e-06,1.4909711756522037e-06,6.1693687276144296e-06,1.2909846902066982e-06,5.742618198160716e-06,1.28915170802822e-06,5.063873973817889e-06,1.2793339478486258e-06,4.366280662096586e-06,1.0649599077838372e-06,4.132126502191765e-06,8.532549707798647e-07,3.2748593461993986e-06,8.44488459150564e-07
2020-12-30,2020Q4,10:00,1.1652291835145039,10:00,1.126643523695842,10:00,1.1652291835145039,10:00,1.1576791568569285,13:00,1.016325153183253,10:00,1.0,14:30,1.0655414034057615,11:00,1.1652291835145039,1.0595534184066173,1.0430008953196293,1.0516429881658078,0.9811988687715689,1.0016751287927192,0.9789243808737305,0.9355805487286946,0.8700217837934061,0.825511844530428,0.8241829828809624,1.541937087005249e-05,1.8981211428252698e-06,1.2692543117241296e-05,1.7660738334159003e-06,1.1584282196273606e-05,1.7203415652314149e-06,1.070282298545678e-05,1.3929141251372527e-06,9.209880189520171e-06,1.3808938743248808e-06,8.239776074607581e-06,1.3438232031660523e-06,8.295730816465649e-06,8.451725949917589e-07,6.809292663671366e-06,8.420085592934924e-07,5.9250003747213315e-06,8.416594192335702e-07,5.622822521736718e-06,1.2133488550707109e-07,3.7033114673643385e-06,1.2774260463265732e-08
2020-12-31,2020Q4,10:00,1.165711348567636,10:00,1.2165120718459452,10:00,1.165711348567636,10:00,1.1591132056453881,15:00,1.2026760992145802,10:00,1.0,14:30,1.0666740522907048,11:00,1.165711348567636,1.0599791353268535,1.0434304741561848,1.0520924298703294,0.9816020247418469,1.0020597928810056,0.9793830116503252,0.9359768381037177,0.8703898070361936,0.8259518879009811,0.824524545123171,1.876322763235061e-05,1.5655330157497067e-05,1.7055932131462334e-05,1.5162628342324282e-05,1.5646979217577293e-05,1.5009670706839251e-05,1.3783644168376211e-05,1.4892005697136802e-05,1.4239912981971256e-05,1.405102291784577e-05,1.1269359403341515e-05,1.2556292540896363e-05,1.0239843355338106e-05,1.248736196305465e-05,9.612721061141352e-06,1.2435493950983525e-05,9.162238811498105e-06,1.234218541267678e-05,1.110314092126486e-05,8.788921733988415e-06,1.038004325930328e-05,7.918094472026653e-06
2021-01-04,2021Q1,10:00,1.1657300887843174,10:00,1.1829339980074698,10:00,1.1657300887843174,10:00,1.1591807417215128,15:00,1.254227115298498,10:00,1.0,14:30,1.0673233304383138,11:00,1.1657300887843174,1.06001781805868,1.0434298353136955,1.0520008307819197,0.9816249710625631,1.0019865909755925,0.9792608957901738,0.9358435714576678,0.8702779067074062,0.8262579551956384,0.8248805160029515,3.690428662652409e-05,0.00013091759530973413,3.7705233834666134e-05,0.00012391051840592864,5.915665554958589e-05,7.929433025941814e-05,6.025741880190569e-05,7.208240000900544e-05,7.685523244767064e-05,4.1429651167135775e-05,6.547572000417108e-05,3.977157486483131e-05,5.142229225086126e-05,3.9383812988951366e-05,3.633662135943615e-05,1.739501807826322e-05,2.736296965542209e-05,1.4453832600183316e-05,2.3068295715009175e-05,9.495317304980869e-06,1.917752976299575e-05,9.201994335890213e-06
2021-01-06,2021Q1,10:00,1.161528385848346,10:00,1.2638826266311094,10:00,1.161528385848346,10:00,1.1466500875678975,14:30,1.4431665612459457,10:00,1.0,14:30,1.0703611826656805,11:00,1.161528385848346,1.0563539203663117,1.042399358541256,1.0512463569819794,0.9834769908965937,1.0034122940471015,0.9800478276575166,0.9371610185554071,0.8713237105987164,0.827469130714116,0.8259505542185184,6.265423706680998e-05,6.778939065225832e-05,4.3600950036418407e-05,5.2580532115688414e-05,3.7253935671346484e-05,3.994040360823124e-05,3.258563507866234e-05,3.578645711582523e-05,2.6146068942941376e-05,3.4284450773841416e-05,2.134460406403291e-05,3.343203651132043e-05,1.874082950124402e-05,3.0438566527566733e-05,1.705538710222548e-05,2.9832376458316504e-05,1.4578373336678192e-05,2.8835771070019663e-05,2.433434432337079e-05,4.925515536066661e-06,2.5405612086216752e-05,4.683335611257358e-06
2021-01-08,2021Q1,10:00,1.1609457349576797,10:00,1.303338458494005,10:00,1.1609457349576797,10:00,1.1449993636138103,14:30,1.4533695068638628,10:00,1.0,14:30,1.0745819861075823,11:00,1.1609457349576797,1.0558876024559447,1.0422082954723508,1.051002863019834,0.9830901447288461,1.002734700093086,0.9793701928393473,0.9364463178898976,0.8705791579591639,0.8290803510935468,0.8279386373354423,3.199163495785614e-05,7.000298915690127e-05,4.498911943268462e-05,5.2301318467425214e-05,2.512278044074621e-05,3.505937421902148e-05,2.6369451671066916e-05,3.28191936718166e-05,1.9352583041513178e-05,3.235439112198179e-05,1.449237115722623e-05,3.2169614047862474e-05,1.3679115726339026e-05,2.9702236381695713e-05,2.5088987371435068e-05,2.0581398836715104e-05,3.184624274556895e-05,1.906189014732134e-05,1.3766105441114722e-05,7.398520520730639e-06,9.488639105663143e-06,5.965626325591983e-06
2021-01-11,2021Q1,10:00,1.1591652465555649,10:30,1.2884935075116928,10:00,1.1591652465555649,10:00,1.1397087923177605,14:30,1.3063130040783357,10:00,1.0,14:30,1.0760787137285632,11:00,1.1591652465555649,1.0554887707988023,1.0417110439344843,1.0506106057137021,0.9824548877555108,1.0017498929167667,0.9784303110227173,0.9368270450155614,0.87165437059255,0.8296869973676824,0.8283583600580458,4.680765659614924e-05,2.496359975817065e-05,3.769405938061964e-05,2.3353557138728806e-05,3.123888032199624e-05,2.3265538691608798e-05,2.4273534095139568e-05,2.2478395591568757e-05,2.1815023391639188e-05,2.247089429688985e-05,1.837241031751313e-05,2.2411332962821027e-05,1.4563770040403725e-05,2.16983724412202e-05,1.5367007880402403e-05,1.993687347525821e-05,1.697646844883315e-05,1.8367479110236553e-05,1.5082965032491424e-05,1.5691252115753736e-05,8.734552910999908e-06,1.0928366496528107e-05
2021-01-13,2021Q1,10:00,1.1598103602203824,10:30,1.3270116756106254,10:00,1.1598103602203824,10:00,1.141741917960809,14:30,1.4250172191246466,10:00,1.0,14:30,1.076210063039737,11:00,1.1598103602203824,1.0559966151943956,1.042015753516949,1.0506423190487448,0.9824415591751217,1.0015241034867102,0.9780242525017988,0.9366106079449592,0.8717224114088593,0.829850862510141,0.8283290470152938,3.1355835478378165e-05,9.805387880464054e-06,2.7457280328148937e-05,8.654327494720386e-06,2.2620997686520293e-05,7.091295319577571e-06,2.0260849887737822e-05,7.079717212722144e-06,1.7097237854450514e-05,7.039903948312384e-06,1.472056914244916e-05,7.018301624019172e-06,1.388248404491237e-05,5.586873216979495e-06,1.2267147920368885e-05,5.551239846417197e-06,1.135132023275316e-05,5.53265643754884e-06,8.259599891009751e-06,3.782634718747336e-06,5.856294748822135e-06,2.8435805825770825e-06
2021-01-15,2021Q1,10:00,1.1605314857485538,15:00,1.3861784070966543,10:00,1.1605314857485538,10:00,1.1439970997241962,15:00,1.6728120416078827,10:00,1.0,14:30,1.077261412168782,11:00,1.1605314857485538,1.0567095311065786,1.0426783108396678,1.0512605893537534,0.9829600618368566,1.001949787943885,0.9785368387406325,0.9370725403503932,0.8721818845005889,0.8302572464597917,0.8286516193201716,4.0145107674752126e-05,7.058031032639691e-05,7.827664360166245e-05,2.133020867149054e-05,5.229475438453326e-05,1.6772094352102294e-05,3.6950135861720945e-05,8.043956789625414e-06,3.455065274183702e-05,7.666274821585181e-06,3.012214848930417e-05,7.663741974086903e-06,2.4246248659269642e-05,6.348997568067412e-06,1.8456707860288045e-05,5.804178962951166e-06,1.9988305019753852e-05,5.64038945735156e-06,1.7878453864048965e-05,5.233543745863182e-06,1.3090790966444889e-05,5.209156758337242e-06
2021-01-19,2021Q1,10:00,1.1590281563909868,15:00,1.3547813515249107,10:00,1.1590281563909868,10:00,1.1394418338576333,15:00,1.6333299431200456,10:00,1.0,14:30,1.080172449727582,11:00,1.1590281563909868,1.0588769054350273,1.0441912502559283,1.052633950956969,0.9843353654110616,1.0031913786879547,0.9796344555323829,0.9379230245102518,0.8732420232191752,0.8313308400443904,0.829459691981743,3.817191002976181e-05,8.339498312380145e-06,3.4058640384242675e-05,7.964435765525745e-06,2.581465720774399e-05,7.665828641123632e-06,2.2737278650133504e-05,6.888164225490111e-06,1.7515620609541924e-05,6.2977479279912545e-06,1.4419402840107411e-05,5.866127503153802e-06,1.2553784981137131e-05,1.6207102218613888e-06,1.1899641354363204e-05,1.6163802691127873e-06,9.014313673246444e-06,5.474497898631372e-07,7.211493353094096e-06,3.2830349359354003e-07,5.606039456580541e-06,2.562895379966122e-07
2021-01-20,2021Q1,10:00,1.1600539139181212,15:00,1.3838522908652617,10:00,1.1600539139181212,10:00,1.1426911451854835,15:00,1.6673795089431955,10:00,1.0,14:30,1.081735723649576,11:00,1.1600539139181212,1.0598730583696425,1.0449651373278077,1.053380132991433,0.9849112922016,1.003663364031927,0.9803018442300011,0.9386013399966889,0.8738425509871407,0.8318812618148145,0.8299563977143772,3.107719011458936e-05,1.3609353837065728e-05,2.87079104066508e-05,5.837349041650225e-06,2.3521091895726303e-05,4.767577168261491e-06,2.3488070064193965e-05,4.5645540481330905e-06,1.6960440403714094e-05,3.925498508624678e-06,1.3340203008364152e-05,2.644729226790759e-06,1.2821874392527435e-05,2.239202277848192e-06,1.1794906260028552e-05,1.36492182727791e-06,9.918293709019795e-06,1.261266289957205e-06,6.804568686160742e-06,1.1689926610808943e-06,4.869384295267541e-06,9.482871446673467e-07
2021-01-22,2021Q1,10:00,1.1606038207298057,15:00,1.3383807165860704,10:00,1.1606038207298057,10:00,1.1444674970107978,15:00,1.6118615115674682,10:00,1.0,14:30,1.0830483856787667,11:00,1.1606038207298057,1.060748339688921,1.0457705374399675,1.0542799782701582,0.9855775549259145,1.0042542321953813,0.9809484951543498,0.9392880988460898,0.8744627139191002,0.8323438676194053,0.8303323250671523,2.65355499971087e-05,1.8830858359179403e-05,2.8725456967376015e-05,1.5192338705636574e-05,1.9838783718004467e-05,1.3298260565799152e-05,1.7402899190332697e-05,1.3298253767906832e-05,1.310699978006338e-05,8.03235575613808e-06,1.3547638849536373e-05,7.946125621381436e-06,1.1011274135191694e-05,7.550539974077235e-06,8.622612177760803e-06,7.526218968837658e-06,8.444847329702704e-06,7.261061252267554e-06,6.750655909547031e-06,7.213340397267289e-06,4.055411379878788e-06,5.975608372282555e-06
2021-01-25,2021Q1,10:00,1.1607720417421954,11:00,1.2949621155702602,10:00,1.1607720417421954,10:00,1.1450428107581527,15:00,1.544306214183686,10:00,1.0,14:30,1.0830546352498875,11:00,1.1607720417421954,1.0612381464010998,1.046028087569814,1.054442830817163,0.9858415515487277,1.004561962217378,0.981167737164353,0.9393895118605419,0.8746100318607325,0.8324030605208044,0.8302489106466251,2.7886572213004044e-05,0.00014244443595922324,1.953610509032185e-05,0.00013865669262376698,6.672508070624028e-05,6.528652765429317e-05,7.103038294146341e-05,6.218450230600411e-05,3.233618555467881e-05,4.1884349664207935e-05,3.710576749720704e-05,3.5230194861669694e-05,2.0130501838505354e-05,1.4702758079468512e-05,1.4062567627091916e-05,1.2474587360020497e-05,1.1505515820881392e-05,1.2204338597460591e-05,9.193595275541962e-06,1.2204311505553862e-05,6.769722764349276e-06,1.219062427424782e-05
2021-01-27,2021Q1,10:00,1.1558566968198272,15:00,1.3133632203527075,10:00,1.1558566968198272,10:00,1.1295203986805626,15:00,1.582478202473301,10:00,1.0,14:30,1.0825421966632158,11:00,1.1558566968198272,1.056307996538643,1.045960266984748,1.0547049150118455,0.9853870467193228,1.0046565588432836,0.98151440055807,0.9395424264002995,0.8746684414292971,0.8323266092782631,0.829940796846373,0.00018996819270461954,0.0001427457139439644,0.0001173950991751955,0.00011957835594304221,9.009695019055918e-05,0.00011821815009432301,0.0001013630521413535,0.00010122661105412308,0.00013283362682977082,7.58571443593755e-05,9.819262106350829e-05,5.899891212449385e-05,7.678940027403478e-05,5.38499888813007e-05,6.655988380489344e-05,5.3698145736161996e-05,4.5051959056741554e-05,4.5343549448292734e-05,6.363287429882209e-05,3.0314549327272758e-05,5.232681093458527e-05,4.349864465395096e-06
2021-01-29,2021Q1,10:00,1.1567452192896386,15:00,1.2911276893980732,10:00,1.1567452192896386,10:00,1.1328010596193607,15:00,1.5473398734182073,10:00,1.0,14:30,1.090880211135554,11:00,1.1567452192896386,1.0559651015172222,1.0445149069794921,1.0544469270841292,0.9883237549981856,1.0067964851360205,0.9829641486505555,0.940589570107448,0.8750459720408963,0.8353606502309268,0.834417642547956,0.00013354862517508554,0.00019151334455002795,0.00010625558847231381,0.00018347921583146957,9.580853165280331e-05,0.00018017739348837495,0.00011461112308432891,0.00012465648160895124,8.918493309848598e-05,0.00012428799894935615,0.00010019619068093336,9.143363798237144e-05,0.00011607492147185688,7.282438705476907e-05,8.437069633299476e-05,5.492745729151246e-05,8.431406508720131e-05,4.6857193967113925e-05,6.166803536044578e-05,3.60878203169499e-05,4.911978573250828e-05,3.573480820707459e-05
2021-02-01,2021Q1,10:00,1.1536362091985717,11:00,1.24739451416289,10:00,1.1536362091985717,10:00,1.1233821201311067,15:00,1.4759049429632347,10:00,1.0,14:30,1.097348978038972,11:00,1.1536362091985717,1.0526240508665905,1.0405658853459436,1.0536476747616776,0.986632981658882,1.0072418787003692,0.985647168603842,0.942708153140538,0.8780689562346404,0.837844062630226,0.8361856073719933,0.00011722201846656905,3.671516908057885e-05,8.73080553371436e-05,3.6058538340315766e-05,8.100431710884378e-05,3.585916739176642e-05,5.537747394373863e-05,1.2668340167792903e-05,4.8259218670171305e-05,1.0696174758989849e-05,4.024804967349017e-05,3.5801342162953336e-06,3.107077483668907e-05,3.001754892322136e-06,2.4608326855118382e-05,2.9973696660068815e-06,1.9948559951532373e-05,2.987244635445902e-06,1.6720288860719292e-05,1.2286954668638182e-06,1.280799140113679e-05,1.1707519376354787e-06
2021-02-03,2021Q1,10:00,1.1562782696675282,11:00,1.2306227495741746,10:00,1.1562782696675282,10:00,1.132021638203643,15:00,1.4521130631502672,10:00,1.0,14:30,1.101036378321464,11:00,1.1562782696675282,1.0545060582307444,1.0424304993628128,1.0556421464574486,0.9885264315843753,1.0092461360097311,0.9873421499040915,0.9441188653298276,0.879277954142171,0.8390801333732897,0.8372689678859164,3.683217574512038e-05,4.928576701128464e-05,5.907992380768756e-05,1.75121744087955e-05,3.7864294876195986e-05,1.2639845906378488e-05,2.689554549572905e-05,1.2303689094913767e-05,2.0170529770888963e-05,8.100923759897016e-06,1.5891132871050318e-05,7.941977979778423e-06,1.2940026842390583e-05,7.017742459494081e-06,1.0950913751491872e-05,7.017715280316983e-06,8.80667503576319e-06,5.799900717017244e-06,7.205833775605382e-06,5.62022023984196e-06,6.374764258749159e-06,4.047646553777084e-06
2021-02-05,2021Q1,10:00,1.1555681935881894,11:00,1.2182291090192396,10:00,1.1555681935881894,10:00,1.1298540362501002,15:00,1.435362747406103,10:00,1.0,14:30,1.1014704640283064,11:00,1.1555681935881894,1.0560537854343013,1.0434835665329627,1.0563017172831042,0.9891369393981212,1.0096767381780825,0.9877044286054905,0.9443988611991937,0.8795365249291186,0.8392762018012785,0.837542320427391,2.719156018339477e-05,1.2804701760144879e-05,2.1407815008343332e-05,1.2804641901338664e-05,1.5694991089263632e-05,1.0224098561523058e-05,1.3034164215874913e-05,9.211421428592263e-06,1.2137861002836637e-05,9.206587052778506e-06,9.27863677177211e-06,7.39509540105294e-06,9.722833389613776e-06,5.227002293089011e-06,7.936392865533492e-06,4.3087511106433885e-06,7.978529680783857e-06,2.8475118967632057e-06,6.70795499152452e-06,2.497380011334525e-06,5.517987984461511e-06,1.9016104841796036e-06
2021-02-08,2021Q1,10:00,1.1560046577102279,15:00,1.2194429257509913,10:00,1.1560046577102279,10:00,1.1313226111230998,15:00,1.4553533387686381,10:00,1.0,14:30,1.1025194892457366,11:00,1.1560046577102279,1.0563541440482103,1.043697869367678,1.056458351533896,0.9892890266138042,1.0097757675194745,0.9879791708407418,0.9446491300106019,0.8799182795809708,0.839639284476288,0.8379016237958758,1.914436307601569e-05,1.1445808450618211e-05,1.6034922607854538e-05,1.1335033508892705e-05,1.2951037792431164e-05,1.1333745985711447e-05,1.3648323884477058e-05,1.0273176503162007e-05,1.2715598806243603e-05,9.910128899030655e-06,8.972106875696367e-06,8.925957366263109e-06,8.162211451759728e-06,8.512127389322123e-06,6.480898942178324e-06,8.51212080365991e-06,7.3057608668422545e-06,8.084426223193527e-06,5.08298203971158e-06,7.71494154785273e-06,3.6304997367535223e-06,7.029716731060705e-06
2021-02-10,2021Q1,10:00,1.156212788683006,11:00,1.2106683327104737,10:00,1.156212788683006,10:00,1.1320446169134757,15:00,1.4220581742270937,10:00,1.0,14:30,1.1019433879146716,11:00,1.156212788683006,1.0565087665229729,1.0437456854061833,1.0565907925903186,0.9894350371549995,1.0097735219273878,0.9879642612083589,0.9445482249081223,0.8799316707604946,0.8395295448323252,0.8376949139953894,2.1624329106700098e-05,3.812630999748483e-05,5.2167592744880465e-05,9.17690287825775e-06,3.619799088105405e-05,8.826919571230502e-06,3.760757399588619e-05,8.116831078855523e-06,3.299885706665311e-05,7.807786712767475e-06,2.800182169251572e-05,7.5373759753161405e-06,2.1057513872748507e-05,7.13710509771967e-06,1.5872082610456307e-05,6.52360457823161e-06,1.6672646760257088e-05,6.120713662893324e-06,1.0465034870153247e-05,2.8964309456120574e-06,7.507175503047e-06,1.7179750612366423e-06
2021-02-12,2021Q1,10:00,1.1554233528042885,11:00,1.1967766475226391,10:00,1.1554233528042885,10:00,1.1295183986177182,15:00,1.4053756488466953,10:00,1.0,14:30,1.1038637239471911,11:00,1.1554233528042885,1.0581252814278066,1.0448952321217946,1.0579658474008296,0.9907019488844274,1.010886927755511,0.9888073347831313,0.9451760164436331,0.8807180258150104,0.8401614562030711,0.838249907686496,2.7022111006191537e-05,1.4835849073559131e-05,2.32624832481916e-05,1.4631264353068464e-05,1.7077193282790058e-05,1.0907923250142013e-05,1.5665766896817318e-05,1.0895906256516262e-05,1.3686385053298771e-05,1.0884971662562475e-05,1.2203093947172598e-05,1.0789793950761178e-05,1.0275380588427863e-05,1.0763968229922513e-05,9.981706082891148e-06,1.0395295545395487e-05,9.217044008422357e-06,1.0317878357508707e-05,8.247274550999595e-06,1.0300929686645916e-05,5.752894952230248e-06,1.000275627840598e-05
2021-02-16,2021Q1,10:00,1.1557704881713797,11:00,1.1892928152387283,10:00,1.1557704881713797,10:00,1.130733637594287,15:00,1.387033175700531,10:00,1.0,14:30,1.1034409084495969,11:00,1.1557704881713797,1.0584212576142096,1.0451370664519848,1.0581617529450447,0.990847372048023,1.0109576429396299,0.9887851916908958,0.9451861162881193,0.8807270696375245,0.8401294539511136,0.8380094080041206,2.1894144504106347e-05,1.7860221974423494e-05,1.89036253468272e-05,1.7426315078553836e-05,2.1094088918684412e-05,1.3322527553998959e-05,2.3535222458728817e-05,1.0850643488099319e-05,2.4552763777245623e-05,9.207171064852308e-06,1.538150851625034e-05,5.3638714404706074e-06,1.205098597332367e-05,5.3615375382348524e-06,9.624508933965066e-06,5.338324557677009e-06,9.609827656840562e-06,4.215555847119861e-06,6.261896005425325e-06,1.3275294271065234e-06,5.11153609268125e-06,5.511878672228403e-07
2021-02-17,2021Q1,10:00,1.1558144418422671,11:00,1.1854250433284346,10:00,1.1558144418422671,10:00,1.1309365718015107,15:00,1.3777712781221438,10:00,1.0,14:30,1.1047189167187481,11:00,1.1558144418422671,1.058438715386624,1.0454421999072572,1.0587320715554205,0.9916200611963648,1.0115009514086009,0.989191071075924,0.9454818468650455,0.8811375037525171,0.8405339183681829,0.8384342620425482,3.831303676284324e-05,1.9270583032588927e-05,3.3955927746071e-05,1.7613194310408332e-05,2.498076353952823e-05,1.4147686741040452e-05,3.0083281879891092e-05,6.40745500911255e-06,2.2360447430729517e-05,5.313814636773044e-06,1.6803238825393887e-05,4.541509343119764e-06,1.4689139404400818e-05,4.380899691712832e-06,1.193791274673072e-05,2.8121914819450946e-06,9.951926765358942e-06,2.5226902280740414e-06,8.391241623447216e-06,2.5117474336732968e-06,5.302102235586147e-06,9.072404045500005e-07
2021-02-19,2021Q1,10:00,1.1563772449986671,11:00,1.1830291118338876,10:00,1.1563772449986671,10:00,1.1329268911596497,15:00,1.3862892725884792,10:00,1.0,14:30,1.1062703836012462,11:00,1.1563772449986671,1.0590204546298512,1.0458755885146922,1.059834168712013,0.9924757164113004,1.012166878964391,0.9898136307590992,0.9460810425849093,0.881675351082879,0.841027360398974,0.838849195544189,2.971632522287474e-05,2.221418175897632e-05,2.4749714755716554e-05,2.1578501713258086e-05,2.0397849787754817e-05,2.1051443637475476e-05,1.5078609618001211e-05,2.0420638848320894e-05,1.4114135916272856e-05,1.879994457545507e-05,2.0501404027476676e-05,1.4500532796684796e-05,2.200672504431114e-05,1.371048264695644e-05,1.710490804527699e-05,1.3405693843869559e-05,1.0702526182692493e-05,1.2381672728547236e-05,1.3517494894466253e-05,5.576854835950487e-06,7.705672730111057e-06,3.2510252811466837e-06
2021-02-22,2021Q1,10:00,1.1565184811875664,11:00,1.1802486285808453,10:00,1.1565184811875664,10:00,1.1334795795922992,15:00,1.3800835055310425,10:00,1.0,14:30,1.1084085421602086,11:00,1.1565184811875664,1.0590924846521548,1.0458067794635646,1.059523988114179,0.9922484210077152,1.0124843034268793,0.9903203644348172,0.946366349442992,0.8816604659767602,0.8417206382117711,0.8393039311697866,4.3261824317789264e-05,2.4783992732434502e-05,3.8401159659817424e-05,2.3295233725311403e-05,3.5148699656594016e-05,2.2585221087308022e-05,2.422596750808557e-05,1.9589193261532437e-05,2.111960304556938e-05,1.9511992563857216e-05,1.7401489574594316e-05,1.9511966036338966e-05,1.560529759011176e-05,1.5575010633919722e-05,1.1257767290491244e-05,1.4276710926806682e-05,9.018232979320544e-06,1.4066040491163598e-05,7.5720913710706595e-06,1.3845837965501144e-05,5.823532646290669e-06,1.31113667176658e-05
2021-02-24,2021Q1,10:00,1.157029874485145,11:00,1.1749852672286971,10:00,1.157029874485145,10:00,1.1353372642163921,15:00,1.354782818932946,10:00,1.0,14:30,1.106859381619869,11:00,1.157029874485145,1.0596131586897208,1.046296196771439,1.05968784891638,0.9923363083000049,1.0123561460526715,0.9903312295503093,0.946221106187911,0.8814254676507458,0.8414003727614563,0.8388312804112542,6.510974608459207e-05,4.283118940126639e-05,4.604625373234355e-05,3.582337924410091e-05,4.155942443344313e-05,3.033793124678383e-05,3.5070618175471046e-05,2.2806776399007105e-05,2.7105168379556516e-05,2.1011474332420353e-05,1.8645419368900627e-05,1.520882534331301e-05,1.687109586956977e-05,1.425096208390686e-05,1.2103335554464358e-05,9.143234176098094e-06,1.0710423557777318e-05,6.01504026907236e-06,1.052018532807504e-05,4.29308032264096e-06,9.595733649846915e-06,3.236350336846993e-06
2021-02-26,2021Q1,10:00,1.1575738738623906,11:00,1.1689969025610607,10:00,1.1575738738623906,10:00,1.137367208988368,14:30,1.3513457559987059,10:00,1.0,14:30,1.1085737056389273,11:00,1.1575738738623906,1.059919447682725,1.0467124031916488,1.0602020262898555,0.9926485185160668,1.0125328599230354,0.9904965981225399,0.9464434790098047,0.8818009907686449,0.8419421455117291,0.8394588447720173,0.00016388689114644575,0.0003069218642213205,0.00020325514730839127,0.00021890838331477573,0.00014678284662254502,0.00011477714928231276,0.0001335843497960907,0.00011298019915866138,8.333397846266657e-05,9.561579383662733e-05,6.893049407254955e-05,8.532413308324048e-05,7.540025598536577e-05,7.720871303194883e-05,5.9360160888825206e-05,7.173352429656504e-05,6.626246745754736e-05,3.7393005193397686e-05,4.8690397717903536e-05,3.5947418052852034e-05,3.9876759380092705e-05,2.7650163056518267e-05
2021-03-01,2021Q1,10:00,1.150950337583834,11:00,1.171826350002021,10:00,1.150950337583834,10:00,1.1151547001413866,15:00,1.366743495374494,10:00,1.0,14:30,1.112300763918477,11:00,1.150950337583834,1.0588388054043496,1.0478365571608539,1.0608495191576737,0.9920732923456258,1.0115873359737877,0.9904324540053004,0.945896386650208,0.8841062991006676,0.843383081499901,0.8409749684419223,6.170400503311179e-05,2.641211980527144e-05,4.933126239975533e-05,1.994530466312782e-05,3.790310945844806e-05,1.3946182967584473e-05,3.1259323360450734e-05,1.3641454595919355e-05,2.65210238803075e-05,1.1508918073490386e-05,2.312533155312479e-05,1.1508858761782599e-05,2.0362292724544798e-05,1.0352916252611933e-05,1.6066090493247117e-05,1.0316828753848714e-05,1.35816393164178e-05,8.794224318511727e-06,1.2242482672430611e-05,3.611541093948193e-06,9.115231676164281e-06,3.4334530151877713e-06
2021-03-03,2021Q1,10:00,1.1520326916714017,11:00,1.1699937308191588,10:00,1.1520326916714017,10:00,1.1190531388986742,15:00,1.3594571075148147,10:00,1.0,14:30,1.1146707500421336,11:00,1.1520326916714017,1.0598977062429937,1.0488186069661851,1.0616365514822867,0.9928231796504531,1.0122086955840577,0.9910354025590504,0.9463005880308023,0.8845081666173886,0.8441021102978284,0.8415413536956399,0.00011512783790313994,7.908069114670199e-05,0.00010913594250459271,7.711190338522992e-05,7.940455127168561e-05,6.88654980531206e-05,6.195123124199713e-05,5.9359871160590496e-05,6.48944955049862e-05,5.382688978281765e-05,5.854204740843321e-05,5.174885483627895e-05,5.16850350782729e-05,5.123941185181765e-05,3.978656802328796e-05,4.672730780450427e-05,4.4275806646397266e-05,3.432299431827338e-05,4.266919940324827e-05,2.913547907822726e-05,3.0454974437529334e-05,2.414754998541869e-05
2021-03-05,2021Q1,10:00,1.1528610552087397,11:00,1.1697321772849405,10:00,1.1528610552087397,10:00,1.1222769221089959,14:30,1.356291050463665,10:00,1.0,14:30,1.1185279745517382,11:00,1.1528610552087397,1.060923342347394,1.049120365680115,1.0615866503753257,0.9933903557179263,1.0125411627372343,0.9910892174616738,0.9460174501402905,0.885469049325564,0.8455121511033973,0.8424609528869175,0.00018236705625719883,0.00018892050952086598,0.00016335326908999958,0.00017931154496037295,0.0001526762305501887,0.00017529348785655981,0.00014988109766887238,0.0001359386266482284,0.00010649799194577904,7.695445212626288e-05,0.00010139795901207352,4.503685348753127e-05,9.877453195962853e-05,3.579845651908452e-05,9.20214297240494e-05,1.803987272904286e-05,6.801988371120035e-05,1.593073452235508e-05,4.734548384378182e-05,1.4940826231108114e-05,3.4746882497593186e-05,1.79520688459068e-06
2021-03-08,2021Q1,10:00,1.1516472565760556,11:00,1.1712920467561376,10:00,1.1516472565760556,10:00,1.1187296713437822,15:00,1.3761595601666452,10:00,1.0,14:30,1.127444610776163,11:00,1.1516472565760556,1.0599239738791004,1.0478170184636926,1.0618454313172392,0.9948728337807979,1.0155446104750847,0.9948451485422677,0.9508009833723515,0.8891874108093966,0.8482168344662255,0.8454763464250163,0.00015739410985525227,0.00021012871839284968,9.82953079765673e-05,0.00015898780019484355,8.69374558014912e-05,0.0001589275593855618,6.905049233924682e-05,0.00015701278509857236,8.322908688459243e-05,0.0001325103836867676,4.9957836974947055e-05,0.00011442053867601377,4.358140713300447e-05,0.00011422098886561561,3.475655268281071e-05,0.00011190257363550733,6.454970932961331e-05,5.270875566937268e-05,3.3126384112364814e-05,3.904572563007797e-05,3.1039150864051936e-05,3.159228082933179e-05
2021-03-10,2021Q1,10:00,1.148769817943831,14:30,1.1590765416449937,10:00,1.148769817943831,10:00,1.109567186143747,14:30,1.3664852386843735,10:00,1.0,14:30,1.1258626262263534,11:00,1.148769817943831,1.0573288689581994,1.0445170908616142,1.0573408116911232,0.9924908662876308,1.0120007461479956,0.9907163174497795,0.9462614189336771,0.8904024817931023,0.8482173892788852,0.8458679636852783,5.855559101129258e-05,4.534890066526768e-05,6.498753316628062e-05,2.390110216998469e-05,4.8731664582118014e-05,1.866279821218609e-05,4.060318202100799e-05,1.6474220063034542e-05,3.2983714574246135e-05,1.6187629638926517e-05,3.7273515432344525e-05,1.3870633025888692e-05,3.569799734734524e-05,1.0514596154623103e-05,2.2581870225116227e-05,1.046725115060286e-05,2.0827492642787877e-05,8.943603872072424e-06,1.5026468217192033e-05,7.264558401870858e-06,1.2453361934804909e-05,5.904295185099896e-06
2021-03-12,2021Q1,10:00,1.1489892035849019,14:30,1.1554429028230657,10:00,1.1489892035849019,10:00,1.110544290895219,14:30,1.361097051521811,10:00,1.0,14:30,1.128009313943343,11:00,1.1489892035849019,1.05879536348045,1.045728416500344,1.0584092485786034,0.9933193386093221,1.013242956729017,0.9922054711683226,0.9470641829142159,0.8912859451799098,0.8489055953292911,0.8465424402275238,4.248898808681202e-05,2.0272130864744068e-05,4.557101318910079e-05,1.0727209184101833e-05,3.854679045168778e-05,1.0618991133930132e-05,2.9907332565064256e-05,9.71024533942038e-06,2.631900967676638e-05,9.367077016226162e-06,2.2434985442985807e-05,7.430012136111091e-06,2.151547344366008e-05,6.216649477418144e-06,1.5104359002017395e-05,4.4871385095447434e-06,1.2957746243805341e-05,3.7173149551192852e-06,1.0348162690715752e-05,3.2316444532417084e-06,8.092327925674567e-06,2.323427358123164e-06
2021-03-15,2021Q1,10:00,1.1496406668159682,14:30,1.152690252175485,10:00,1.1496406668159682,10:00,1.1129340405103942,14:30,1.356910983356534,10:00,1.0,14:30,1.129994527305314,11:00,1.1496406668159682,1.0600581589964433,1.0468648408167704,1.0593134783060345,0.9941521727556774,1.0140395404177696,0.9931091569012725,0.9477513525271546,0.8919481327159062,0.8494958522069909,0.8470962066213205,2.948854071810662e-05,4.064487063042508e-05,2.2013333307169676e-05,3.9891843314390015e-05,1.7180704434924866e-05,3.898651827210727e-05,1.8095637179431287e-05,3.226445313307715e-05,1.4944583527271526e-05,3.2189087119266214e-05,1.1570128586295621e-05,3.0151045684141267e-05,8.747895347609377e-06,2.8483988702287096e-05,7.727836784090626e-06,2.848346994226524e-05,6.592646639858772e-06,2.6767934414486362e-05,5.597442160696108e-06,2.4251927633059104e-05,4.528257906595944e-06,2.419665764324594e-05
2021-03-17,2021Q1,10:00,1.1490564595815513,14:30,1.14189461355219,10:00,1.1490564595815513,10:00,1.111038734842211,14:30,1.346044548830146,10:00,1.0,14:30,1.124762617539343,11:00,1.1490564595815513,1.0593109390802957,1.0458877429702704,1.05857375425496,0.9933186080655331,1.0130256187372308,0.9919605308487431,0.946533807495178,0.8907636751056139,0.848333448209137,0.8456557251892737,8.874437467336867e-05,6.336632468665892e-05,9.293181125166163e-05,6.321425178133911e-05,9.303335764709478e-05,5.562035883493297e-05,7.98811282548046e-05,5.355144699073485e-05,7.66011383427507e-05,5.3542172195110794e-05,7.170972036361854e-05,5.271921234377897e-05,7.054646397959503e-05,5.0280918619489266e-05,6.981357724922096e-05,4.9614166470616544e-05,5.445626011253128e-05,4.906592738580315e-05,3.981313836319766e-05,3.640853824544657e-05,1.880629576382211e-05,1.7764018310473932e-06
2021-03-19,2021Q1,10:00,1.1495952644390042,15:00,1.1515375156822378,10:00,1.1495952644390042,10:00,1.1132537765028212,15:00,1.3592011275093998,10:00,1.0,14:30,1.125790950693775,11:00,1.1495952644390042,1.0602657864571277,1.0473257448607898,1.059637905328935,0.9944600297615739,1.0139994324580646,0.9931719997355989,0.9479733621567341,0.8914979462957963,0.8490230481421843,0.8472164217464381,8.729006387636809e-05,4.386464384247005e-05,6.532141597147334e-05,4.3410239599696514e-05,4.8220318350335326e-05,3.57321052008873e-05,4.199250137910644e-05,3.0108946395740723e-05,3.374192727088803e-05,1.3448598065112095e-05,2.832559382415553e-05,1.341102661643098e-05,2.2564450182304398e-05,1.2275986937785291e-05,1.9920669691430558e-05,1.2204414598828402e-05,1.541941566206833e-05,1.2109386677801776e-05,1.3545609356721596e-05,1.1667104971245897e-05,1.035885079839179e-05,9.026691682402322e-06
2021-03-22,2021Q1,10:00,1.1508400355385389,15:00,1.1591438766553104,10:00,1.1508400355385389,10:00,1.1179244253220832,15:00,1.3677847169842625,10:00,1.0,14:30,1.1263412020138965,11:00,1.1508400355385389,1.0609741296517214,1.0477704717066583,1.0601001255947762,0.995452187288949,1.0147823818250257,0.9937794888369084,0.9484990377803167,0.8918135156869111,0.8493039920028201,0.8474607606458928,3.145877996774339e-05,1.1671507954429507e-05,3.07799273336754e-05,1.1620171526646032e-05,2.0751747625301712e-05,9.11002530145631e-06,1.6878758515069057e-05,9.061176554212243e-06,1.5790873606803942e-05,8.56628980783278e-06,1.20159003966801e-05,6.619343456882677e-06,1.0989079564665177e-05,6.3056188225289044e-06,8.873695640715824e-06,6.153294535919605e-06,7.640766814380844e-06,5.567746754390875e-06,5.625527068850555e-06,5.371368151861865e-06,4.729670484641368e-06,4.847434934576947e-06
2021-03-24,2021Q1,10:00,1.151448505720077,15:00,1.1493563426677154,10:00,1.151448505720077,10:00,1.1201819208614738,15:00,1.3561458575143637,10:00,1.0,14:30,1.1264219008254417,11:00,1.151448505720077,1.061651207180811,1.0482318869420153,1.0604332303975468,0.9958058612057238,1.0150639877609218,0.9940559872964135,0.9486901498863973,0.8919960329787125,0.8493860500810562,0.847516759572111,4.144824770478186e-05,6.176571068813217e-05,3.4900237352072697e-05,6.171876753861503e-05,2.5851276999953967e-05,4.858920899179656e-05,2.1946418687010727e-05,4.850384477339344e-05,2.2472721100274017e-05,4.549619701600823e-05,1.659720484315363e-05,4.237278574608763e-05,1.744095882909835e-05,3.828487635179517e-05,1.7770342133939246e-05,3.5789785589569795e-05,1.4996510649800924e-05,3.395912910693764e-05,1.4446954831256091e-05,2.939614009162696e-05,1.2550533007967415e-05,2.4802896227036904e-05
2021-03-26,2021Q1,10:00,1.150449055198792,15:00,1.1351933274858848,10:00,1.150449055198792,10:00,1.116768950641337,15:00,1.3406389306359188,10:00,1.0,14:30,1.122165208275405,11:00,1.150449055198792,1.0605299984646182,1.0472012495640584,1.0590856380374931,0.9946965585340113,1.013663345475764,0.9928516637012816,0.9476741716624256,0.8909550084816829,0.8485761253053549,0.8467554548392959,3.113615833267961e-05,9.060835848977523e-05,2.3246349554822463e-05,8.611887621039328e-05,2.4445583857497598e-05,8.36410608256968e-05,2.626186374530504e-05,8.162174172189504e-05,2.0012595253177045e-05,7.562583809363725e-05,1.6105429427118626e-05,7.510487996171237e-05,1.7694021369042515e-05,7.450100392982014e-05,1.4386056989535272e-05,7.374357171153565e-05,1.3940519492844135e-05,6.93774098786591e-05,1.1688505866328199e-05,6.820937170377305e-05,1.5552747737477055e-05,6.486891834781331e-05
2021-03-29,2021Q1,10:00,1.1479941421161999,11:00,1.1149850644778105,10:00,1.1479941421161999,10:00,1.1081520543967736,15:00,1.3071910664419204,10:00,1.0,14:30,1.1062528483326826,11:00,1.1479941421161999,1.0580450529515524,1.0446154738196332,1.0563455971908857,0.992023948497747,1.0104930075655512,0.9895785848166821,0.9442059956877805,0.8877120106763281,0.8450389732286624,0.8432369539849706,4.6587183654377276e-05,4.247787472775641e-05,4.9487087819075195e-05,3.6214545428165804e-05,4.662720417286296e-05,3.620876661530693e-05,3.802898740812186e-05,3.30872708693401e-05,2.916171193963302e-05,2.9486927162012233e-05,2.5846718431736752e-05,2.8850226125716245e-05,2.3017357266535373e-05,1.5092590615695094e-05,2.1621073339386622e-05,1.4861412897287384e-05,1.9283000471247154e-05,1.4859354446153988e-05,1.6056895950153495e-05,1.4834985276080836e-05,1.3144132951174233e-05,1.4651601083511763e-05
2021-03-31,2021Q1,10:00,1.147921134703102,11:00,1.116685917981542,10:00,1.147921134703102,10:00,1.1080920829158407,15:00,1.2985153897273984,10:00,1.0,14:30,1.1067522505437906,11:00,1.147921134703102,1.0584522092830484,1.044975428789913,1.0564854966002268,0.992019596895552,1.0103186499038759,0.9900482474691776,0.9446797896416961,0.8881243015361296,0.845308267147123,0.843307397464844,4.031594895376126e-05,2.0260927355417747e-05,3.765829417118832e-05,2.0225331887709105e-05,3.277276032949567e-05,1.65766595930718e-05,2.802821888579448e-05,1.6201064489384024e-05,2.3149225091773943e-05,1.4167330704264595e-05,2.0520109204337254e-05,1.3967965668283696e-05,1.7725028732470186e-05,1.3398576937263384e-05,1.5500501314095468e-05,1.3154991930596268e-05,1.5697773950900163e-05,1.3100726919130399e-05,1.438028947456508e-05,1.2465541249706541e-05,1.1635176826912894e-05,1.2304521734279694e-05
2021-04-01,2021Q2,10:00,1.1484927558388651,11:00,1.1192888271536507,10:00,1.1484927558388651,10:00,1.110321026151414,15:00,1.305343257556738,10:00,1.0,14:30,1.1074326814775088,11:00,1.1484927558388651,1.0590441021950925,1.0456067771262727,1.056981196104928,0.9924589205943222,1.0106563344056407,0.9903072123336075,0.9448715041800778,0.8883990032416713,0.8456019337038838,0.8434196004689576,2.7725548202645554e-05,1.3680618847034406e-05,2.0111613457614803e-05,1.0066040467392436e-05,1.742526516941419e-05,1.0042854518624546e-05,1.634069213825318e-05,1.0025355917707417e-05,1.2880232908173258e-05,1.0013297275948734e-05,1.328123087315465e-05,7.998851771571526e-06,1.181636846663493e-05,7.998795742014834e-06,1.0477110975598661e-05,7.124217313185652e-06,8.729815178239547e-06,6.601104904493643e-06,7.2320521349927844e-06,6.324477701068716e-06,6.048145804684487e-06,6.30211953028173e-06
2021-04-05,2021Q2,10:00,1.1488951475629405,11:00,1.1291350420843176,10:00,1.1488951475629405,10:00,1.1118996313200002,14:30,1.3321636403344526,10:00,1.0,14:30,1.1077617194030098,11:00,1.1488951475629405,1.0593882136024761,1.045889608833893,1.0572420129643338,0.9926009841409149,1.0109300939017165,0.9905332827036302,0.9451050600941603,0.8885926624193368,0.845745834130509,0.8434848892389452,2.012706007832491e-05,8.822091351890353e-06,2.0841006873258282e-05,5.4703347674384306e-06,1.768802605195868e-05,4.937581914156293e-06,1.5331629773531823e-05,4.871052844541749e-06,1.4803287361733906e-05,3.400781867973079e-06,1.219996332666891e-05,2.7016639118037313e-06,1.1262390925255813e-05,2.369744417660484e-06,1.0404115304661177e-05,2.328294110285008e-06,8.399251306197015e-06,1.7354494122073816e-06,6.745948114541658e-06,1.557597727262338e-06,5.570168576886485e-06,9.793841001080262e-07
2021-04-07,2021Q2,10:00,1.149229711543647,10:30,1.1607417449590216,10:00,1.149229711543647,10:00,1.113211840154855,14:30,1.3325122090788963,10:00,1.0,14:30,1.1093289988917814,11:00,1.149229711543647,1.0599359093540568,1.046401051922268,1.0577042252921172,0.993152629993862,1.011428790593995,0.9910506395323361,0.945616515623735,0.8890560507755566,0.8461604104365873,0.8439075167776188,1.88685792407497e-05,1.0542253104630892e-05,1.5272705482578357e-05,8.815645125069447e-06,1.3197223134679258e-05,8.660025263398858e-06,1.2198847909201675e-05,7.63431436029179e-06,1.335613538601714e-05,7.388580805503814e-06,1.4195480927379615e-05,5.910499251624121e-06,1.06035666931106e-05,4.316880613845954e-06,9.54503347445173e-06,4.313693962487199e-06,7.617667618094357e-06,3.537795765077263e-06,5.4159100701415185e-06,3.2547418349130938e-06,4.381072953602007e-06,2.989677356964721e-06
2021-04-09,2021Q2,10:00,1.149455760863371,11:00,1.16583411466677,10:00,1.149455760863371,10:00,1.1141277817500979,14:30,1.3206502633614912,10:00,1.0,14:30,1.110014000764229,11:00,1.149455760863371,1.0601516556145654,1.0465698701091457,1.0578913742832685,0.9934430393880158,1.0118614477184613,0.9914176163306209,0.9459571976383537,0.8893582098680564,0.8463636439276309,0.8440729988426574,1.7492607404242007e-05,1.4389722374114025e-05,1.5877956616961237e-05,1.3636515951869563e-05,1.2061278527640547e-05,1.3613633158694897e-05,1.1516127268466454e-05,1.3176849665646879e-05,9.063975867713897e-06,1.187643403929254e-05,7.232814352392016e-06,1.1777714113952588e-05,7.2488214980443335e-06,1.1398193585482674e-05,6.63126757972599e-06,1.1389640163225874e-05,7.2685693119124064e-06,1.0771710325171332e-05,5.9974442678676905e-06,1.075918789831344e-05,5.207482976156123e-06,1.0756056766048229e-05
2021-04-12,2021Q2,10:00,1.149487620807528,11:00,1.154553782663609,10:00,1.149487620807528,10:00,1.1143170644352824,14:30,1.3139892608855146,10:00,1.0,14:30,1.1086559925312365,11:00,1.149487620807528,1.0602033470881833,1.0464806666096282,1.057781458322963,0.9933111558908879,1.0116149510329695,0.9911827125100482,0.9456991645951492,0.8892021662951891,0.8461264872515928,0.8437285342549709,2.0389953770424117e-05,7.407094531430598e-06,1.6255353672782815e-05,7.394077922474219e-06,1.6393055803342938e-05,7.322803589994276e-06,1.3840145742664366e-05,6.933859103029597e-06,1.2121182237191323e-05,6.806812454848983e-06,9.685340163451334e-06,6.679771971069646e-06,9.017709204863583e-06,5.8543164592645814e-06,8.099495145306993e-06,4.78391770385027e-06,9.004983885618897e-06,3.1247388268935757e-06,6.4027320457945624e-06,2.1688812116957688e-06,6.083735381199964e-06,1.755696981102066e-06
2021-04-14,2021Q2,10:00,1.1498848470353378,11:00,1.1800308180505747,10:00,1.1498848470353378,10:00,1.1159056493913049,14:30,1.3112667417021395,10:00,1.0,14:30,1.1099909742451963,11:00,1.1498848470353378,1.0605093776816954,1.0468367428106629,1.0580764178473125,0.9935695681715333,1.0117689629939497,0.9913690517205276,0.9459217853479,0.8896224394554846,0.8464748771032566,0.8441379757252104,1.5253248758037006e-05,2.4416002830473057e-05,1.3297771719292062e-05,2.259343145804745e-05,1.1231278335017008e-05,2.2524266989873552e-05,1.2167673813068937e-05,2.212472059082535e-05,1.0448725728437967e-05,2.163861089859338e-05,1.0257653158171722e-05,2.1016256148041447e-05,7.319280210780534e-06,2.0423997902992397e-05,6.511897260201875e-06,2.0301644401874683e-05,9.452738992846477e-06,1.1967071854581718e-05,8.977294291838515e-06,1.1475162546244542e-05,1.1525361517091686e-05,5.0634609809903274e-06
2021-04-16,2021Q2,10:00,1.1494563028980969,11:30,1.1748301649993749,10:00,1.1494563028980969,10:00,1.1143235797298565,14:30,1.3167595236459593,10:00,1.0,14:30,1.1093193161072616,11:00,1.1494563028980969,1.060121971896186,1.0463335544104322,1.057567228201182,0.9930373434934644,1.011190689458744,0.9906206169346324,0.9451325177092564,0.8895419499585039,0.8464187773593669,0.8447827616220306,2.2837121461872663e-05,5.4014291774164284e-06,1.652807617872232e-05,4.577432213729811e-06,1.4877999491513324e-05,4.4307522869383185e-06,1.353616275052919e-05,3.925165290370085e-06,1.1976821117135747e-05,3.913007781817845e-06,1.0283847156404925e-05,3.1245358697523888e-06,8.974403300660934e-06,2.9531700819968288e-06,7.844163802053908e-06,2.9415590654449434e-06,7.757232270740719e-06,2.9229529311753628e-06,6.7828644910670655e-06,1.056974838728898e-06,4.6114759761716876e-06,2.1504546015938122e-07
2021-04-19,2021Q2,10:00,1.1500119520071337,10:30,1.182589529636816,10:00,1.1500119520071337,10:00,1.116565152852102,14:30,1.310131062595893,10:00,1.0,14:30,1.111147141589009,11:00,1.1500119520071337,1.0605460998656815,1.046750846481764,1.0579922349802613,0.9934269508551644,1.0115649549298105,0.9909707332403097,0.9454473744416475,0.889889696970863,0.8468674691356448,0.8451766636804582,1.5770331739397335e-05,1.8522990043314657e-05,1.8488731943073246e-05,1.4768001854858657e-05,1.7754090839393485e-05,1.3329274615081926e-05,1.5082998065510422e-05,1.2936914018377552e-05,1.5669502546739708e-05,9.580723568191567e-06,1.7195467914438363e-05,8.884607504996051e-06,1.6486384884090223e-05,8.366936054148434e-06,1.1672931572398656e-05,7.360287178045598e-06,9.485710924510531e-06,7.346420399048153e-06,7.141785047173955e-06,6.646944333403251e-06,5.693342421930783e-06,6.6240509567227124e-06
2021-04-21,2021Q2,10:00,1.1498272334711823,10:30,1.1728012009497828,10:00,1.1498272334711823,10:00,1.1159049011488538,14:30,1.2815965139887198,10:00,1.0,14:30,1.1113691999630904,11:00,1.1498272334711823,1.0606487247831082,1.046905655022754,1.0580554095443315,0.9937230386075403,1.0119959529897318,0.9914448355894185,0.9457403460446444,0.8900883966365802,0.8469826812296571,0.8451850927737814,2.4423994369244988e-05,1.3906632146559222e-05,1.7747268810740514e-05,1.1724229200047621e-05,1.723132663379815e-05,1.1294965558910174e-05,1.3139348919674252e-05,9.890988712895757e-06,1.1472557235713431e-05,7.153373534868435e-06,9.84008067559537e-06,6.35791447797681e-06,8.263540045890631e-06,6.321802923432848e-06,7.342289838624034e-06,5.86849361371157e-06,6.333704986865752e-06,5.69158857388787e-06,5.283173526612594e-06,5.678287751510865e-06,4.311916467925864e-06,5.675985308832459e-06
2021-04-23,2021Q2,10:00,1.1501087482236894,10:30,1.166892103864468,10:00,1.1501087482236894,10:00,1.1171129560982849,14:30,1.283238974261916,10:00,1.0,14:30,1.1112956175084867,11:00,1.1501087482236894,1.0608415049503432,1.047125716020284,1.0581763842165093,0.9939330124668075,1.0121747328818538,0.9915602569464416,0.9458516865428209,0.8901738019675273,0.8470187487804712,0.8451419829656652,2.3509735613663842e-05,2.569094857319516e-05,1.8437812065628307e-05,2.552353120184173e-05,1.6618687395927606e-05,1.0061378043928341e-05,1.4597514764309975e-05,9.790906520971888e-06,1.2417329119562978e-05,9.681624596226762e-06,1.006018006615675e-05,9.55765104318513e-06,9.03504266879739e-06,6.752971870190368e-06,7.573100421619116e-06,6.72576641847055e-06,6.514249918772813e-06,6.723910688882135e-06,5.7017131767821675e-06,6.714292754003543e-06,4.704597874148978e-06,5.854152117432025e-06
2021-04-26,2021Q2,10:00,1.1499073873885104,10:30,1.163466111806584,10:00,1.1499073873885104,10:00,1.1164036364948198,14:30,1.2814848730982529,10:00,1.0,14:30,1.1110294095945712,11:00,1.1499073873885104,1.0605282862759806,1.0473732148700268,1.0583679765797107,0.9940674018575787,1.0121949931268726,0.9916954757552445,0.9459269202344084,0.8902094116402771,0.8470198582911354,0.8451204107661314,1.951748880502701e-05,6.557582059862449e-06,1.4928422174327925e-05,6.479606361460885e-06,1.2508216176377556e-05,6.454041582808544e-06,1.0408878123604134e-05,6.224032125353787e-06,9.356100014660346e-06,5.893349994059705e-06,9.062514042524877e-06,5.420262295113352e-06,7.197439503657005e-06,5.220787894848238e-06,6.487247062958431e-06,4.952210892865458e-06,5.5033740116746045e-06,4.308485785165945e-06,4.164631380948841e-06,4.080681696306119e-06,3.3951064734780806e-06,3.910388450385983e-06
2021-04-28,2021Q2,10:00,1.1503067392801107,10:30,1.1651050723799947,10:00,1.1503067392801107,10:00,1.118087478242344,14:30,1.278029246340358,10:00,1.0,14:30,1.1110989795109862,11:00,1.1503067392801107,1.0608203344419718,1.0476070333740666,1.0585407343210798,0.9942355650121021,1.0123825624390108,0.9918122150215665,0.9460388379821525,0.8903216974761972,0.8470737303278986,0.845128429680966,2.3738702639019012e-05,1.2749951042280277e-05,2.3444385300961568e-05,1.2235245314371153e-05,2.223632236813872e-05,1.2149199636252542e-05,2.062149342297386e-05,1.2068552146051801e-05,2.2001834976160162e-05,9.968218694884783e-06,1.9365622704478952e-05,9.4581064389598e-06,1.7401210150154028e-05,9.202103439627738e-06,1.7125637235319795e-05,9.201643722473132e-06,2.0375391339643302e-05,7.88240378947104e-06,1.3461964932229827e-05,7.3270879218971445e-06,7.976523819919511e-06,4.855693497697763e-06
2021-04-30,2021Q2,10:00,1.1506091152508482,10:30,1.1635195380433698,10:00,1.1506091152508482,10:00,1.1194088391927088,14:30,1.2833805925271515,10:00,1.0,14:30,1.113235502474435,11:00,1.1506091152508482,1.0611995166665718,1.04799361226796,1.0588952474924789,0.9948166017630163,1.0128958147686695,0.992290153767462,0.946561280311887,0.8912204605584026,0.8476253221027544,0.8454719831418872,2.171477175257112e-05,2.2887432420518866e-05,1.7575868922910614e-05,2.2887427005347676e-05,2.1649898929695372e-05,1.690715887190962e-05,2.4471912777109864e-05,1.4985112081552204e-05,1.7574742533479414e-05,1.2428354870119918e-05,1.4070605292065835e-05,1.2387145118525719e-05,1.1971591223233044e-05,1.211855659021457e-05,9.084323666381855e-06,1.1727146357005565e-05,1.3477422909715668e-05,5.0368642425948514e-06,9.38986516120704e-06,2.6861552097265546e-06,8.235023286914707e-06,2.3758573759728915e-06
2021-05-03,2021Q2,10:00,1.1504552602046374,10:30,1.1593247015690278,10:00,1.1504552602046374,10:00,1.1188603859000403,14:30,1.28042670293874,10:00,1.0,14:30,1.1155395529821188,11:00,1.1504552602046374,1.0609565102005039,1.0481533301851387,1.0592837365347139,0.9950668577255073,1.0129756423709533,0.9922870638135274,0.9464362821037156,0.8918250463767321,0.8481659798171052,0.8460241922344969,1.6891435178686382e-05,1.0202567976699213e-05,1.7366332910734976e-05,1.0082030068031353e-05,1.724146733464048e-05,8.405765240727688e-06,1.7851701569484208e-05,6.737506284037243e-06,1.2476488755288868e-05,4.76091258609419e-06,1.1625713237117917e-05,3.8798547980335565e-06,9.831574279923298e-06,3.862037513748977e-06,8.744911544256609e-06,3.784278376545893e-06,6.843609949901821e-06,3.5570765642870365e-06,5.620970704038953e-06,2.813888939604413e-06,4.947365918135132e-06,2.634338945579544e-06
2021-05-05,2021Q2,10:00,1.150626845300415,10:30,1.1659798865904558,10:00,1.150626845300415,10:00,1.119636771004624,14:30,1.2778890312632674,10:00,1.0,14:30,1.1165296392819724,11:00,1.150626845300415,1.061197889191436,1.048495738650658,1.059767370286757,0.9954384514388559,1.0133787285826195,0.9926332698834351,0.9467563274998689,0.8920719290983304,0.8484117672960979,0.8462652523801518,2.5019914328824525e-05,2.0207928912915e-05,2.6340120382000055e-05,1.7046469642282223e-05,1.6959382579364874e-05,1.4802739318604892e-05,1.3399101246924481e-05,1.426949514229338e-05,1.0376309496817623e-05,1.0150097716306181e-05,9.469781825876617e-06,9.426584187159936e-06,1.0331934385203218e-05,7.414800271939316e-06,9.012745472872788e-06,7.273652942386998e-06,8.506833977126301e-06,7.241453225510281e-06,5.956019319852616e-06,7.110957994045641e-06,5.945679566150205e-06,6.550097692776306e-06
2021-05-07,2021Q2,10:00,1.150685671486002,10:30,1.158271990163471,10:00,1.150685671486002,10:00,1.11997899705338,14:30,1.2693060111308436,10:00,1.0,14:30,1.1161882075166882,11:00,1.150685671486002,1.061496290101879,1.048554136934627,1.0596896380998742,0.9954515298186087,1.0133743875297232,0.9928046892266684,0.9468880694871559,0.8922095110499615,0.8484059188781823,0.8463009262145494,2.4808088670020247e-05,1.463701364359034e-05,1.905450886494582e-05,7.333505143933258e-06,1.333807617895405e-05,7.313395048585684e-06,1.1571452459217121e-05,7.1558351368598135e-06,9.973962995838953e-06,6.914674734969437e-06,9.89193455089452e-06,5.491675924760729e-06,8.015917148682245e-06,5.489660376068856e-06,9.974314158272769e-06,3.4825718662552395e-06,7.913727554355904e-06,3.1837766570103082e-06,6.1320476748049895e-06,1.5540769479878723e-06,5.074492791502693e-06,1.4948127862406328e-06
2021-05-10,2021Q2,10:00,1.1509505566680283,10:30,1.1992172712170084,10:00,1.1509505566680283,10:00,1.1211924773660769,15:00,1.3881649865995298,10:00,1.0,14:30,1.1178142979624377,11:00,1.1509505566680283,1.0619037946048784,1.048784191086118,1.0598694929805312,0.9955998112266474,1.0136008461940165,0.9929526424703915,0.9473016445917655,0.892550421441919,0.848771477015487,0.8466384639629838,1.781379903505707e-05,3.659207426986603e-05,1.56653626008978e-05,3.587544036015462e-05,1.38872312333914e-05,3.574948499642147e-05,1.084056796430661e-05,3.345926259975179e-05,9.794677899431022e-06,3.333031413171053e-05,8.448046992032725e-06,3.3055278721988904e-05,9.328429039491686e-06,3.234275972118781e-05,7.413058332709385e-06,3.2327055926759044e-05,7.603243594439963e-06,3.1891176137841715e-05,1.2315176657535198e-05,1.568968142008032e-05,1.0652292999207896e-05,1.4692439052971194e-05
2021-05-12,2021Q2,10:00,1.150143401787746,10:30,1.1976403544712053,10:00,1.150143401787746,10:00,1.1178259700279976,15:00,1.3656089884030156,10:00,1.0,14:30,1.1167463842230405,11:00,1.150143401787746,1.0610937825500337,1.0478277097943132,1.0587608787883607,0.9944794924433008,1.0122916759307088,0.9916411206171756,0.9458667958992684,0.8911515607175604,0.8486954891625939,0.8464803408866557,8.259020388999153e-05,5.354998575197971e-05,6.59787776112438e-05,5.0964779595003775e-05,6.659815567084781e-05,4.46432061217876e-05,5.1106253897875944e-05,4.456194177329249e-05,6.267249207122619e-05,2.5652396709056722e-05,5.7184634131950265e-05,2.5651382825795274e-05,4.7854081552622084e-05,2.563757564372425e-05,4.105206335645835e-05,2.50240138222978e-05,3.4354728848440575e-05,2.479357859850562e-05,2.5896100590855524e-05,2.288194534072186e-05,2.0561734968577652e-05,1.9421586680495708e-05
2021-05-14,2021Q2,10:00,1.150839652408903,11:00,1.1903816181310882,10:00,1.150839652408903,10:00,1.1211330305545129,15:00,1.3569211477256469,10:00,1.0,14:30,1.118016831372611,11:00,1.150839652408903,1.0615227323959364,1.048629319399117,1.058937286793627,0.9962573328753324,1.0139205708893881,0.9929302732518475,0.9469397190304296,0.8919722893902339,0.8491858847390386,0.8468444507249205,3.6894519527990895e-05,1.0888989191897788e-05,3.1598461860851604e-05,9.80352721808005e-06,2.44326359450001e-05,5.960911512250032e-06,2.3801340948914156e-05,5.74600796518356e-06,2.0998503321714705e-05,5.654432481081065e-06,1.6121650404961548e-05,4.160918676985021e-06,1.4363665998056967e-05,3.5229026761615586e-06,1.2199861042736287e-05,3.3866079700866115e-06,1.105772509065421e-05,3.3814449856326544e-06,8.860508226043003e-06,2.7450084122697474e-06,8.638239759283034e-06,1.490314884281623e-06
2021-05-17,2021Q2,10:00,1.1516471107954374,11:00,1.1894082793523948,10:00,1.1516471107954374,10:00,1.1247585767385189,15:00,1.3588015433928256,10:00,1.0,14:30,1.120239193832255,11:00,1.1516471107954374,1.0622863228116612,1.0493645062428034,1.0597331874157363,0.9969922168754181,1.0145415026266593,0.9935546230786353,0.9474946809274531,0.8925105039982988,0.8496802051265809,0.8474959672979844,4.358315138908348e-05,1.4119510508792623e-05,3.772993359829838e-05,1.23355194695854e-05,3.007149029739851e-05,1.0984242400920227e-05,3.003268926036859e-05,8.558498085537245e-06,2.5954714322419428e-05,8.506142527976586e-06,1.946796000208595e-05,7.10240901038262e-06,1.8113915976178276e-05,6.879794488493598e-06,1.8001639288389677e-05,5.597501910977743e-06,1.543011017271688e-05,5.5817898909054156e-06,1.0347688478953113e-05,4.142751021860264e-06,7.124234241205543e-06,1.946731911850624e-06
2021-05-19,2021Q2,10:00,1.152552228938033,11:00,1.1911010456543594,10:00,1.152552228938033,10:00,1.1288634070586832,15:00,1.3611303637138228,10:00,1.0,14:30,1.1225259332199133,11:00,1.152552228938033,1.0631732644047787,1.0501140449048139,1.0606745616137574,0.9978276259700963,1.0151809494288289,0.9942024363397451,0.9482780161842709,0.8932095378850449,0.8501969381162074,0.8479794212033086,7.52776031217265e-05,5.526971881678518e-05,5.632000706918026e-05,5.5269665440652236e-05,5.6982409340873065e-05,5.515006619395529e-05,4.342445541188633e-05,4.8947132321470435e-05,3.933058309276586e-05,4.8761897029350176e-05,3.407173652621526e-05,4.6362928897305606e-05,2.882792577156909e-05,4.6064169529560296e-05,2.448418612941875e-05,4.3251091357443444e-05,2.4855185216422913e-05,4.233843424689449e-05,1.8265518078625084e-05,4.022296003889051e-05,1.782433673348814e-05,2.1321192505822116e-05
2021-05-21,2021Q2,10:00,1.1529350213300174,11:00,1.1851343772962395,10:00,1.1529350213300174,10:00,1.1307780389964581,15:00,1.3500443085989562,10:00,1.0,15:00,1.1155137312183314,11:00,1.1529350213300174,1.0630855151097254,1.0500764819904718,1.06029402824106,0.9973828324153818,1.014504925748003,0.9932303311506135,0.9472610104022047,0.8923447832182039,0.8489948358959113,0.8479568914599347,3.088687976939854e-05,2.7920331668623986e-05,2.705724641930339e-05,1.7498952853814556e-05,2.2972386167656093e-05,1.718492252815558e-05,2.2061285775301773e-05,1.3745489923440441e-05,1.9092722156779498e-05,1.3032241146766548e-05,2.2537757621734928e-05,1.1940877789615182e-05,2.0357288034667408e-05,9.89425650990982e-06,1.1720871347405942e-05,8.360601077043613e-06,1.3001684287003673e-05,7.871812555452112e-06,9.856396499622445e-06,7.499480394187032e-06,7.170902004821524e-06,7.040636824869214e-06
2021-05-24,2021Q2,10:00,1.1528919603265457,11:00,1.1844344615910258,10:00,1.1528919603265457,10:00,1.1306755882862696,15:00,1.348177667190571,10:00,1.0,14:30,1.1157619615756005,11:00,1.1528919603265457,1.0633892144835042,1.0502750334147715,1.0606293007214616,0.9976733458632128,1.0150468468641278,0.9938332170093941,0.9474947602188178,0.8927433508149839,0.849257968968661,0.8480626667303549,2.0413473524968232e-05,1.1761748922997312e-05,1.744209375417432e-05,8.120636444988484e-06,1.605987361863956e-05,7.669427317319601e-06,1.2843381923843233e-05,7.364290126952803e-06,1.1844770400722465e-05,6.923053731409917e-06,9.710363657232703e-06,6.43246137057584e-06,8.516352762086689e-06,5.803082845105713e-06,7.2533383553724285e-06,5.2083176392167675e-06,6.82038436150403e-06,5.100539539277854e-06,5.411929728081478e-06,4.564114671323629e-06,3.7988495327080175e-06,4.561374751704385e-06
2021-05-26,2021Q2,10:00,1.1531182843653904,11:00,1.1792075518157845,10:00,1.1531182843653904,10:00,1.1317498392403214,15:00,1.3407132786138307,10:00,1.0,14:30,1.116120346549347,11:00,1.1531182843653904,1.0637054781938067,1.050597525317689,1.0608545886128677,0.997908641664819,1.0152121758869168,0.9939905593386499,0.9476372867531512,0.8928944572168858,0.8493737448778227,0.8480565484177288,2.941917607822586e-05,7.678792479082599e-06,2.1840419003774945e-05,3.6591148732385604e-06,1.6375118452122475e-05,3.5278002396841934e-06,1.4946319491160782e-05,3.502306333022416e-06,1.2657862819777117e-05,2.9811490302229394e-06,1.1832921585979135e-05,2.972965292785041e-06,9.634847324097869e-06,2.8940094141611216e-06,9.002759540012776e-06,2.793718664336837e-06,9.597188382140382e-06,1.0129200746149568e-06,6.700900712097679e-06,3.009645673081748e-07,4.703085288614764e-06,3.84639728715292e-08
2021-05-28,2021Q2,10:00,1.1537972255510165,11:00,1.194085705818961,10:00,1.1537972255510165,10:00,1.1349105709706122,15:00,1.3650450187807817,10:00,1.0,14:30,1.1185260295111512,11:00,1.1537972255510165,1.0643499443687223,1.051107841365614,1.061357268146589,0.9983699852451032,1.015670224770227,0.9943773027625178,0.9480279070933817,0.8934738546004372,0.8498596029107541,0.848467809317363,1.4323260380795687e-05,1.0626458773552628e-05,1.228066593795337e-05,6.367942268535386e-06,1.0080744430594637e-05,5.640327305750376e-06,7.971393541908407e-06,5.307357492596884e-06,7.440170862153655e-06,4.859610840351681e-06,6.875895814504454e-06,4.687347237352659e-06,5.949040462895834e-06,4.31862384111484e-06,5.267015680823408e-06,3.9466295142079565e-06,4.721184721236295e-06,3.94480976481535e-06,3.6235695670111204e-06,3.872817989933066e-06,2.9222975613268216e-06,3.872005258679002e-06
2021-06-01,2021Q2,10:00,1.1538652945300054,11:00,1.1912304259475546,10:00,1.1538652945300054,10:00,1.1352589098348989,15:00,1.3601820440169838,10:00,1.0,14:30,1.118465354369814,11:00,1.1538652945300054,1.0645474935792396,1.0512750572972347,1.0614619066073572,0.9984932847532633,1.0157801069436716,0.9944719704322429,0.948121646890159,0.893553590500694,0.8498846388978264,0.8484358582761394,1.847097818787461e-05,1.3794849258919257e-05,1.5758736876404107e-05,8.453095063082064e-06,1.540292784120483e-05,6.749599078106087e-06,1.0961290822082623e-05,5.74276119579531e-06,7.932161133664549e-06,5.725691930778555e-06,7.76774275187191e-06,5.273179844473925e-06,7.696317364278951e-06,5.075366178984614e-06,8.12885512328757e-06,3.555328632703128e-06,5.9189051558372094e-06,3.0314548503297288e-06,3.861240195965414e-06,2.1350490014686422e-06,2.9479510117015714e-06,1.5012169533227258e-06
2021-06-02,2021Q2,10:00,1.1539495330989413,11:00,1.1902805055864385,10:00,1.1539495330989413,10:00,1.135695300190023,15:00,1.357192775144708,10:00,1.0,14:30,1.1191484445109456,11:00,1.1539495330989413,1.0647900964353467,1.0516095165807198,1.0616795754172552,0.9985987696974092,1.0159053456490792,0.994623479935819,0.9484139534132808,0.8937674560032125,0.8500388532428057,0.8485832170258982,1.423173487686773e-05,7.316361429017307e-06,1.1487178750341965e-05,6.254442970901341e-06,9.028876043352117e-06,6.131030225138563e-06,7.893470999953017e-06,5.2254414252852695e-06,6.712731124451915e-06,4.930255411765714e-06,6.602329720887273e-06,3.7784141147877418e-06,5.664768084251286e-06,3.775429169688663e-06,6.3953129795244245e-06,1.7070128969099282e-06,5.496017366771506e-06,1.6960334973274975e-06,3.865870211067092e-06,1.694761450019552e-06,2.935060239096057e-06,1.6104962139354354e-06
2021-06-04,2021Q2,10:00,1.1541404577109855,11:00,1.1951025519131107,10:00,1.1541404577109855,10:00,1.1366240959096694,15:00,1.3603581255953396,10:00,1.0,14:30,1.1200090456944094,11:00,1.1541404577109855,1.064963306809229,1.0517134221677944,1.0617844906332345,0.9986839618352455,1.0160488623219404,0.9947326777126363,0.9487073587771109,0.8940325917505499,0.850221568163345,0.8487212404093772,1.3776748838249547e-05,2.9054246175408945e-06,1.1405000924487917e-05,2.8666910378538367e-06,9.333767171402203e-06,2.106150126966987e-06,7.721089624832254e-06,1.9643906491140624e-06,6.6024090604599515e-06,1.4458882880109675e-06,5.504530471028301e-06,1.4373435517895597e-06,4.691355444045642e-06,1.0493476646424768e-06,4.045053017671482e-06,1.0374852520593682e-06,3.712784886827676e-06,4.08632537050346e-07,3.049169488877214e-06,7.002756813948363e-08,2.9933136444708603e-06,4.7115518450285066e-08
2021-06-07,2021Q2,10:00,1.1544841959085241,10:30,1.201100284296679,10:00,1.1544841959085241,10:00,1.1382841250840157,15:00,1.3587524756217808,10:00,1.0,14:30,1.1211853460016015,11:00,1.1544841959085241,1.0652629474517228,1.0519999343503181,1.0620365148641413,0.9989295362077325,1.016258845426482,0.994941240227834,0.9488953666549936,0.8942555742603653,0.850446800868608,0.8489811365270947,1.1190909083394445e-05,4.853360711085546e-06,1.11486109977938e-05,3.2003654727122963e-06,9.07296787423583e-06,3.1222073298236592e-06,7.82311727375115e-06,2.0983049236288085e-06,6.551581133688882e-06,2.0966819202691695e-06,5.456995113988115e-06,2.0957337347139335e-06,5.4055365666020024e-06,2.037269730497664e-06,4.364703561916214e-06,1.7799508165904681e-06,3.831942011503773e-06,1.7799009276962558e-06,2.9018349329460723e-06,1.431383024542183e-06,2.1134946020492015e-06,8.567647023807518e-07
2021-06-09,2021Q2,10:00,1.154668436317106,10:30,1.2030985562585566,10:00,1.154668436317106,10:00,1.1391913938799123,15:00,1.3549206390425583,10:00,1.0,14:30,1.1217849556776451,11:00,1.154668436317106,1.065540574891942,1.0522328757946633,1.062286695904926,0.9991417039336478,1.0164315844188554,0.9951344012477348,0.9490597039379721,0.8944047857516149,0.8505736954934439,0.8491031072956694,1.144799307082391e-05,5.067639888640263e-06,8.949177261770907e-06,5.063254968076308e-06,7.813799266356319e-06,5.0594741105755994e-06,7.046909858087567e-06,4.988225995569157e-06,6.91232053385578e-06,3.847095886940822e-06,5.158098659940977e-06,3.6835787555758785e-06,4.428189119433385e-06,3.6496133217593723e-06,4.003375366629568e-06,3.5820428758772296e-06,3.3488282813385205e-06,3.321443457703733e-06,2.7937462608503056e-06,3.1637688329678056e-06,2.885935977921387e-06,2.2962799595575948e-06
2021-06-11,2021Q2,10:00,1.1548529350095635,10:30,1.2003930974866057,10:00,1.1548529350095635,10:00,1.1401093350867124,15:00,1.3529096909791416,10:00,1.0,14:30,1.1216614039505044,11:00,1.1548529350095635,1.065668043650035,1.052333062057753,1.0623648447763294,0.9992877443487929,1.0165049812519251,0.995179920015025,0.9490967801713804,0.8944299642970058,0.8505814321127815,0.8491854674010781,1.1328960305712273e-05,6.6880765086298735e-06,8.69836790091363e-06,6.111789729242344e-06,8.04706683797876e-06,5.570132988936199e-06,6.753913768767677e-06,5.427670055013298e-06,5.602303197885585e-06,5.323232605034165e-06,5.8923580648345875e-06,4.564090595947232e-06,3.964611948471717e-06,4.360625714412411e-06,3.2574802801425033e-06,4.323125794615792e-06,2.7204671378654023e-06,4.0182510243160444e-06,2.250191010107421e-06,3.684451775176177e-06,1.9716086955729083e-06,3.6815116588362697e-06
2021-06-14,2021Q2,10:00,1.1549717601814888,10:30,1.1978493536788646,10:00,1.1549717601814888,10:00,1.1407144028414773,15:00,1.3476952870074317,10:00,1.0,14:30,1.1211057976525096,11:00,1.1549717601814888,1.065746400880563,1.05242097226222,1.0624089943046373,0.9993012031973844,1.0165700026858262,0.995158490464568,0.9490448712253627,0.8943718084200983,0.8505148947936051,0.8490839155079322,8.016762815550395e-06,1.5446668343313107e-05,6.560765324454265e-06,1.477707253604035e-05,5.4021179137469674e-06,1.455451990700077e-05,5.106745853114398e-06,1.409281995132488e-05,4.581758307613441e-06,1.4064746246272194e-05,3.97607215795343e-06,1.4064740389191247e-05,4.384751917640812e-06,1.3777534452358196e-05,3.157455648253449e-06,1.356127410668765e-05,2.6104556748635867e-06,1.3526493177743951e-05,2.4774028147978373e-06,1.34540856529256e-05,1.7496807560360294e-06,1.2847353609991353e-05
2021-06-16,2021Q2,10:00,1.1546481431336877,10:30,1.1987323347966192,10:00,1.1546481431336877,10:00,1.1391322299772273,15:00,1.3423773748491166,10:00,1.0,14:30,1.116699650276702,11:00,1.1546481431336877,1.0654171205290583,1.0520223546150114,1.0619683078984379,0.998850762662091,1.0160347455459495,0.9946259598061581,0.9484491153478012,0.8937407896772822,0.8498405565319714,0.8482793239199236,4.047017168452198e-05,3.116453937600203e-05,3.534613532889317e-05,3.116453354287325e-05,3.570598951503756e-05,3.111124191043599e-05,3.3606381902115546e-05,3.053976905322185e-05,3.2134244932735045e-05,3.0098807957977726e-05,3.8773452306932044e-05,2.7241167999594744e-05,3.785920768830069e-05,2.7240074468410845e-05,4.180677330520672e-05,2.6348265728993503e-05,4.024735943955333e-05,2.634556032272374e-05,3.1611477289130615e-05,1.3325198982963606e-05,1.7550332771428238e-05,1.3264435429590381e-05
2021-06-18,2021Q2,10:00,1.1547957745964321,10:30,1.1961390066364561,10:00,1.1547957745964321,10:00,1.1399557612913878,15:00,1.339010522040783,10:00,1.0,14:30,1.1244357849948992,11:00,1.1547957745964321,1.0654938338468094,1.0521418571111507,1.062020683022477,0.9989490500186534,1.016609316063245,0.9952397298205156,0.9494789451059227,0.8948496844846018,0.8513649254988285,0.8488319869525547,5.508125568732774e-05,3.7464371045198024e-05,4.858757083673604e-05,3.551107350817377e-05,4.357907158995191e-05,3.418180633699613e-05,4.038207389743239e-05,3.244661232170473e-05,3.11480765870165e-05,2.5615388362282916e-05,2.2353037375165687e-05,2.4101868060475428e-05,2.120033506985127e-05,2.226702725911876e-05,2.0861014290238906e-05,2.210944660167736e-05,1.9576939113476322e-05,2.2029803490988894e-05,1.6610506127564503e-05,2.190122774737498e-05,1.3753792590840848e-05,1.662444098893733e-05
2021-06-21,2021Q2,10:00,1.1551841960222804,10:30,1.1980174691396575,10:00,1.1551841960222804,10:00,1.14201596173379,15:00,1.3393077250887178,10:00,1.0,14:30,1.122398139067188,11:00,1.1551841960222804,1.0658782077949043,1.0524471924892753,1.0622845198284947,0.9992127061325473,1.0164981629732417,0.9951850275750301,0.9494709068544183,0.894840639749001,0.8512122354852222,0.8488006575098291,2.788345329063973e-05,1.8033599882251026e-05,1.8539327156600516e-05,9.334336266748073e-06,1.616994724746468e-05,4.095244000886977e-06,1.1826023708457101e-05,3.980158143736132e-06,1.0813426120094515e-05,3.529657111512239e-06,8.293696280588396e-06,3.3633528562570503e-06,8.18486650421514e-06,3.2607803114470373e-06,6.280041701887387e-06,2.9860026711846772e-06,7.044441453683169e-06,6.358799586946096e-07,5.471112929676936e-06,4.718960496927137e-07,3.746926611540789e-06,4.5430004575499926e-07
2021-06-23,2021Q2,10:00,1.155415822782819,10:30,1.2060866906343506,10:00,1.155415822782819,10:00,1.1432392628338388,15:00,1.3442802945689996,10:00,1.0,14:30,1.124504820502453,11:00,1.155415822782819,1.0661852279646267,1.0529226588399045,1.0626229012271713,0.9995582019171285,1.0167502448786383,0.9954662481824057,0.9496815438247528,0.8952699356308719,0.8515925106300789,0.8490951608073716,1.1224522864835131e-05,1.0463598025536094e-05,9.394771175862472e-06,1.0463547358252276e-05,8.573677441350055e-06,1.037571675467706e-05,8.312124915102272e-06,9.739633245517874e-06,6.732869959902987e-06,9.701464814663605e-06,5.327966659933075e-06,9.666945595194907e-06,5.428083194900314e-06,9.394018924079631e-06,4.345709250901083e-06,8.516959453493157e-06,3.5891926103288304e-06,8.515540618492156e-06,3.3385115741328382e-06,7.91634860594803e-06,2.4032411128890917e-06,7.841867022525682e-06
2021-06-25,2021Q2,10:00,1.1553874091061476,10:30,1.2029710390170736,10:00,1.1553874091061476,10:00,1.1431142751442673,15:00,1.336896655030108,10:00,1.0,14:30,1.1226208390058092,11:00,1.1553874091061476,1.0661223000031772,1.0528284400006849,1.0625322018799903,0.9994177121676255,1.0165176165444723,0.9952430126586014,0.9494528189884422,0.8950026138740957,0.8513373921422905,0.848722591067156,9.634286624169899e-06,4.256987005363228e-06,8.78711824534007e-06,2.8903808847385505e-06,7.453296402394387e-06,1.6415669491121588e-06,5.7225096075646005e-06,7.580509229699106e-07,4.910984966066448e-06,7.551621827545082e-07,5.431304017733786e-06,4.584873258992031e-07,5.039954711050765e-06,3.1503595517233916e-07,4.3233745176465265e-06,2.773855576491145e-07,3.847951806835506e-06,2.37897367145314e-07,3.7239153762930784e-06,1.6567886092570326e-07,2.90153939842082e-06,4.769508186204451e-08
2021-06-28,2021Q2,10:00,1.1555422426704844,10:30,1.2049171539963706,10:00,1.1555422426704844,10:00,1.1439302735383148,15:00,1.3378460085498955,10:00,1.0,14:30,1.1241533298540456,11:00,1.1555422426704844,1.0663261290836934,1.0530578461077214,1.0627510845892674,0.9996146860414008,1.0167742381741518,0.995511937565966,0.9497009318156564,0.8952434626819434,0.8516059923338537,0.8489730909644979,8.565116327332083e-06,4.564632357454229e-06,6.708226939640474e-06,4.555459536119117e-06,5.594468002337707e-06,4.414079807625891e-06,5.889797281988735e-06,4.193550038657183e-06,4.234564673777394e-06,3.821714388674829e-06,4.240826018817164e-06,3.603384290437687e-06,4.1277530001338925e-06,3.4916515223210544e-06,4.067855267466177e-06,3.1077005933248133e-06,2.6942984444219334e-06,1.263295764368576e-06,2.375195757846163e-06,9.822775721873229e-07,2.1595029735657192e-06,7.420011686151178e-07
2021-06-30,2021Q2,10:00,1.1556502625597758,10:30,1.2055138401720795,10:00,1.1556502625597758,10:00,1.1445083473586612,15:00,1.3389107771593352,10:00,1.0,14:30,1.1247682216040469,11:00,1.1556502625597758,1.0663922304304785,1.0530957539330794,1.0628148670023103,0.9996343181019585,1.0168040539359757,0.995549014903124,0.9497691478322463,0.8953470373506691,0.8517213357035293,0.8491070031466297,9.723688290294017e-06,2.5596542148097054e-06,8.119417602953377e-06,1.946800291576956e-06,6.54791908069328e-06,1.3530767405800515e-06,6.55019087324067e-06,8.588763464607378e-07,5.529273096519084e-06,8.458722152081996e-07,5.483076850325032e-06,7.238541664632051e-07,4.735792823753829e-06,4.685475837091813e-07,5.007772011032814e-06,3.1002188539013054e-07,4.601050047018206e-06,3.071533588874677e-07,4.29238334014152e-06,3.0671559641860347e-07,3.975133909133799e-06,2.8520127343412477e-07
2021-07-02,2021Q3,10:00,1.1558723450721453,11:00,1.2254813908634588,10:00,1.1558723450721453,10:00,1.1456954854366692,14:30,1.3821198293952797,10:00,1.0,14:30,1.1265297155225857,11:00,1.1558723450721453,1.0666080751090758,1.0533009896082468,1.063065757798766,0.9998562397221166,1.0170493441443544,0.9957918776538364,0.9500571253589508,0.8956336409242808,0.8520235133558701,0.8494338135060917,6.125130594433764e-06,5.835431430328462e-06,4.6165967607999355e-06,5.831548425706711e-06,3.7661933050885986e-06,5.830351816581903e-06,3.005722500097435e-06,5.617449672446707e-06,3.6889778339275584e-06,4.837706816709836e-06,3.2375932785710397e-06,4.8315561207003875e-06,4.882264132960783e-06,1.7941760492467025e-06,3.5012462043583254e-06,1.7101766573560497e-06,3.0405093426190173e-06,1.5747542390274943e-06,3.0090430573500145e-06,1.2573157538854168e-06,2.1895222229944047e-06,7.970489531351494e-07
2021-07-06,2021Q3,10:00,1.1558520012171642,10:30,1.213145725411702,10:00,1.1558520012171642,10:00,1.1455965685318255,14:30,1.3738406089138473,10:00,1.0,14:30,1.1273214788277572,11:00,1.1558520012171642,1.0665508207558698,1.0532058685984802,1.0629337891983603,0.9998018565385202,1.0169627459801664,0.9959679564186987,0.9501717637642372,0.8957416254722044,0.8521687570676278,0.8495662176215856,6.08461596701026e-06,2.028474944632813e-05,8.172170707226921e-06,1.707279121857289e-05,1.5615436114879997e-05,9.085128137186414e-06,1.0561244043781502e-05,8.99339676620537e-06,9.361685473645672e-06,8.992861410198165e-06,1.1371048016354393e-05,6.597883802296661e-06,6.983202812278445e-06,5.2488111104900224e-06,4.778693942057762e-06,4.419525440831857e-06,4.55394575799651e-06,3.7050927555859744e-06,3.311261824574745e-06,2.651162304691812e-06,2.8564408873038736e-06,2.595824434526288e-06
2021-07-07,2021Q3,10:00,1.155282594086038,10:30,1.2089049256793827,10:00,1.155282594086038,10:00,1.1425468493182023,14:30,1.3973216171877239,10:00,1.0,14:30,1.127638489607937,11:00,1.155282594086038,1.066192638626366,1.0534479735856597,1.0629783479288242,0.9998194049362231,1.0172034598939854,0.9960677819478526,0.9502071501767224,0.8958234258354997,0.8522475944465372,0.8496232040034524,1.1805059882347187e-05,1.2548501874361767e-05,1.4684562189151892e-05,5.535597384124627e-06,1.2103762157302692e-05,5.511781881054378e-06,1.1064984726638699e-05,2.198000565782907e-06,8.463450345113059e-06,1.6087742051786232e-06,8.510955370643055e-06,1.5068041005167627e-06,7.86621482483067e-06,1.437073020770015e-06,7.876177397011655e-06,1.0859067043594243e-06,8.542864075466511e-06,1.0073369524049735e-06,4.014719176000651e-06,2.858527996989843e-07,2.692449587030896e-06,8.764272542448813e-08
2021-07-09,2021Q3,10:00,1.1551943406423544,11:00,1.2108773444364478,10:00,1.1551943406423544,10:00,1.1420926957031734,14:30,1.389293230776752,10:00,1.0,14:30,1.1293478807159252,11:00,1.1551943406423544,1.0665059976426385,1.0537000508207999,1.0633665218467525,1.0001439667028318,1.0175637983372203,0.9964336514584294,0.950625145705166,0.8963294019947805,0.852530190066971,0.849852331209706,1.555943846758873e-05,5.7069454869059835e-06,1.0381800315074496e-05,4.033913221051827e-06,8.991610346705936e-06,3.9665964295942986e-06,7.868108967505908e-06,1.2445009358154592e-06,7.260227205873589e-06,1.2391233077317436e-06,5.832388520873523e-06,1.2111015679951163e-06,4.681001092247213e-06,1.0627695086045886e-06,4.124265905501655e-06,1.0604528241179957e-06,3.6843750677865037e-06,9.484816777559931e-07,3.5404323979856746e-06,7.726749505196273e-07,2.9267907548366714e-06,1.165059387101511e-08
2021-07-12,2021Q3,10:00,1.1554882492080139,11:00,1.2025019296467203,10:00,1.1554882492080139,10:00,1.1437305660161958,14:30,1.3807738108165057,10:00,1.0,14:30,1.1306358008662207,11:00,1.1554882492080139,1.066722885213411,1.053892639434573,1.0636575619119604,1.00042902243971,1.0178013168724462,0.9966395799679542,0.9508154433426149,0.8965170814954291,0.8527461242230404,0.8501076182810747,1.1548484723644752e-05,3.5368246048414773e-06,8.08899893896366e-06,2.3684155203867964e-06,7.042318988136562e-06,2.1721736565355305e-06,6.384840563388989e-06,1.8059515158642268e-06,5.239999505619732e-06,1.5276186124050477e-06,4.759751907545198e-06,1.475476500851635e-06,4.302890215775808e-06,1.4560813896140464e-06,3.1506001254435415e-06,1.3847362259290417e-06,3.1695143244091552e-06,1.282578997190977e-06,2.2547389731418886e-06,4.6138292086996485e-07,1.6681956150599992e-06,4.343793733410703e-07
2021-07-14,2021Q3,10:00,1.1557327967637416,11:00,1.2038923504431596,10:00,1.1557327967637416,10:00,1.1451039286211566,14:30,1.3959780071944394,10:00,1.0,14:30,1.131480413199485,11:00,1.1557327967637416,1.066921310403831,1.054082853132483,1.0638560534485944,1.0006047383048047,1.017969529093354,0.9968016988448813,0.9509274303743861,0.8966508100861819,0.8528855915777724,0.850221296400917,1.2647495937574403e-05,2.5863350806828495e-05,1.0617623356690446e-05,2.562032114349681e-05,8.8858693052867e-06,2.5203241090819047e-05,1.2809017184532679e-05,1.824220810547206e-05,1.652797701120422e-05,1.4052421296047504e-05,9.03212584014473e-06,4.223558060307601e-06,6.877934128392756e-06,4.101434998282281e-06,6.283814983075844e-06,2.498335394551529e-06,4.182838445564182e-06,1.1659907238791576e-06,3.093917377757319e-06,8.080065960653104e-07,2.9996475161523025e-06,7.471959047040723e-07
2021-07-16,2021Q3,10:00,1.1551681397732467,10:30,1.2051640515578754,10:00,1.1551681397732467,10:00,1.1419786683863988,14:30,1.3815644563241545,10:00,1.0,14:30,1.1325715197552397,11:00,1.1551681397732467,1.066325524325268,1.053376012199835,1.0635629037225542,1.0007214530179438,1.0182138253918458,0.9969602512220389,0.9511660313770705,0.8968585288062948,0.8530657713783674,0.8504282050189038,1.6803642828130737e-05,3.0443543342991798e-05,2.6182611711546818e-05,1.121393965798592e-05,1.8887726937157985e-05,9.683434478411675e-06,2.0011695730397544e-05,7.083756329216895e-06,1.4405206263060573e-05,5.760655852189034e-06,9.676882167686797e-06,5.440940008577482e-06,8.112927012399153e-06,5.368647603514321e-06,7.518403049314778e-06,5.236697238240007e-06,8.638616427820029e-06,4.303295128032242e-06,7.969048689442888e-06,2.512720177436883e-06,6.856431393425321e-06,1.6874679428040474e-06
2021-07-19,2021Q3,10:00,1.1545674016814658,12:00,1.203899833598203,10:00,1.1545674016814658,10:00,1.138652682472764,14:30,1.4060020481608662,10:00,1.0,14:30,1.1352069645385603,11:00,1.1545674016814658,1.0668322832758197,1.0537231899903345,1.0641171079457383,1.0011301124488508,1.0184273054927342,0.9971171064518095,0.9513209005248149,0.8971748593409552,0.8535021712709407,0.850902565109131,8.717238170285667e-05,5.6253601546948814e-05,8.286085471997748e-05,5.5971364836386494e-05,5.8285616669027605e-05,5.589569693408827e-05,4.560937544951533e-05,5.555047105786197e-05,3.493303241579336e-05,5.3369582824378396e-05,3.69561571310838e-05,4.140174400660447e-05,3.57590396631632e-05,3.934996481902344e-05,3.1718981079092664e-05,3.813140309533019e-05,2.737030296992707e-05,3.777455152141731e-05,1.5000079394152508e-05,3.0671681731649815e-05,1.4205184135974086e-05,2.668369919280718e-05
2021-07-21,2021Q3,10:00,1.155293078668072,10:30,1.2153831017134449,10:00,1.155293078668072,10:00,1.1429357880069766,14:30,1.3818022106167809,10:00,1.0,14:30,1.127809272010928,11:00,1.155293078668072,1.0676553128725932,1.0536987481068323,1.0635188468405292,1.0002574803075768,1.0181590954401143,0.9969199591426217,0.9510434630281267,0.8967443755816992,0.8526667091923554,0.8501605578013773,2.2494280136009908e-05,9.479555340330435e-06,1.6414843670466864e-05,7.68123989982307e-06,1.1333022198471758e-05,7.017932414311156e-06,1.0477700873826698e-05,6.773298207431893e-06,8.138059508708417e-06,3.373567705674962e-06,7.038935328373242e-06,2.5245219093033783e-06,6.541674882051865e-06,2.35508925258948e-06,4.6893825289598405e-06,1.5094766199031327e-06,3.6702982965021474e-06,1.489174667681405e-06,3.1478866186160546e-06,1.4707762705529444e-06,2.809552372458079e-06,1.062885537383532e-06
2021-07-23,2021Q3,10:00,1.1556698646260801,10:30,1.2091572469249132,10:00,1.1556698646260801,10:00,1.145115934889751,14:30,1.3791733310228989,10:00,1.0,14:30,1.1286346294893952,11:00,1.1556698646260801,1.0679472701492991,1.0538557380370346,1.0636638698524872,1.000482179434703,1.0183891727244805,0.9971576867410041,0.9512415756129159,0.8968985199903613,0.8528082363172382,0.8503269195352322,1.3910081615639266e-05,1.2647083800814218e-05,1.0200466239460257e-05,1.094602542091837e-05,8.370087979021398e-06,8.0615716519336e-06,9.946917475466027e-06,3.719678278882588e-06,9.063413829824007e-06,2.642256777679488e-06,6.879821833554248e-06,2.3145360890116878e-06,5.593706901389698e-06,1.6904306990253407e-06,7.196755252217766e-06,6.253274229150195e-07,5.274068545924548e-06,6.171085530788516e-07,4.2326853460323644e-06,5.754317724305345e-07,3.2122470585173205e-06,5.751775703779811e-07
2021-07-26,2021Q3,10:00,1.1556468355955947,10:30,1.2018116217998893,10:00,1.1556468355955947,10:00,1.14500800101466,14:30,1.3709552665412532,10:00,1.0,14:30,1.1304358536201236,11:00,1.1556468355955947,1.0678943543776902,1.0538507310355407,1.0639291605835253,1.0007849662604074,1.018622010483157,0.9973791949082785,0.9516435275872024,0.8972101502300439,0.8530878665255615,0.8505646023423957,1.4925237250404317e-05,6.437131051842939e-06,1.2310218013398056e-05,5.05773593023969e-06,9.719712787713979e-06,4.894749476655565e-06,7.856682356426798e-06,2.1658771841012976e-06,7.850512183558672e-06,1.660757130033242e-06,6.651618275282635e-06,1.0509179209637064e-06,6.236887540563943e-06,8.884463561492609e-07,4.8863133706539934e-06,5.575833336307025e-07,4.401811943537458e-06,5.178517606823188e-07,3.645898126745748e-06,4.613049104214942e-07,3.0676208570321405e-06,3.490899621704227e-07
2021-07-28,2021Q3,10:00,1.155891055295468,13:00,1.2079005421587596,10:00,1.155891055295468,10:00,1.1464467943620964,14:30,1.3806033175506667,10:00,1.0,14:30,1.132022994018415,11:00,1.155891055295468,1.06813979269222,1.0540324674144836,1.0641750266897771,1.0010768150058331,1.0189093213430145,0.9976824587126202,0.9519087111198674,0.8974700556443248,0.85333090222422,0.850806427100393,3.678167077105795e-05,1.4623075466450995e-05,3.1724331124067615e-05,1.2963747851426344e-05,2.9243541365405484e-05,1.2816585980256616e-05,2.6668016374230957e-05,1.2185095811385934e-05,2.3345722590366412e-05,1.1836518959160531e-05,2.3517945473151507e-05,1.0837938985267554e-05,2.412744964116832e-05,1.0683348076506551e-05,2.5323157446832052e-05,9.405399013077635e-06,2.7750628168652555e-05,9.393949146698941e-06,1.2393450778232217e-05,5.364752433137838e-06,6.797616344670549e-06,3.128512088564901e-06
2021-07-30,2021Q3,10:00,1.1565392525274343,11:30,1.219800927295597,10:00,1.1565392525274343,10:00,1.1502904190695773,14:30,1.3684431121246532,10:00,1.0,14:30,1.1355824520160163,11:00,1.1565392525274343,1.0687745707521998,1.0546590459805227,1.064781397889949,1.001618688036931,1.019551166976717,0.9984453669450243,0.9529047846426641,0.8987446243155501,0.8539146911832742,0.8511673037208164,2.0070871328181884e-05,9.032741263702984e-06,1.986990733400376e-05,5.9340080424179595e-06,1.6281062627227516e-05,5.887335121225261e-06,1.4254898563133368e-05,5.725409939089599e-06,1.333924161946832e-05,4.943082929222228e-06,1.0977047473367031e-05,4.688205441805415e-06,8.379792409098525e-06,4.051638897081317e-06,8.082882110164816e-06,3.766389964659724e-06,7.755314300283902e-06,3.6064267487223822e-06,8.694554709744904e-06,7.513907612147434e-07,6.461606811814339e-06,7.681737452248714e-08
2021-08-02,2021Q3,10:00,1.1568529763100106,11:30,1.2174277672026075,10:00,1.1568529763100106,10:00,1.1521665337491815,14:30,1.3725326116228047,10:00,1.0,14:30,1.1396177418438718,11:00,1.1568529763100106,1.0692548091699177,1.0550600374148547,1.0651423862067564,1.0020139626125184,1.0198699367786959,0.9986908242800847,0.9531781615259053,0.8990423549316142,0.8545161783959895,0.8517254059470847,1.63488004005214e-05,1.7525457543296185e-05,9.33125570422103e-06,1.716505577376953e-05,8.799579882684705e-06,1.6153248670369607e-05,7.214763163317165e-06,1.587210807299917e-05,1.4595016878281289e-05,5.794722773554348e-06,1.7709275461110457e-05,5.453421857788152e-06,1.1151660259631815e-05,5.109392646932386e-06,9.042735262676441e-06,5.048059421306949e-06,6.850570435723964e-06,4.282139579644782e-06,5.451949096634728e-06,4.132705491511712e-06,3.5874033742573328e-06,4.10666297233157e-06
2021-08-04,2021Q3,10:00,1.1567250851602733,11:30,1.2066612945732271,10:00,1.1567250851602733,10:00,1.1514160048310491,14:30,1.361780373510904,10:00,1.0,14:30,1.1403003968474144,11:00,1.1567250851602733,1.0689347020153086,1.0547320690357131,1.0647138821894095,1.002427995280284,1.020494602699681,0.9990332738453285,0.953435470228775,0.8992402171748285,0.854659578473872,0.8517332259188707,1.3926537226137106e-05,4.9026642071845905e-06,1.2918429002050015e-05,4.630670298092952e-06,1.224411670010891e-05,4.11031315031504e-06,1.0296021871165343e-05,3.918344661653825e-06,7.932084170743507e-06,3.7362476857767843e-06,7.349446330290302e-06,3.6657321344077847e-06,5.972812806119142e-06,3.3665474561349604e-06,4.3166884533528655e-06,2.859324143388634e-06,3.5890218095964053e-06,2.849374080974283e-06,2.9003950835088257e-06,2.6029240766497714e-06,3.0086028106856974e-06,1.9804167117543636e-06
2021-08-06,2021Q3,10:00,1.156993997734684,11:30,1.2080236035515475,10:00,1.156993997734684,10:00,1.1530494909528641,14:30,1.3528450995749774,10:00,1.0,14:30,1.1404578654310151,11:00,1.156993997734684,1.0692173677377146,1.0550466879081446,1.0649846148683813,1.0026251993507722,1.0206801336468896,0.9991809784342562,0.953532179477729,0.8993079059871768,0.854710028339451,0.8518484997247485,1.2892287508692563e-05,4.323598768218854e-06,8.933559552139423e-06,3.400332368687541e-06,8.231618841117137e-06,2.8122959118456458e-06,6.733966709445063e-06,2.2749514610351678e-06,5.183238223854331e-06,2.1512722248656152e-06,4.472929926019348e-06,2.143940625566196e-06,4.383099688303359e-06,1.913563382483102e-06,3.2250766153287642e-06,1.8125934220345393e-06,2.7830639957250242e-06,1.7800685651023943e-06,2.5732454302927397e-06,1.6467500410187334e-06,2.864627933479904e-06,7.236592692483074e-07
2021-08-09,2021Q3,10:00,1.157250965392674,11:30,1.2122228803655974,10:00,1.157250965392674,10:00,1.1546249913818207,14:30,1.353577090215796,10:00,1.0,14:30,1.1409461326638854,11:00,1.157250965392674,1.069405274601255,1.0552560904382329,1.065175183013909,1.0027677298895226,1.0207975832341338,0.999320833205584,0.9536231754667022,0.8993858359993262,0.8547970458455708,0.8520445480983445,1.191359703941444e-05,2.4340262143817335e-06,8.927048151555874e-06,2.4336102017459776e-06,7.230851029714276e-06,2.429321768476633e-06,5.744790384309962e-06,2.3559734744385916e-06,5.232195827047233e-06,1.520951351639621e-06,4.124151553091808e-06,1.0870841798663775e-06,3.7642498617116155e-06,1.0458551621376282e-06,3.051641065112234e-06,1.0449899961597556e-06,2.4032002729088933e-06,9.92039915344155e-07,2.1555995094227927e-06,3.439839079593443e-07,1.6754223099841403e-06,2.4293700420959376e-07
2021-08-11,2021Q3,10:00,1.1575472175395867,11:30,1.2176187352218089,10:00,1.1575472175395867,10:00,1.156458017455263,14:30,1.3474208045319818,10:00,1.0,14:30,1.1419091780886288,11:00,1.1575472175395867,1.0696295763676709,1.055441719839508,1.0653181774265332,1.0029423076276336,1.0209525421029295,0.999474714778282,0.9537481129819256,0.8994854291993982,0.8549359986120001,0.852172597038592,6.451305039090195e-06,4.565380553534824e-06,5.214857307194768e-06,4.4662633321784515e-06,5.145233772616333e-06,3.998665812377425e-06,5.53701102935867e-06,2.893349333862699e-06,5.1308762411333916e-06,2.7650606109109865e-06,3.451745853968922e-06,2.445424425339531e-06,3.087573177327044e-06,2.165470794943726e-06,2.6397331795624355e-06,1.944310126590301e-06,2.4234208462773906e-06,1.926080468331644e-06,1.878372869368056e-06,1.895289777188463e-06,1.5036644343040516e-06,1.8675796331335346e-06
2021-08-13,2021Q3,10:00,1.1575852060532446,11:30,1.2183901107099455,10:00,1.1571520074366612,10:00,1.15669632669851,14:30,1.359379920339807,13:30,1.0000661739414354,14:30,1.141901352590911,11:00,1.1575852060532446,1.0696450939001887,1.0554784984710035,1.065426656824576,1.0030533248849398,1.0210016321999151,0.9995269570398063,0.9537958515481044,0.8995309654964713,0.8549552553956367,0.8521649388935046,5.967800461482769e-06,1.440474138993903e-06,5.2643560138099985e-06,1.3087498468333123e-06,4.831925381490364e-06,1.241195899780735e-06,3.421390030720909e-06,1.211487274891205e-06,3.5667867289861852e-06,1.178606422204549e-06,2.842164744264674e-06,1.1786011463555367e-06,2.4217325089446194e-06,1.154719075971856e-06,2.2083369089729657e-06,1.1543974134644402e-06,1.5635420524949682e-06,1.0518311319906076e-06,1.4424352121248158e-06,1.0036788551686043e-06,1.7139647922424579e-06,8.603990548146185e-07
2021-08-16,2021Q3,10:00,1.1577252256252197,11:30,1.2338152737228767,10:00,1.1569525840049113,10:00,1.1575806874723324,14:30,1.4067045310302269,13:30,1.0000517021214537,14:30,1.142140989871865,11:00,1.1577252256252197,1.0697821201999758,1.0556185424244275,1.0655208111361798,1.003165602643368,1.02108585992895,0.9995986782239813,0.9538631540971515,0.8995716515263907,0.8549988624901999,0.8522504423578597,1.5957866463995777e-05,9.388768193613646e-06,1.6291071968981363e-05,8.87924038937275e-06,9.6444221599767e-06,8.843455833908083e-06,7.014004111710576e-06,6.8456206146960576e-06,5.5536121991656605e-06,5.893891733618444e-06,5.195608130163476e-06,5.436746689252773e-06,3.945301488403342e-06,4.573614037999485e-06,3.5427737352633865e-06,4.182146276236312e-06,3.325771118942514e-06,3.03024389198194e-06,3.0458318616765227e-06,2.9604125925663313e-06,2.036369903445794e-06,2.311299148707013e-06
2021-08-18,2021Q3,10:00,1.1578908495222944,11:30,1.2407761888689914,10:00,1.1577229440446037,10:00,1.1586365673412669,14:30,1.4176452762488732,15:00,1.0012176605165266,14:30,1.1421903794632207,11:00,1.1578908495222944,1.0700228835135432,1.0556308294310504,1.0655084349993917,1.0031487068119371,1.0210675796513187,0.9995632400090101,0.9538360265965751,0.8996111739196597,0.8550372631695906,0.852256244291857,1.659435078869778e-05,4.1654544122460364e-05,1.3410281072172864e-05,4.1604035915715324e-05,1.3330879145959119e-05,4.083534357738918e-05,1.2707273170706743e-05,4.059262398869119e-05,1.1520807232845328e-05,4.040967697787969e-05,1.1896247334153254e-05,3.9745157946099104e-05,9.029143641292589e-06,3.917605077459096e-05,8.564311189027398e-06,3.869181892150174e-05,8.749985105891702e-06,3.828849795894983e-05,7.4677211292075734e-06,3.8226041346112335e-05,5.464908019345391e-06,3.762543953236064e-05
2021-08-20,2021Q3,10:00,1.156862449529752,11:00,1.222518395598337,10:00,1.1565947301859905,10:00,1.1520516149363866,14:30,1.3814206560437179,13:30,1.0010361529503142,14:30,1.125446288893047,11:00,1.156862449529752,1.0689218600044437,1.0544491414834618,1.0641614771843253,1.0017854587805508,1.0195966477044462,0.9978626426685266,0.9521178604816809,0.8979224780036528,0.8531611650647144,0.8499451476060784,2.8302256454641097e-05,9.630846632312423e-06,2.1952406466952343e-05,6.786955697082727e-06,2.1260578911668606e-05,6.138000459833311e-06,1.784684704707674e-05,6.137918755952454e-06,1.388863502230943e-05,5.932153223112989e-06,9.738417857362246e-06,2.6954192164750846e-06,6.468019594100816e-06,2.6783490259145534e-06,6.37522237344972e-06,2.67347232046221e-06,6.4495549518856685e-06,1.6406667418205341e-06,5.412917880883316e-06,1.6097123637559389e-06,4.016348900742959e-06,1.50573384143754e-06
2021-08-23,2021Q3,10:00,1.1574201034116296,10:30,1.2335468647416814,10:00,1.1570777746477767,10:00,1.155661852882573,14:30,1.3640289101044023,13:30,1.0010754742529593,14:30,1.1275679919762154,11:00,1.1574201034116296,1.0694419555305947,1.0550358852871975,1.0646603181250835,1.0021586722034785,1.0199550304230902,0.998076831413646,0.952349998426583,0.898249496176282,0.8534616662613479,0.8501828633985323,7.201291519025755e-06,6.676180380713094e-06,6.03171077083388e-06,5.114782959447795e-06,5.107237867579809e-06,4.479388989823187e-06,5.0376062434331664e-06,4.257718739631761e-06,4.132988555367474e-06,3.812969584288215e-06,3.6395307612704324e-06,3.756092629802063e-06,3.4023287122612482e-06,3.4794412378495745e-06,3.0735516712814748e-06,2.6319621829653183e-06,2.905774276406467e-06,2.6306868519023907e-06,2.178919311220498e-06,2.6214872316147597e-06,1.625006685558351e-06,2.2805595300488613e-06
2021-08-25,2021Q3,10:00,1.157403018969372,11:30,1.2199201113199116,10:00,1.1572092784554122,10:00,1.1555529462429472,14:30,1.3887778899079994,13:30,1.0014280645343008,14:30,1.1273477204600253,11:00,1.157403018969372,1.0694618300519267,1.0550510119317922,1.0646825590879416,1.002173314066783,1.0199452134500175,0.9980728580674842,0.9523843613480097,0.898285157172523,0.8534573213173956,0.8501556025566385,6.168595515591295e-06,1.8846500944109352e-06,5.772844712251909e-06,1.8846302180112093e-06,5.057763431622431e-06,1.786109131565631e-06,3.992918926302664e-06,9.413397491447909e-07,3.772727016924805e-06,6.888350650382672e-07,3.703036983775134e-06,4.274572756023386e-07,3.1509525019801848e-06,4.2104565306849186e-07,2.500450380300012e-06,2.42727381379794e-07,2.0737516439353463e-06,2.4033081972254207e-07,1.7308957373889936e-06,1.8892732148372332e-07,1.314721482205846e-06,1.6470681482977622e-07
2021-08-27,2021Q3,10:00,1.157532554109019,10:30,1.2209226362464094,10:00,1.1572306681235345,10:00,1.1564073334503242,14:30,1.3841932344188537,13:30,1.001292800393786,14:30,1.1282228365269589,11:00,1.157532554109019,1.069594753974825,1.0551768856671302,1.0648143772629974,1.0023180615939224,1.020112677668694,0.9982269290869185,0.9525218880181805,0.8984072224845684,0.8535740624480148,0.8502576227925672,3.419558355296997e-05,1.5237923950503685e-05,1.438075636648029e-05,3.925381861186032e-06,9.451901802748194e-06,3.3379826958114606e-06,8.048838907497172e-06,2.7125640036180575e-06,5.026124653585811e-06,8.955143923381314e-07,3.781954069507815e-06,8.624171599598987e-07,3.331670132338008e-06,5.693489830227838e-07,2.8133340723667332e-06,4.083668657193635e-07,2.466114006463352e-06,4.0659386035214555e-07,2.449311720177904e-06,2.455112698244552e-07,1.7214757990719408e-06,2.455112698244552e-07
2021-08-30,2021Q3,10:00,1.1580701808359706,10:30,1.2238377021328635,10:00,1.1578678498483401,10:00,1.1599831972513965,14:30,1.3537271922892222,13:30,1.0012746844475757,14:30,1.1294888024384695,11:00,1.1580701808359706,1.0699549240026713,1.0554120645875271,1.065041803416796,1.0025119270901048,1.0202614330099502,0.9983828351352051,0.9526688091666718,0.8985452471138236,0.8537406380621664,0.8503889978013021,5.743951461650305e-06,8.093042908327031e-06,5.809994037839596e-06,5.137019549052428e-06,6.121593563867406e-06,3.6151919022012764e-06,4.45307920555912e-06,3.5114923492501723e-06,3.5402447828688123e-06,3.0621659407446057e-06,3.4612516921409496e-06,2.1586563694439984e-06,2.8363030821133828e-06,1.9034191405895284e-06,2.375816149703586e-06,1.9034005840476328e-06,1.7923669384528373e-06,1.5771901027131948e-06,1.4518893999558566e-06,1.526624680640254e-06,1.1684799869498625e-06,1.5250552112522776e-06
2021-08-31,2021Q3,10:00,1.15795239570027,10:30,1.1976792036982278,10:00,1.1578150773488225,10:00,1.1591897526074517,14:30,1.3332279093252777,13:30,1.0013569875806787,14:30,1.1294604709187972,11:00,1.15795239570027,1.0699660153398032,1.0555035125845502,1.0650732296079668,1.0025340120895279,1.0203259501581368,0.9984356360843766,0.952702894290322,0.8985698946114475,0.8537516846733398,0.850377847313206,1.0317303281074624e-05,7.742858306574605e-06,7.4491666158972005e-06,6.388693877429786e-06,5.483000514695302e-06,5.607121336349948e-06,4.727361065329016e-06,5.477438671405035e-06,3.6274641473712436e-06,5.370650624028326e-06,2.9519131445587837e-06,5.269627600891557e-06,2.6588053574441893e-06,5.120404333639779e-06,3.424902592524375e-06,2.70746066812047e-06,2.9177845378007896e-06,2.3719801325314364e-06,2.5696548858056345e-06,2.0881254047271513e-06,2.1169946517486564e-06,1.8984219944114338e-06
2021-09-01,2021Q3,10:00,1.157996255671498,10:30,1.1831736102146067,10:00,1.1598586124443981,10:00,1.1594846719372833,14:30,1.3151169839776065,13:00,1.0021555250331715,14:30,1.1297640189549785,11:00,1.157996255671498,1.0699877068970334,1.0554862530816749,1.0650244839373515,1.002451550073024,1.0202017101325827,0.9982972603871318,0.952754118904791,0.8986215474417532,0.8538101936689251,0.8504214849687805,9.891087079544781e-06,4.251787760389949e-06,6.288697763920558e-06,3.893487975923722e-06,4.787411965767494e-06,3.3724759674129566e-06,4.575271027575035e-06,3.0556227081710784e-06,3.696269761451147e-06,3.044394159727713e-06,3.377615613913996e-06,2.6030796573878377e-06,2.5313223276211305e-06,2.089380466142764e-06,2.2762070059764314e-06,2.089380466142764e-06,1.799057170028382e-06,2.0741383867055635e-06,1.6613109967971418e-06,1.528431532336896e-06,2.1423330619078056e-06,8.796812125058129e-07
2021-09-03,2021Q3,10:00,1.1581574507442447,14:00,1.2360225359471573,10:00,1.1587409805641673,10:00,1.160586086601592,14:30,1.4246063405344227,13:00,1.001455725673274,14:30,1.129858346670564,11:00,1.1581574507442447,1.0700627517670045,1.0555349248393557,1.0650826688508976,1.0024817937307957,1.0202386955029918,0.9983223823819604,0.9527714162872377,0.8986172912134883,0.8538366839612671,0.8505425239020903,1.4856039377560282e-05,2.7972406812322426e-06,1.158342306079572e-05,2.6905336870380252e-06,9.331421888338705e-06,2.6778767387065707e-06,7.331962073173029e-06,2.260047691250859e-06,6.724894591436774e-06,1.9913327762979767e-06,4.534047402471072e-06,1.7248463520348838e-06,4.1362244971668245e-06,1.6627233778009454e-06,3.5082246451147065e-06,6.383697782443572e-07,3.430178269082329e-06,4.0124753937389314e-07,2.7264505723239998e-06,3.6939808530242364e-07,2.1763988954654797e-06,3.653145918358737e-07
2021-09-07,2021Q3,10:00,1.1585343653312123,14:00,1.2410489192608047,10:00,1.1582153675728308,10:00,1.163190360643243,14:30,1.4299315529733883,13:00,1.0010500380869245,14:30,1.1312785963620933,11:00,1.1585343653312123,1.0703704509352538,1.0557927561757967,1.0652995735178847,1.0027036973684338,1.020380809591854,0.9984620088487182,0.9529470846261551,0.8988188799378172,0.8540159257336332,0.8507044861516775,1.0567515991994807e-05,9.796313231454711e-06,1.139029977648368e-05,7.986555659712596e-06,6.763226851807577e-06,6.472956879392835e-06,8.88295483156062e-06,4.5845644433521285e-06,6.258532959731727e-06,4.3473056560767e-06,5.138873924032954e-06,3.280073656348556e-06,3.940593850605706e-06,2.317310855743809e-06,3.2061908409412392e-06,2.3065443685231494e-06,2.7396109973421826e-06,2.130464718661213e-06,2.780216727792836e-06,1.1939676312328071e-06,1.7956520000234687e-06,9.805968886144357e-07
2021-09-08,2021Q3,10:00,1.1585090048923197,14:00,1.2346179598577454,10:00,1.1594047891885266,10:00,1.1630031065175912,14:30,1.4193198017220432,10:00,1.0007732216948027,14:30,1.1322543759744133,11:00,1.1585090048923197,1.0704708773638227,1.0557899476648,1.0654756673183132,1.0027928172662517,1.0204725874151939,0.9985537271746151,0.9530081465663318,0.898873032999304,0.8541467967823639,0.850787944030099,1.1712485565121352e-05,2.5940254095105232e-05,1.1130337721533487e-05,2.497795404014459e-05,1.8945553385535704e-05,1.5749848943507768e-05,1.135765675400433e-05,1.3878523095937155e-05,1.341402514529485e-05,1.1543633264654676e-05,7.79567998587278e-06,2.5536029518847867e-06,7.967008856221048e-06,1.4677831203908095e-06,5.241477325113536e-06,1.1012401322142333e-06,5.540858659371978e-06,8.588322513222272e-07,3.7915649860502444e-06,1.6373943425523397e-07,2.8392298650323318e-06,1.3073221128280318e-07
2021-09-10,2021Q3,10:00,1.1579146353148486,14:00,1.2391878924234174,10:00,1.158924419137475,10:00,1.1588052052562618,14:30,1.4271793512651043,10:00,1.000872071042052,14:30,1.1344885137878369,11:00,1.1579146353148486,1.0699197839872754,1.0558817063989447,1.065324740977609,1.0028790134135928,1.0207383572022446,0.9989202296583688,0.9532620245894634,0.8991861552369365,0.85441824442354,0.8510247425904397,2.027092042720558e-05,3.2142523578682646e-05,2.0571648308673937e-05,2.962324696369199e-05,2.2421650107208146e-05,2.5843846441656562e-05,2.0425578503717703e-05,2.3596888560886784e-05,1.4620049264230301e-05,2.2755882249072936e-05,9.975882010107418e-06,1.853609984445999e-05,6.731467079170757e-06,1.8219104868913605e-05,7.086567256924658e-06,1.7793953610551985e-05,5.861644666285574e-06,1.7607399806294736e-05,5.4316057415741174e-06,1.6386019524760134e-05,4.578305904938425e-06,1.6230243031682065e-05
2021-09-13,2021Q3,10:00,1.157365955913278,14:00,1.2750096501662544,10:00,1.1579981862364073,10:00,1.154929887417226,15:00,1.4781592417089364,10:00,1.000546266563224,14:30,1.1278593819182658,11:00,1.157365955913278,1.069527460249179,1.0556891843535683,1.0651175596147753,1.0024948391069366,1.020280736905373,0.9982744058944631,0.9526645673805897,0.8985322407396644,0.8537820543065506,0.8502243299095466,2.7937129911221168e-05,2.894142983193558e-05,2.872741708261044e-05,2.146980240053858e-05,2.1010518059978692e-05,1.899420333755618e-05,2.328608120729701e-05,1.5313847334991296e-05,2.274823537752987e-05,1.4362802904698062e-05,1.7896528817026497e-05,1.3349528261889633e-05,1.3951085836275468e-05,1.3130360671843704e-05,1.688181491698581e-05,1.005779960507001e-05,1.5153152109495217e-05,9.375517869185117e-06,1.141605760501221e-05,8.222178238960107e-06,7.283380573898575e-06,7.365268132135415e-06
2021-09-15,2021Q3,10:00,1.157186158972365,14:00,1.2731619464835344,10:00,1.1574207941889454,10:00,1.153671576219309,15:00,1.4721655601021648,10:00,1.0002027635871384,14:30,1.129944533446063,11:00,1.157186158972365,1.0697306442784822,1.0557270773141691,1.0654239875793379,1.0028856949962741,1.0204993674862513,0.9983218662941861,0.9531059369974042,0.8989732788325301,0.8541082399779115,0.8503127961619033,3.357622089834217e-05,1.4245423017891427e-05,2.9262690463367056e-05,1.2279629689646422e-05,2.1775224250390004e-05,1.0729750207571865e-05,1.77473858854666e-05,1.0157358844080896e-05,1.4157826765702827e-05,1.015009215157442e-05,1.2301822508172387e-05,8.5842876654592e-06,1.1857237501124673e-05,3.3711738862195797e-06,7.990146695701615e-06,2.2538219407770662e-06,6.755254788691608e-06,2.251402672211808e-06,5.683852242315104e-06,2.203484587744689e-06,4.333933288505292e-06,2.1889279047301516e-06
2021-09-17,2021Q3,10:00,1.1577387354898072,14:00,1.277143228769275,10:00,1.1576976361742977,10:00,1.157632154577364,14:30,1.474181773534965,10:00,0.9999645003537934,14:30,1.132153560402437,11:00,1.1577387354898072,1.0702987901893968,1.0561399124419566,1.065728103379349,1.0030718428436658,1.0206803559548836,0.998799637489042,0.9534591013239001,0.899283338844069,0.8543902853554107,0.850526950771111,3.785718332402944e-05,8.05220479898349e-06,3.505575434145639e-05,7.588636369767984e-06,3.6954818017663744e-05,4.696393703486799e-06,2.9344978058400395e-05,4.663125053533965e-06,3.255352374016163e-05,4.629036922128832e-06,2.487454416308531e-05,4.109899986686843e-06,2.4223760247981083e-05,4.079104308140474e-06,2.2598083918823502e-05,2.079393110966054e-06,2.0276484549550183e-05,7.361811614296521e-07,1.3901472615351446e-05,5.924428041269575e-07,1.1803025768776819e-05,1.8754446394602062e-07
2021-09-20,2021Q3,10:00,1.158661034279918,14:00,1.2871417316305103,10:00,1.158465005258508,10:00,1.1642857394445123,14:30,1.4820900947490236,10:00,0.999830814176355,14:30,1.1406047264476793,11:00,1.158661034279918,1.0712474071719915,1.0574039533909825,1.0667982674505472,1.0043774563978094,1.0217369495833994,0.9999330551936688,0.954705200806764,0.9005686849111388,0.8553839929142694,0.851535367553164,8.599952965807916e-05,0.00011647899288778706,6.974382898168413e-05,0.00011089092556377356,6.14635248410511e-05,0.0001089477819754932,4.7067994100903255e-05,0.00010665153390552841,4.7045504315389675e-05,8.715981239978672e-05,4.257042215867885e-05,8.61891183069302e-05,3.742626721235178e-05,8.224889522091803e-05,3.03567621444011e-05,8.177626796028379e-05,2.7313641933973826e-05,8.173510041888316e-05,2.8331338687767505e-05,6.243764308085242e-05,2.005598365287824e-05,6.165438687344299e-05
2021-09-22,2021Q3,10:00,1.1570844870790864,14:00,1.230320096242443,10:00,1.1566580737545347,10:00,1.1529016985925193,14:30,1.4340226519489443,10:00,0.9996314760682444,14:30,1.1198059483158773,11:00,1.1570844870790864,1.0695266393485272,1.055289974262442,1.0638832144288177,1.0024907947928137,1.0194227900480033,0.9974236897455614,0.951835231278323,0.8975511468196148,0.8535322876485966,0.8487403169298587,7.863267201124347e-05,5.656569236687372e-05,6.731958992766454e-05,5.414917279341405e-05,6.061452796139084e-05,5.253052082174632e-05,5.6638781403559034e-05,5.2277967783218494e-05,5.6861717881672114e-05,4.9000647559480856e-05,5.429012566064464e-05,4.888929524591934e-05,4.988714339859198e-05,4.821721661951867e-05,6.057955890598663e-05,4.806267418095587e-05,5.3101297765508755e-05,4.7597436573874096e-05,2.491274885193367e-05,3.636609585864103e-05,2.5323503039920748e-05,1.7952937317934833e-05
2021-09-24,2021Q3,10:00,1.1575081642863811,14:00,1.225063879183641,10:00,1.1575832924299976,10:00,1.155974147050377,14:30,1.406603827809398,10:00,1.0000649050658426,14:30,1.1134408239708613,11:00,1.1575081642863811,1.0698559952308422,1.0554933111657454,1.0639277349496181,1.0028505268734145,1.0196486613778055,0.9975238758811961,0.9527247573162078,0.8982256483429741,0.8530810818594339,0.8496078702301467,2.754003847404855e-05,1.248284787316307e-05,2.285369880644912e-05,1.1662962671244836e-05,2.132451766929819e-05,1.02578157331759e-05,1.8474342306319133e-05,9.877227391068191e-06,1.45568602047266e-05,6.054859596500888e-06,1.2140882116330734e-05,5.893051538431075e-06,1.0494307433471977e-05,5.866872462977311e-06,7.67273371307592e-06,5.861044922184999e-06,7.832915402396642e-06,3.6331444197864865e-06,4.954432339020524e-06,3.0857872063033104e-06,3.947752290736758e-06,2.405136876338645e-07
2021-09-27,2021Q3,10:00,1.1579287688049675,14:00,1.2280164490377694,10:00,1.157777071112253,10:00,1.1590005803068837,14:30,1.4101186692346646,10:00,0.9998689922067736,14:30,1.1146603660279932,11:00,1.1579287688049675,1.0702191832963415,1.0559052471852464,1.0642748838821947,1.0032448112723613,1.0199597276301149,0.9977830003236261,0.9528499856677932,0.8985225057688841,0.8532520437464063,0.8499298513348917,2.251992422664699e-05,1.759045397672201e-05,1.4573066402779452e-05,1.3510190039733139e-05,1.2084297194182392e-05,1.1681671820037796e-05,1.054407669268279e-05,1.1504900805353763e-05,9.543314951698681e-06,1.104340205197933e-05,7.230210517538619e-06,1.03984762604411e-05,8.777217717110639e-06,7.075550810150742e-06,5.384557958703076e-06,3.785365210882681e-06,4.5489690544873e-06,3.303053547309937e-06,3.510978174809831e-06,2.980024779455972e-06,3.1796518264685572e-06,2.0248520969594166e-06
2021-09-29,2021Q3,10:00,1.1579978535127393,14:00,1.2237170959745496,10:00,1.1568183670173975,10:00,1.1594962882794144,14:30,1.4052322345263535,10:00,0.9989814432800856,14:30,1.1150541557923852,11:00,1.1579978535127393,1.0702231787774492,1.0558954239960059,1.0642008210061653,1.003173473914331,1.0197885694258941,0.9978788288846019,0.9529565385207147,0.898625199199984,0.853323318448086,0.8500552937161236,4.5323805622678926e-05,4.1021860963529805e-05,4.1391112312767096e-05,4.092253801692783e-05,3.09306771979593e-05,4.027316384092429e-05,3.14915701636214e-05,3.597178090091724e-05,2.644053294984432e-05,3.590263508164985e-05,2.6661582675334727e-05,2.9626735884345156e-05,2.1037580320944103e-05,2.8553821882259738e-05,1.9882622831581693e-05,2.7988909658105274e-05,1.4972424715813073e-05,2.766072480988883e-05,1.330350012457289e-05,1.9220606934199278e-05,9.928017041496822e-06,1.8261287152501288e-05
2021-09-30,2021Q3,10:00,1.1579279620878242,12:00,1.224059666720888,10:00,1.1560357377459969,10:00,1.1589746699134948,14:30,1.4021460688557534,10:00,0.9983658531413168,14:30,1.1117672915866135,11:00,1.1579279620878242,1.070139152658991,1.055441400628135,1.0639055362621255,1.0027294458127571,1.0196087777682188,0.9974634630325835,0.9525502552540116,0.8979843660262353,0.85309560273608,0.849574882991489,5.727736520147736e-05,0.0001270293909242093,5.217077381490997e-05,0.00012474199288634879,5.440438467310455e-05,0.00011452027866636091,3.8357182914864853e-05,0.00010984781023874035,5.43578211928349e-05,7.818291850868562e-05,5.864713626292392e-05,6.0856112150253265e-05,4.8144770718234416e-05,6.0008146350728945e-05,4.438771535012883e-05,5.997043003956651e-05,3.389469731905431e-05,5.582927451472489e-05,2.649647595294721e-05,5.218559189714319e-05,2.171475897874537e-05,5.190964577251365e-05
2021-10-01,2021Q4,10:00,1.1550594358445887,12:30,1.2050728601965461,10:00,1.1543269913788923,10:00,1.1384204326889131,14:30,1.3599857083146303,11:30,1.0023306353903223,14:30,1.0972684785635882,11:00,1.1550594358445887,1.0673104573130696,1.0528501408357303,1.0605073047800637,1.0016188391953484,1.0194370650788054,0.9968131919962651,0.951790801630656,0.8969353146134168,0.8517758675824145,0.8476612520295899,7.806517350161999e-05,5.6734201612377024e-05,6.526648769072938e-05,4.1787341381486934e-05,5.299520892394401e-05,3.1413677322956394e-05,4.2957454731721105e-05,2.2689993977989244e-05,3.658093790377064e-05,1.7617989196296046e-05,3.1294749959150095e-05,1.757086827476799e-05,2.761640497064243e-05,1.754086865935452e-05,2.1983198380406187e-05,1.4209323611029045e-05,1.9588047640053523e-05,8.128147638396321e-06,1.485582631319109e-05,5.08652688132942e-06,1.0770293784224382e-05,2.6391938608964106e-06
2021-10-04,2021Q4,10:00,1.1554590249067973,12:30,1.214155162160762,10:00,1.1509935173878671,10:00,1.141494112501337,14:30,1.3767676801737385,13:30,1.019911684875394,14:30,1.1034522414863284,11:00,1.1554590249067973,1.0680282855072505,1.0536258590499494,1.061324329889872,1.0024929205236854,1.0201118706870422,0.997375200131817,0.9522947376558452,0.8977293275732288,0.8525461534653923,0.848390518006325,5.721451052628809e-05,7.896487030790472e-05,6.435632696537904e-05,3.680997474211479e-05,6.926788295022284e-05,1.5144428969035975e-05,6.281718939913061e-05,1.5042652180115084e-05,4.740866627962871e-05,1.3445483696729873e-05,4.378680685083808e-05,8.603635391063788e-06,3.8593325140492534e-05,8.379664754613865e-06,3.4526111022352865e-05,8.355958834044277e-06,2.7080590380101026e-05,8.223599666110619e-06,2.3574104717754435e-05,7.4143782857241314e-06,1.8289692068809606e-05,6.13414380176434e-06
2021-10-06,2021Q4,10:00,1.1543769635468966,12:30,1.2228887454536383,10:00,1.162076960675348,10:00,1.1340384442530498,14:30,1.384065062752899,15:00,1.050520804276853,14:30,1.1136700496888345,11:00,1.1543769635468966,1.0688969925970118,1.0557005308895828,1.063348957248205,1.0040582643084768,1.0218764921062213,0.9990516445845914,0.9538767766236761,0.8990004824506942,0.8538083626896009,0.849508257566629,7.90161954922754e-05,8.65079731615506e-05,6.0124550592354155e-05,7.100276095684449e-05,5.0836728054228354e-05,7.045457841903745e-05,4.729873393099692e-05,6.0734002821465824e-05,3.494876471804592e-05,4.933196457339175e-05,3.542613951832492e-05,3.7645882109825264e-05,2.7899555856231545e-05,3.638112367191341e-05,2.636547829385072e-05,2.9111839783109364e-05,2.567668399520151e-05,2.0042489058150845e-05,1.8673323134752614e-05,9.129200107888484e-06,1.3069639186686686e-05,6.924773137400936e-06
2021-10-08,2021Q4,10:00,1.1537158418992997,12:30,1.2166842307329584,10:00,1.159184983993112,10:00,1.1297531220526866,14:30,1.388793067948946,15:00,1.0499034548327537,14:30,1.1197986992135338,11:00,1.1537158418992997,1.0683512774233446,1.0547868637021747,1.0626040712139686,1.0033869873795196,1.0217233905594658,0.9985842319174764,0.9537933420647583,0.8994940616594767,0.854603706796532,0.8501217920109432,4.409987842721973e-05,2.4179751992374356e-05,3.410002087174046e-05,2.2549460385133893e-05,2.7544867382076702e-05,2.2292942514809728e-05,2.4631163381343423e-05,2.2012885406147995e-05,2.2324692855291764e-05,1.946813517626094e-05,2.4041499460256864e-05,1.836788104669065e-05,1.7481150014822878e-05,1.7733481805756175e-05,1.7616993131271067e-05,1.47708450001922e-05,1.4818743940748449e-05,1.312716383859836e-05,1.0818023397572446e-05,6.9439824602592576e-06,8.18594617918536e-06,6.179591923946347e-06
2021-10-11,2021Q4,10:00,1.1542293139399362,12:30,1.2047959439271256,10:00,1.1666622880311446,10:00,1.1335419554009292,14:30,1.3751504737053055,15:00,1.064176909294728,14:30,1.1223421622640828,11:30,1.1542293139399362,1.0686973728443037,1.054943153679954,1.062657472486748,1.0035153251434772,1.0219884988729389,0.9985716708851444,0.9540029086629627,0.899687948801761,0.8549605706396557,0.8503720033791587,2.8714600355137724e-05,3.720529650338e-05,2.335792088943442e-05,3.407849232527547e-05,2.068578039604671e-05,3.304785915737474e-05,1.786354773005545e-05,3.263872565188864e-05,1.3642012469955868e-05,3.239200946043353e-05,1.4599942978369438e-05,2.7320803172367467e-05,1.5563785172878775e-05,2.5598945131173704e-05,2.034792696800352e-05,1.2426380575654816e-05,1.4641057419742649e-05,1.2421677026148909e-05,1.1152370751414057e-05,1.2416342490976654e-05,7.686385563535974e-06,1.1862620553557172e-05
2021-10-13,2021Q4,10:00,1.1537789425657154,12:30,1.1993490529580184,10:00,1.1394749560341224,10:00,1.1304956972988385,14:30,1.3804719062972284,13:30,1.0444344103772019,14:30,1.1217392185618273,11:30,1.1537789425657154,1.0682462647828461,1.054394094805202,1.0619342224124846,1.0026490854507788,1.0213198564990236,0.9980197287477914,0.9545069421254495,0.8999109238994376,0.8549997669912763,0.8501673297279786,5.309776767517205e-05,2.148613111710529e-05,5.002492812727555e-05,1.3991139485314038e-05,3.938616475522809e-05,1.074052499917522e-05,3.6577016791938776e-05,1.0669192787795172e-05,2.9627854001986078e-05,7.691530915330884e-06,2.6522593340280897e-05,7.268552769355925e-06,2.4140086651747293e-05,6.95682036330255e-06,1.9252972763068106e-05,1.8941333371182317e-06,1.8424150188105972e-05,1.8361795654555606e-06,1.3744393038128115e-05,1.8344820498795797e-06,1.0229627697726638e-05,1.5488749625316107e-06
2021-10-15,2021Q4,10:00,1.1546743233625723,12:30,1.2059062562736913,10:00,1.1204261054656381,10:00,1.137055740003472,14:30,1.3876344427714975,13:00,1.017444348718096,14:30,1.1293270822302066,11:00,1.1546743233625723,1.0694571931806778,1.0554803655833929,1.0630193168950912,1.0036551232011273,1.0222781340919331,0.9989686748336245,0.9555421183959085,0.9009899378902868,0.8558885703263156,0.8509269240707886,2.2816480209636785e-05,1.2240214678272432e-05,1.865245822473341e-05,9.391983677686473e-06,1.2662654650187702e-05,4.461571131447744e-06,1.146493804750214e-05,4.21896907633761e-06,1.0359261451008367e-05,3.3379010456290606e-06,9.270295076836918e-06,3.1858297139477576e-06,7.927437645507491e-06,2.629771685727253e-06,7.160096352814376e-06,2.423180236239896e-06,6.240975618744071e-06,1.4395751525612258e-06,5.124683026052824e-06,2.092414802780346e-07,3.847414706074213e-06,2.0203171898014195e-07
2021-10-18,2021Q4,10:00,1.1549488652044027,12:30,1.2053145586000478,10:00,1.1934579614085652,10:00,1.1390987857854677,14:30,1.3864370391767078,15:00,1.1892637496527023,14:30,1.1324836030412808,11:00,1.1549488652044027,1.0697542504311466,1.0557881982493396,1.0633192604879091,1.00397682497611,1.0225798069425087,0.999261111351657,0.9558295553945731,0.9013079773352972,0.8562495777813361,0.8512401627307516,2.0171780047709298e-05,4.923697884195633e-06,1.5192482441098114e-05,3.923271756577347e-06,1.1367879908831696e-05,3.861611981580774e-06,9.986864510055198e-06,1.7717527901841102e-06,8.279469345931015e-06,1.2742125900280363e-06,6.9916287157170085e-06,1.2562814971001054e-06,6.148888919136823e-06,1.0894270794864442e-06,4.897463702635348e-06,7.369488520235444e-07,4.326052636357326e-06,5.980769704284588e-07,3.945884839132345e-06,5.916260148883666e-07,3.1516986678869987e-06,3.096613939600133e-07
2021-10-20,2021Q4,10:00,1.1554067893308722,14:00,1.2118144647311662,10:00,1.1646971195589058,10:00,1.1424754808385937,14:30,1.388664665030212,15:00,1.236037628181495,14:30,1.134666123721739,11:00,1.1554067893308722,1.0701336432880677,1.056070339035458,1.0636674271679645,1.004298096238744,1.0228660853474634,0.9995402834848935,0.9560783227505723,0.9015515828645869,0.856500621605328,0.8514862901558197,1.2633133888981576e-05,9.41177367364712e-06,1.0288229411642581e-05,5.721250889776228e-06,8.487622015674423e-06,4.872248217786705e-06,8.408354977214644e-06,4.872228722422443e-06,6.056799728262241e-06,3.7434042916996975e-06,5.348144103898731e-06,3.5393603271446535e-06,4.6674971217470736e-06,3.383746328064462e-06,7.3001768939257426e-06,9.739709763746243e-07,4.910428891128583e-06,9.695942561259694e-07,3.6523728913456695e-06,5.286729546129085e-07,2.451924099000814e-06,4.791038664284388e-07
2021-10-22,2021Q4,10:00,1.1554623713630368,14:00,1.2074795830608147,13:00,1.2464217069235342,10:00,1.1429153356587896,14:30,1.3792627923639633,14:30,1.3912943312821837,14:30,1.1367215351572912,11:30,1.1554623713630368,1.0702773501053604,1.0561996505513027,1.0638060097256772,1.0044035121854942,1.0229527439631083,0.999611179894007,0.9564561617286197,0.9018112081276302,0.8567341570893928,0.8516604728444293,1.3711203141708363e-05,2.2996235158000777e-05,1.0821942836235908e-05,2.030803138195078e-05,1.1221524590331373e-05,1.44313162555074e-05,1.3292465340062039e-05,8.397173284579693e-06,1.4337512226643532e-05,6.833478251681686e-06,1.1669283474625444e-05,5.721967133492373e-06,9.308035455608487e-06,4.968346144165281e-06,6.710160382791718e-06,4.7914364694739145e-06,7.861878827638678e-06,4.166200801953639e-06,5.147145355654152e-06,7.307846433560612e-07,4.269827971098808e-06,4.519792465057727e-07
2021-10-25,2021Q4,10:00,1.1550562375006999,14:00,1.2241338421052508,10:30,1.2730497667176808,10:00,1.1399582258833578,14:30,1.364009665368796,14:30,1.3980319967334853,14:30,1.1396597630702578,11:00,1.1550562375006999,1.0699011335449113,1.056044168732487,1.0639932221558062,1.0047463597624036,1.023244354687254,0.9998505944221475,0.9565823312423573,0.9020751663573046,0.857064130456496,0.85199152182261,1.3850467004005028e-05,4.719468517069697e-06,1.0324920763052298e-05,4.552455511287066e-06,7.840175129929692e-06,4.0080362002389e-06,6.9538085207103445e-06,3.1586434078205396e-06,6.425809286486641e-06,2.848467344329352e-06,5.35564627648133e-06,1.6245438267758047e-06,4.387353358858614e-06,1.6245392545706122e-06,3.904293050689195e-06,1.3345719015622481e-06,3.544939857756646e-06,1.1579646835531225e-06,2.4312548612324355e-06,4.7373987111570085e-07,1.971443639315421e-06,1.1163690217005308e-07
2021-10-27,2021Q4,10:00,1.1553214533569758,12:30,1.228543343545511,10:30,1.2628949714204503,10:00,1.1419704544860338,14:30,1.3604029452562856,14:30,1.2832741856584124,14:30,1.1409773570969686,11:00,1.1553214533569758,1.0700891296497579,1.0561836464181682,1.0641474987874608,1.004909819423439,1.0234295220777636,1.0000029468898242,0.9567381604248677,0.9022359418942245,0.8572119385098013,0.8521514106185898,1.3976562451993603e-05,2.6782654246142595e-05,1.441766356271251e-05,2.0306528402940488e-05,1.25808670673697e-05,2.024758698915143e-05,9.335363916233954e-06,1.9270713405545234e-05,8.4601705265806e-06,1.8778033371042145e-05,7.005420894773632e-06,1.789849787297594e-05,5.423614801905148e-06,1.7814070129941496e-05,4.903248284390423e-06,1.5908668905045734e-05,4.132951424229645e-06,1.585209681749678e-05,3.199404505891014e-06,1.5608814002822816e-05,2.991174378615534e-06,1.440139164796214e-05
2021-10-29,2021Q4,10:00,1.1547861827176387,12:30,1.2254822050956928,10:30,1.287007102936471,10:00,1.1380068342050214,14:30,1.3493023673869438,14:30,1.373605551164488,14:30,1.132670604074522,11:30,1.1547861827176387,1.0698372723902256,1.0558435108056201,1.063668215959762,1.0044327584326695,1.0228628765359389,0.9993204158509253,0.9561268942825166,0.9015827091483234,0.8564697653807214,0.8513615134158817,2.0623972183286608e-05,2.4154045291764018e-05,1.6964757695652337e-05,2.3281962805819168e-05,1.386518215712014e-05,2.1767829767506655e-05,1.2382440266866928e-05,1.9098124895522295e-05,1.0539848328586359e-05,1.9094669903050435e-05,9.227994922900901e-06,1.4019953247712723e-05,7.32488612470042e-06,1.327201965534051e-05,5.822249562386641e-06,1.318333206258638e-05,5.923345674129746e-06,1.307417296746454e-05,5.87318241650218e-06,9.604669114395408e-06,4.970015038622653e-06,9.010644650155057e-06
2021-11-01,2021Q4,10:00,1.15455703018205,12:30,1.2181109216032946,10:30,1.3141876971934356,10:00,1.1363603288613209,14:30,1.340124622043836,15:00,1.5432896787526753,14:30,1.1302313054635835,11:30,1.15455703018205,1.0695638995823833,1.0554915429115528,1.0633282101415482,1.0040371845522071,1.022606968716039,0.9989935538428201,0.955725351300653,0.9012063430892023,0.8562983563282568,0.8511317841939626,1.3500070314443432e-05,1.247504660360155e-05,1.5937284786509526e-05,1.2004156175264892e-05,1.42488893420561e-05,1.0920066369161066e-05,1.0271186900861206e-05,8.320279795253198e-06,8.657041141830452e-06,8.1374423897768e-06,7.223480174394542e-06,7.927752151961767e-06,5.816883780213651e-06,7.5017109556025264e-06,5.826726862519942e-06,5.286679063955433e-06,5.981392119174606e-06,4.226346012023541e-06,5.191320697796377e-06,4.023879944395988e-06,3.304944093718477e-06,2.318193794742316e-06
2021-11-03,2021Q4,10:00,1.1545285711947488,12:30,1.2059500612530742,15:00,1.2878994428518464,10:00,1.1361968428759024,14:30,1.3282027091933888,15:00,1.5129597241093702,14:30,1.1310756464924823,11:30,1.1545285711947488,1.0696704792975427,1.0555966018483398,1.0633892310568909,1.004059462838877,1.0225627626176708,0.9989012666509739,0.9557711653812887,0.9013457445539714,0.8564254905620333,0.8512450280921989,3.651456079922502e-05,2.112670607634955e-05,3.380188391448351e-05,2.0999532383114563e-05,3.3144373420346734e-05,2.085486182618705e-05,3.402565157989048e-05,2.0612029131903214e-05,3.05329972436881e-05,2.0428852838136417e-05,2.9910367112506362e-05,2.041574259078419e-05,2.920698800699651e-05,2.0372684151881544e-05,3.0069981456263553e-05,2.037132693820705e-05,3.27620763009881e-05,2.028104234308512e-05,1.5321223426155508e-05,1.3407072985426106e-05,5.97889105174224e-06,1.8180969326659425e-06
2021-11-05,2021Q4,10:00,1.1549103566451187,12:30,1.2048818850245877,15:00,1.3045413878729528,10:00,1.1392398157590427,14:00,1.3220608677037002,15:00,1.5318319359209474,14:30,1.1325313417008058,11:30,1.1549103566451187,1.0700602917599527,1.056025700252674,1.063907581824207,1.0045177033750532,1.0230143216345446,0.999388033966682,0.9563977253964819,0.9022737493390306,0.8567048090579514,0.8516217460165785,1.4731241006755126e-05,3.052019246477486e-05,1.1452923434917178e-05,3.0167160580536435e-05,9.396471755721301e-06,2.9935146129913526e-05,9.317724652433502e-06,2.8455761415295076e-05,7.62341956428009e-06,2.820440235570257e-05,6.727278327163703e-06,2.812335790683883e-05,8.285887774333428e-06,2.641984624321406e-05,2.0013635233597704e-05,9.194485065460255e-06,1.1896142993736144e-05,2.4984287118425993e-06,6.1989031994516036e-06,1.295876304703817e-06,4.80066200316788e-06,1.295506727632365e-06
2021-11-08,2021Q4,10:00,1.1542648564722626,14:00,1.1932215102485904,15:00,1.271402825840026,10:00,1.1343485382935614,14:00,1.3215558022219287,15:00,1.492368869662194,14:30,1.1359425245612882,11:00,1.1542648564722626,1.069345035496085,1.0551701983838844,1.0630114389748528,1.0035719889953572,1.0219140450069346,0.9983937163429351,0.9570605975976688,0.9028915072995252,0.8570750137242369,0.8519360405365566,1.390262014044047e-05,4.913262262628565e-06,1.085923088284946e-05,4.909192070964224e-06,1.0183424231974854e-05,4.30416696335299e-06,8.286332232968983e-06,4.2205888052550965e-06,8.045235454878432e-06,2.618860774519648e-06,7.2547881464567705e-06,2.6061455341488022e-06,5.9170457117415026e-06,2.604983424912514e-06,4.583791743420083e-06,2.2625661971907707e-06,3.7886991962584533e-06,2.1256524250298866e-06,3.157879391515153e-06,2.0758066126321766e-06,2.2929762094934584e-06,7.87341368159327e-07
2021-11-10,2021Q4,10:00,1.1545237928712888,14:00,1.194282559323791,11:00,1.2444679912855516,10:00,1.1364016577902665,14:00,1.3225555442633177,15:00,1.4472861704104885,14:30,1.1367155029503244,11:00,1.1545237928712888,1.06953764542723,1.0553874205486762,1.0631738962128825,1.00381934469362,1.0221431982248324,0.9985756883743505,0.9572034545121917,0.9030112682254289,0.8571753032633669,0.8520739268484402,1.8241888168598963e-05,2.629489630863978e-05,1.7367936135280627e-05,2.6176531509449146e-05,1.304896283790837e-05,2.6079178683670886e-05,1.1278774870732206e-05,2.6072224094646123e-05,9.472487563651963e-06,2.6051689176815576e-05,1.0897572145039248e-05,2.3586428893286975e-05,1.0775555532965374e-05,2.3582841419787448e-05,1.4694825414693428e-05,1.8878723195550223e-05,1.40208620058392e-05,1.5979014850848667e-05,1.3783970243750158e-05,5.994340582799814e-06,9.700097070745597e-06,5.982237572498058e-06
2021-11-12,2021Q4,10:00,1.1541429675389783,14:00,1.1928496335725243,15:00,1.2570620414316303,10:00,1.1335196858434249,14:30,1.3326745461992728,15:00,1.4746201897417248,14:30,1.1422507093079262,11:00,1.1541429675389783,1.0691730241100672,1.0548306711773492,1.062471777397997,1.003058655243703,1.0214846347716764,0.9978756646188219,0.9570042544984306,0.9029851342482619,0.8578039144560936,0.852464960249731,1.6686043502335204e-05,1.7506488843529195e-05,1.187039505927871e-05,1.7201624603238078e-05,1.0868410863051834e-05,1.432709432679204e-05,1.3545944701715843e-05,4.08259970703212e-06,1.066633410732168e-05,3.6960334329760327e-06,1.080628986272757e-05,3.676149635687684e-06,8.546676282631857e-06,2.9566440757056637e-06,7.008886229896704e-06,2.8817227040588223e-06,6.471211239391489e-06,2.4511354731667227e-06,5.633153860761946e-06,1.598266412749805e-06,4.179024169921881e-06,1.4953713538220307e-06
2021-11-15,2021Q4,10:00,1.1540324239787016,14:00,1.2021862874353495,11:00,1.2372197687119524,10:00,1.1327325907566832,14:00,1.3309451433316966,15:00,1.4383333493186516,14:30,1.1451301324056744,11:30,1.1540324239787016,1.068949449932734,1.054667511667646,1.0628649636746246,1.0033759906380515,1.0218360644474476,0.9981823039256942,0.9572550483179473,0.9032575786151256,0.858113768520104,0.8527116635935741,1.2235492766328327e-05,1.0673296482820661e-05,1.2264688156076507e-05,7.115179727841044e-06,1.0005202104925524e-05,7.1082527959999285e-06,9.3313133472939e-06,7.096875018200568e-06,1.2224284258501759e-05,3.917651061821938e-06,1.0300674190758645e-05,3.5358671726107406e-06,7.3020611092905384e-06,1.9077903301052075e-06,5.838539616140892e-06,1.878613735446856e-06,4.863221075857208e-06,1.7157104525317223e-06,3.919519720843221e-06,1.3753684626305779e-06,3.02608679335518e-06,2.2511163549248326e-07
2021-11-17,2021Q4,10:00,1.1540298540141218,10:30,1.2135995478696986,11:00,1.2286117694442975,10:00,1.1327691593790903,14:00,1.309235001679786,14:30,1.390688866361075,14:30,1.146963459379149,11:30,1.1540298540141218,1.0691091403940718,1.054763912920137,1.0629412991160254,1.0037541086396353,1.0221693154759524,0.9984780318052544,0.9574933772133641,0.9034695725944405,0.8583128925655956,0.852952404207677,1.626983864416754e-05,1.7099019934331638e-05,1.1973574356123297e-05,1.5997201748675305e-05,9.27987935375629e-06,1.5064877131947085e-05,8.174761021433349e-06,1.5017647956067614e-05,6.573122718848618e-06,1.2732260744259862e-05,9.092883821611873e-06,3.871453170234921e-06,7.986395086742194e-06,3.3171516757289344e-06,5.732327605995247e-06,2.773230930302279e-06,3.928776209131992e-06,2.3756998606071285e-06,3.6650155956005396e-06,1.1529703197247805e-06,2.5689097290399e-06,8.04476531731593e-07
2021-11-19,2021Q4,10:00,1.1539211646605823,10:30,1.1964182288416338,11:00,1.2115031898624278,10:00,1.131984984070031,14:00,1.2960677349435845,14:30,1.371561658296164,14:30,1.1487922500475294,11:30,1.1539211646605823,1.0689334275331668,1.054510024016855,1.0626090670255344,1.0034712824528254,1.022425179396022,0.9987340774203949,0.9576748552946736,0.9035835916878802,0.8585073559846751,0.853112318628771,1.9657136628645587e-05,1.8431771229319018e-05,2.1261587049929463e-05,1.0982063586092793e-05,1.495553018983476e-05,9.846066329254072e-06,1.1415758084643078e-05,7.557324556774973e-06,9.949876000233048e-06,7.476378175644656e-06,8.740899873574623e-06,6.6509827897577824e-06,8.031529180222343e-06,6.611198486712626e-06,9.152617126633193e-06,1.0285346239934446e-06,6.722652926420144e-06,5.939108180854285e-07,5.830262062165834e-06,5.742124206635162e-07,4.489072576619635e-06,5.579572860611767e-07
2021-11-22,2021Q4,10:00,1.1538706092032465,10:30,1.1862850201192852,11:00,1.2003635791803164,10:00,1.131677583865941,14:00,1.2989234589043117,14:30,1.3603798396946458,14:30,1.1526632749346526,11:30,1.1538706092032465,1.0692595215678071,1.05468559604275,1.0627534324715098,1.0035827696826765,1.0225218394956535,0.9988123095740801,0.9581565466057496,0.903979290979451,0.8588952842039277,0.8534531629804577,1.0734922331456093e-05,9.736257071297462e-05,9.04689759264243e-06,9.614372550731371e-05,6.6329316256960674e-06,9.551402339720276e-05,7.689359582661465e-06,9.370252665256247e-05,1.9069928256857498e-05,7.371139841738937e-05,1.2694729355379732e-05,7.347082709208563e-05,7.523557201536611e-06,7.265767633431367e-05,5.808295347349089e-06,7.229515880818982e-05,5.34145825676316e-06,7.195522275323647e-05,4.198480167059849e-06,7.152597226339439e-05,2.457361586841588e-06,6.898331072198441e-05
2021-11-24,2021Q4,10:00,1.150693017447906,10:30,1.1497514307083192,11:00,1.1832802693970599,10:00,1.1067032191452362,14:00,1.2362675481115184,14:30,1.3469633073688336,14:30,1.1045845718052125,11:00,1.150693017447906,1.0660594302692403,1.051085639292963,1.0588502297985678,1.00109015589862,1.019423804655314,0.9952645629853413,0.9544297296332703,0.9001776749489295,0.8547568256917182,0.8486894081281556,4.074954032932538e-05,2.1765467406423315e-05,2.93516473372252e-05,1.6857729584080055e-05,2.5157114518965233e-05,1.6853628861405244e-05,1.8418122353035837e-05,1.2382694482595703e-05,1.7655700062839952e-05,1.1756943769388205e-05,1.5571185740524537e-05,1.1522371987134572e-05,1.2347758105469047e-05,8.152432787315397e-06,9.583890538112143e-06,7.959945955125532e-06,8.306440155402743e-06,7.26983397402593e-06,8.133964410726891e-06,5.412949243852108e-06,4.92715200416719e-06,2.4156567980716207e-06
2021-11-29,2021Q4,10:00,1.151183796319998,10:30,1.1520357096530665,11:00,1.182947350614517,10:00,1.1109104861521029,14:00,1.2376654061877221,14:30,1.3298683152923179,14:30,1.1067094484563673,11:00,1.151183796319998,1.0664476421455542,1.0513701686051455,1.0590755154891547,1.001357224420972,1.019613506360236,0.995495381421985,0.9545463437328812,0.9002898352051546,0.8550103209526675,0.8489322898054636,4.535572609946356e-05,2.8389489647555827e-05,4.109239398077975e-05,2.4592448214308717e-05,3.674190112155402e-05,2.447021314628504e-05,2.805405847928015e-05,2.3552740216778098e-05,2.068297951438256e-05,1.3249050181943465e-05,1.5866362106830798e-05,7.154270621750965e-06,1.3345167884421434e-05,6.019839609184079e-06,1.088424155658888e-05,5.956983096001116e-06,9.31131461783912e-06,5.746863304517195e-06,7.804288776916767e-06,5.0912153351592954e-06,6.990339526234147e-06,4.950504618955936e-06
2021-11-30,2021Q4,10:00,1.1515795331827645,10:30,1.142629259385014,11:00,1.1711796195639428,10:00,1.114412802404604,14:00,1.231652854975029,14:30,1.3191183877141635,14:30,1.108826844443146,11:00,1.1515795331827645,1.0669543294583066,1.0517908684147872,1.0592074095057211,1.001693513338595,1.0200384738188728,0.9958960783909446,0.9548513504234012,0.9005530655287088,0.8552596796144267,0.8491675331933036,4.991696722716095e-05,0.0001512452610684961,3.9603213056765766e-05,0.00015085082865866787,6.029290298436773e-05,4.281811522235775e-05,4.749975490460326e-05,4.0438826683327616e-05,3.928646850532817e-05,2.9854900430225606e-05,3.688103792340563e-05,2.8923927415273372e-05,3.581911415180207e-05,2.731476165031259e-05,2.8636633888076996e-05,2.7293963650051395e-05,2.367330249090205e-05,1.1860291554183677e-05,2.223648317116212e-05,1.1082955329088245e-05,1.9079872227103648e-05,4.304139360881303e-06
2021-12-01,2021Q4,10:00,1.1477180872475896,14:00,1.1184975445989906,11:00,1.166541846421229,10:00,1.085144881606728,14:00,1.2408737034927,14:30,1.3124230310171863,14:30,1.117234302630246,11:00,1.1477180872475896,1.0628394689300606,1.0523726591890044,1.0594049862397619,1.002118336200162,1.020403709442849,0.9963649636890243,0.9550022005898172,0.9013790375690484,0.8561807067420213,0.8504687139990745,5.0007871279051325e-05,0.00017190298607229937,3.9197830952675535e-05,0.00016761299182453226,2.9287364522080058e-05,0.00016251136365092692,2.4626804314499156e-05,0.00015924043727110631,3.10495134483282e-05,0.00014759121583240916,2.8113693011314272e-05,0.0001475551427542957,4.6513456163739804e-05,0.00012659272326129338,3.4906045881010573e-05,0.0001263969010392491,3.782930686259029e-05,0.00012010160854120179,2.5829222800756776e-05,0.00011935908105803606,2.3555502162810223e-05,0.00011176622862002822
2021-12-03,2021Q4,10:00,1.1431651259661957,11:00,1.0596850420074493,11:00,1.1457599781553132,10:00,1.052488701736149,14:00,1.170745747156838,14:30,1.2813460035873776,14:00,1.0629905768807713,11:00,1.1431651259661957,1.058154421989597,1.0470012706378962,1.0533460561215537,0.9968616725384842,1.0143854884167414,0.9920619378314811,0.9500124843023494,0.8969356536760458,0.8507148082422992,0.8444937700450975,0.00014662773672300812,0.000171968112226308,0.00011801061961086995,0.0001716602457690681,0.0001155468857057461,0.00010971563089202765,0.0001001953489940333,0.000104149562221348,0.00010753868233752464,6.930388711762857e-05,8.037398712825153e-05,5.315395405398019e-05,7.491259999687607e-05,5.20053335095874e-05,6.295165621470275e-05,5.15626856159115e-05,5.98174058668013e-05,4.000651739376071e-05,5.299299199759752e-05,3.962416136898168e-05,3.839535474728793e-05,3.3418064762397726e-05
2021-12-06,2021Q4,10:00,1.1416289270320488,14:00,1.0569960710075055,11:00,1.1419483781922846,10:00,1.044509620072085,14:00,1.1764768360695474,14:30,1.2815752494343726,14:00,1.074499248618658,11:00,1.1416289270320488,1.0560212097065043,1.0470267258391306,1.0529478543516468,0.998586063334746,1.0156823179115315,0.9933187429982846,0.9508222475899702,0.898441889037772,0.8520912079414338,0.8453416214578755,0.00012138120019172666,4.4456851774871395e-05,8.818942736661079e-05,2.7437301286073284e-05,7.141132048807618e-05,2.7217620362623322e-05,7.214681252514329e-05,2.4033425699015706e-05,6.356538440327793e-05,2.394126449502534e-05,4.5132635869622995e-05,1.5246882665785825e-05,3.2964102927693026e-05,1.1188298741605564e-05,2.7354536389182226e-05,8.675325337949568e-06,2.429479201246089e-05,8.675325337949568e-06,1.9115499839944275e-05,8.572161260382614e-06,1.7026112000611614e-05,5.258713179765531e-07
2021-12-08,2021Q4,10:00,1.1437976628820974,11:00,1.0709799381954208,11:00,1.1447040590528945,10:00,1.061920867964185,14:00,1.1879609053007558,14:30,1.2791229064224237,14:00,1.0830709832483334,11:00,1.1437976628820974,1.0580045098009345,1.048644647557244,1.0549071613997618,1.0003626152955196,1.0171344959450286,0.9944956400479894,0.9519294309345693,0.8994797414805887,0.8529337163150663,0.8467233869760926,3.918317525313359e-05,9.165883379137688e-06,3.4070705711469355e-05,7.327737378362731e-06,2.836906656781148e-05,6.490693152524942e-06,1.8716675384425678e-05,2.8180729827159895e-06,1.5359194229472722e-05,2.6910811734055142e-06,1.3627963641500992e-05,2.3441615779771654e-06,1.1388803216877851e-05,1.5216837349130404e-06,9.428268836238908e-06,1.1070235462059019e-06,7.794687517223906e-06,1.0917368909006002e-06,5.945608631316234e-06,9.526776219133337e-07,4.083666203879163e-06,6.071752670285951e-07
2021-12-10,2021Q4,10:00,1.1446786679222805,14:00,1.0769570234298131,11:00,1.1423242893714254,10:00,1.0688234154597465,14:00,1.196740958560813,14:30,1.2676111627729183,14:00,1.0867450721430567,11:00,1.1446786679222805,1.0588857643830212,1.0494573969993157,1.0555656342404678,1.0009299946688954,1.0176851783480174,0.9950275024332915,0.9524146996525144,0.8999082180031251,0.85329983661101,0.8470208280809922,3.5892746427374806e-05,3.05100921995444e-05,2.2882687079935876e-05,2.5758566584649162e-05,2.7097612154345875e-05,1.6826914374768157e-05,2.0153880868776424e-05,1.6805862616769338e-05,1.314435348601679e-05,1.4895332775760475e-05,1.2332864645417108e-05,1.4856874193488799e-05,1.2604812337380868e-05,1.4542674401468305e-05,9.955786690163174e-06,1.3834791553217757e-05,8.628933018397357e-06,1.3834244443826583e-05,6.981275575508154e-06,1.368578865914745e-05,6.174234174941484e-06,1.0767439919656717e-05
2021-12-13,2021Q4,10:00,1.144708370791306,11:00,1.0745149261169709,11:00,1.1383470929833341,10:00,1.0695957901073152,14:00,1.1893332882690932,14:30,1.2639304064143677,14:00,1.0839741487903718,11:00,1.144708370791306,1.0587388020352289,1.0498129314067108,1.0556665345816585,1.000850998005524,1.017548789937299,0.9949271086199788,0.9522282232207973,0.8996681335280019,0.8529651578113571,0.8467755652794942,3.5655918426016076e-05,2.0576758317974082e-05,3.176159929525044e-05,1.6563672352213974e-05,2.723607570836318e-05,1.6563510505388773e-05,2.8647744637652024e-05,1.3347591288202328e-05,2.1951493665203785e-05,1.2790585055026396e-05,1.792614865734285e-05,1.1469305652193857e-05,1.6623540624295226e-05,1.0966398262931041e-05,1.4561853335011732e-05,1.0956736632295704e-05,1.1426389187501496e-05,1.0671438286214596e-05,8.914039271345005e-06,1.0430250178159114e-05,6.762481676506093e-06,1.0107899631707559e-05
2021-12-15,2021Q4,10:00,1.1450792798749831,10:00,1.099596344190179,11:00,1.1395890240257651,10:00,1.0728263347515394,14:00,1.1695280067739136,14:30,1.2681916338142614,14:00,1.084475858435843,11:00,1.1450792798749831,1.0592144513366568,1.0501836411945271,1.056274606636422,1.0012603331769356,1.0178547760640186,0.9952343581081858,0.952467113483416,0.899782778141983,0.8529663967057407,0.8466261162311768,0.00011085430158096519,0.0001224782392160545,9.445354265156954e-05,0.00012217855856795198,8.887130190516388e-05,0.0001220801641535453,8.933687215428517e-05,0.00012085734287847989,8.263316339268188e-05,0.00012077931159367553,7.994684759082477e-05,0.00011912091858073318,8.159602633139599e-05,0.00011896430364311661,9.178466256644117e-05,0.00011895565288113873,0.00010466256269280128,0.00011760382216462282,7.248934044000978e-05,0.0001130699455664012,3.6752805068102965e-05,0.00010684620401288081
2021-12-17,2021Q4,10:00,1.1441817607785036,10:00,1.084833693315022,11:00,1.1304593529693445,10:00,1.0680494827218552,14:00,1.1532782447859522,14:30,1.2494773323185426,14:00,1.0785595929917555,11:00,1.1441817607785036,1.0580502384465498,1.048709633977893,1.0546818975026424,0.999556226112631,1.0158462768269498,0.9932676592663601,0.9512306016097257,0.8997107586035493,0.8512742963580477,0.842198074284766,0.000110512381790967,0.0001452336759705888,0.00010484463871130581,0.00014007533991597905,8.089246405168522e-05,6.79061729041229e-05,7.699812621722597e-05,6.550228069480022e-05,8.603843830500417e-05,3.1889053654088875e-05,7.513079788175956e-05,3.1801631187900235e-05,5.9855252784997336e-05,3.157845953198566e-05,4.91630445337145e-05,2.4897964690772522e-05,3.907954391684662e-05,2.2588660977886426e-05,3.4822131627476144e-05,1.4528100547943566e-05,2.7982420998567195e-05,1.4523930714099175e-05
2021-12-20,2021Q4,10:00,1.1424896381144536,12:00,1.0768599622817503,11:00,1.1306899546309943,10:00,1.0579094246607597,14:00,1.1566835455398474,14:30,1.2521296643756712,14:00,1.0873416527964384,11:00,1.1424896381144536,1.0566129190293436,1.0490713988262081,1.0550099251751832,1.001962847653787,1.0179256872142592,0.9947875946995322,0.9526927455494024,0.9008783194516857,0.8528587622751673,0.8434951363259618,0.00010373373521300459,3.509720716633532e-05,8.458492690505964e-05,2.023272733592412e-05,6.923300497634183e-05,1.9091834416156068e-05,6.166497052166904e-05,1.906226953348095e-05,5.0256442720757476e-05,1.4147760546103365e-05,4.5478160684879066e-05,1.4143961957256144e-05,3.917374705352137e-05,9.779793864887341e-06,3.1711993317148114e-05,7.390305432192517e-06,2.9089314562298585e-05,4.101204552877738e-06,2.55226797078825e-05,3.974637655777643e-06,1.9144025160415287e-05,3.934757958879742e-06
2021-12-22,2021Q4,10:00,1.144422117082314,10:00,1.088005848026412,11:00,1.1421815104061877,10:00,1.0730957475229836,14:00,1.1358727672603148,14:30,1.2603484643233505,14:00,1.100416308380657,11:00,1.144422117082314,1.0587066231647149,1.0509092352645348,1.0567309299509682,1.0035650057856007,1.0194337956382022,0.9963576898240531,0.9541079198093244,0.9024587075714978,0.854420079150973,0.8447979263194478,3.4954038785629837e-05,3.52690597222992e-05,2.4986567601927374e-05,3.2730571390963183e-05,2.1369900930858865e-05,1.4741302406567527e-05,1.781422646354984e-05,1.465564025933862e-05,1.5066849108095392e-05,1.4436960638002915e-05,1.314302812854747e-05,1.4436668373913283e-05,1.1241170536212438e-05,1.3990477040679917e-05,1.0185968041000353e-05,1.2700854535515086e-05,9.357576792897257e-06,1.2041455858890514e-05,8.256962089986266e-06,1.0746797225357988e-05,5.175861490170845e-06,7.003167457671086e-06
2021-12-23,2021Q4,10:00,1.1442580432661997,11:00,1.1108718839357077,11:00,1.1352909995052074,10:00,1.0724341899674925,14:00,1.1262002310645522,14:30,1.2569759970152683,14:00,1.0989700038225885,11:00,1.1442580432661997,1.0583868031092705,1.0511286692386006,1.056827253104673,1.0035906738614448,1.0193574651554296,0.9962139127395571,0.9539971777264573,0.9023648469080455,0.8543548540503382,0.8447370084614805,2.4581519413844544e-05,6.682401755469406e-06,1.886337921752687e-05,6.095001700074791e-06,1.562278543721337e-05,5.188919725789699e-06,1.1756979459650042e-05,5.085603858563918e-06,1.0403754373711222e-05,4.4637634947579745e-06,9.99137963516808e-06,3.811426710455059e-06,8.786298927229189e-06,3.6940535098008084e-06,7.311389607804468e-06,3.5894737258074638e-06,6.385516071547633e-06,3.535422204572196e-06,5.505837444138833e-06,3.3656675267290056e-06,4.78933945167257e-06,3.0688321265366657e-06
2021-12-27,2021Q4,10:00,1.1447716735051636,10:00,1.109539248447317,11:00,1.1334928339962176,10:00,1.0764543807344882,14:00,1.1194452170618885,14:30,1.2523443307699473,14:00,1.1004716746313823,11:00,1.1447716735051636,1.0587974354660108,1.051508194028177,1.0570913697017232,1.003853504422237,1.019653489284952,0.9964859363478679,0.9542199347554281,0.9025635064295976,0.8545402229089385,0.8449177239713467,1.940082648127654e-05,1.7440629140688452e-05,1.2436557397251137e-05,7.3288510307425504e-06,1.1684371285320055e-05,6.852553729593211e-06,9.844010033348997e-06,6.705339792953134e-06,9.312328025150965e-06,6.637825505354426e-06,8.113055394489587e-06,5.8857350890448105e-06,6.9516105399044074e-06,5.82574611527797e-06,5.963156245166583e-06,5.682239446499067e-06,4.804565195764635e-06,5.372572460327394e-06,4.594013920827128e-06,4.981879044204282e-06,3.7202794768693026e-06,4.20699907104884e-06
2021-12-29,2021Q4,10:00,1.1447545552594207,10:00,1.1038759933275553,11:00,1.131821251189532,10:00,1.0766000787310603,14:00,1.1123094069833146,14:30,1.2477047497989826,14:00,1.1001504934772466,11:00,1.1447545552594207,1.0589521161302267,1.0516753171304787,1.0572053812869628,1.0039709955527603,1.019755831544923,0.996546986035638,0.9542509309430788,0.9025607392522977,0.8545639496448261,0.8449313500462436,1.9245782432798286e-05,1.0942846697671408e-05,1.681333087840477e-05,6.833538147176564e-06,1.3830686207729758e-05,5.25816214622368e-06,1.2104659957700615e-05,4.051643915160845e-06,1.0185293645938423e-05,4.025058549395341e-06,9.00706443404685e-06,3.471125458317587e-06,7.23029848894726e-06,2.4347838400934898e-06,6.134672685775651e-06,2.433926657759825e-06,5.533687140707558e-06,1.5973912205402563e-06,4.6067835274283485e-06,1.515628860374819e-06,3.6218910559305456e-06,1.267005037002186e-06
2021-12-31,2021Q4,10:00,1.144958159660173,12:00,1.1113084136727507,11:00,1.1276586536575808,10:00,1.07834996955181,14:00,1.1298775000296326,14:30,1.2466503864535254,14:00,1.102273959883158,11:00,1.144958159660173,1.0592687934446778,1.0519849910315617,1.057528897267094,1.004243470834214,1.0200207663482035,0.9968027921818052,0.9544692914393158,0.9028150370954446,0.8547972190288685,0.8451411206770004,2.5239101530202428e-05,1.995579563392766e-05,2.24768400267477e-05,1.94401293963672e-05,1.8481637953808674e-05,1.917286177147708e-05,1.7342977687849412e-05,1.9062087863189436e-05,1.5761177134218033e-05,1.7806653437559235e-05,1.3851731165797056e-05,1.767213164368348e-05,1.2579751383532746e-05,1.4213673420050337e-05,1.2911696017301498e-05,1.4082699218842618e-05,1.1632939348601116e-05,1.4080577834463885e-05,1.1073907996750088e-05,1.3849008274838108e-05,9.967529134141445e-06,1.372836102309501e-05
2022-01-03,2022Q1,10:00,1.1450305571958739,10:00,1.1058937388529944,11:00,1.1292395653056295,10:00,1.0792274609861812,14:00,1.1245647042049165,14:30,1.251789337263797,14:00,1.1008844304651124,11:00,1.1450305571958739,1.0593310680882695,1.0519220655020078,1.0574125197763808,1.004149484692246,1.0198186676200345,0.996718270594583,0.9544389679959808,0.9027480266854695,0.8547434418835874,0.8450068542845712,3.005633074131663e-05,2.3948769115927618e-05,1.9720924163341242e-05,9.365310859532115e-06,1.6220883425343577e-05,7.964716128662965e-06,1.5182152456085282e-05,6.263696202405189e-06,1.2292061535571052e-05,6.184895020241669e-06,1.0207202657796425e-05,4.72999862514475e-06,9.266793021727296e-06,4.246905706587128e-06,7.735926061701884e-06,3.2830527299436158e-06,6.181215337052847e-06,1.3730486385568923e-06,5.842819699523027e-06,1.2468970922244996e-06,4.455652912308702e-06,8.827176895121917e-07
2022-01-05,2022Q1,10:00,1.1451102775734143,10:00,1.0956259492528493,11:00,1.1276445688756778,10:00,1.080225919858266,14:00,1.125447901609044,14:30,1.2552058320811592,14:00,1.103518551838525,11:00,1.1451102775734143,1.0596548115013533,1.052214350255674,1.0577661752548997,1.004418890642078,1.020079253850435,0.9969860556837961,0.9547023388968606,0.9030548386454997,0.8550795815841685,0.8453115009521104,2.5133511426427434e-05,7.746531428514346e-05,1.9815306205853045e-05,7.621909430949313e-05,1.7302605697723593e-05,7.529381612808388e-05,1.7226215327959257e-05,7.52742578293585e-05,1.6752956880548537e-05,7.31354358424854e-05,1.4535179924371575e-05,7.152669910752909e-05,1.799746455665835e-05,6.514776331890314e-05,1.8810279614497952e-05,6.510123637407445e-05,1.868118836004992e-05,6.510079708527606e-05,1.5681537930700734e-05,4.0560967093013274e-05,1.3189257699686458e-05,2.6620721819877022e-05
2022-01-07,2022Q1,10:00,1.1431908775164505,10:00,1.0731899278974597,11:00,1.1166812768562897,10:00,1.0664437360024774,14:00,1.0922563514506227,14:30,1.2383097025965182,14:00,1.0783553415391804,11:00,1.1431908775164505,1.057646353853016,1.0499130290157872,1.0551959223837861,1.001914985272254,1.0172608206449267,0.9944968665055041,0.9522313388823724,0.9005746793291295,0.8537463467821285,0.8445483360991378,3.9424447035082814e-05,5.114933035274646e-05,3.651334995723093e-05,3.8571979171400646e-05,4.254653884977112e-05,2.433462580976177e-05,2.7956023399693727e-05,1.7832983565111055e-05,2.3075605274708638e-05,1.1079197044418649e-05,2.2356107198854574e-05,9.475116679935643e-06,1.773264121063906e-05,9.362974624051834e-06,1.542009493585571e-05,9.134564422105133e-06,1.4227671810157387e-05,9.08994997915193e-06,1.2744985764978128e-05,8.495882418626293e-06,8.713012580792142e-06,4.642124947771036e-06
2022-01-10,2022Q1,10:00,1.1426166340184556,11:00,1.081883427159864,11:00,1.1149278282522193,11:00,1.0636422831479186,14:00,1.1094701529997582,14:30,1.2355891369592427,14:00,1.0812236054744926,11:00,1.1426166340184556,1.0575054262438452,1.050544153700606,1.0555720919919884,1.002443505475298,1.017874003655348,0.9949430812000137,0.9526143646417025,0.9009480536626252,0.8541314414876525,0.8449408920418447,7.601678622974099e-05,0.00010307614760107638,6.524889853923688e-05,9.591282732002314e-05,5.7413880634418165e-05,9.534908402418945e-05,4.108167228275669e-05,6.915464345155678e-05,3.528734668782337e-05,6.72184962853576e-05,3.516247995528292e-05,6.128233480859831e-05,2.776806196856355e-05,5.7210800371009583e-05,2.594399512583683e-05,4.920309920000681e-05,2.2981349256577837e-05,4.089621013116348e-05,1.9868361117410673e-05,3.3515024978653044e-05,1.6300076843433146e-05,3.3379612747977846e-05
2022-01-12,2022Q1,10:00,1.1413616614632522,12:00,1.0910681092492163,11:00,1.1076766167604544,10:00,1.0551037869975923,14:00,1.1390640316526182,14:30,1.2281212766009202,14:00,1.0720114550763769,11:00,1.1413616614632522,1.0563184938837458,1.0489622404082215,1.0542620890331107,1.001031178055099,1.0165656632198823,0.9934029937956045,0.9514252037232359,0.9000933947563694,0.8535187477855721,0.8439685138578603,4.1281344110643476e-05,2.641738470712217e-05,3.3493336489519834e-05,2.6090758105535182e-05,4.511151059583781e-05,1.3274778733275572e-05,4.1805681103838955e-05,1.2744014468847851e-05,3.348662965288439e-05,1.1156815961417471e-05,2.6341203846905417e-05,1.1156744183112455e-05,2.0896687078939266e-05,8.520346535598937e-06,2.1193319257647976e-05,4.95492246005463e-06,1.8070313872811986e-05,4.026477842619851e-06,1.3006498258389816e-05,1.6967850999481452e-06,9.363714283538997e-06,1.5793629891712467e-06
2022-01-14,2022Q1,10:00,1.1416958638983663,12:00,1.102943285230083,11:00,1.1115398445202036,11:00,1.0597710422017055,14:00,1.1455152327379128,14:30,1.2272682343421144,14:00,1.079635577073704,11:00,1.1416958638983663,1.0565129764012815,1.050115580901391,1.0554259411505051,1.0020127920575221,1.0172863672893968,0.994059472280187,0.9523613253269656,0.900983716484787,0.8543272581159886,0.8446244388650074,7.138090576731663e-05,7.018927682488787e-05,6.843310812195158e-05,6.241861985830055e-05,5.862832143977881e-05,6.114046384267999e-05,5.574813521539678e-05,5.503923146443641e-05,4.752700169992183e-05,4.37810918821583e-05,4.292855129918994e-05,4.1850295342613085e-05,4.364526553759888e-05,2.8670491188928495e-05,3.627153201718845e-05,2.8422779960108347e-05,3.0599846558808835e-05,1.7304293447687986e-05,2.7445268137322732e-05,1.6525036887867484e-05,2.318644929208449e-05,1.3878420452326384e-05
2022-01-18,2022Q1,10:00,1.1414335513257554,12:00,1.0989564065950779,11:00,1.1107579831013303,11:00,1.0578808629099972,14:00,1.1523996428827818,14:30,1.2322095471943064,14:00,1.0869603375157686,11:00,1.1414335513257554,1.056594331598667,1.049909827441788,1.0553300921785567,1.0021733613398476,1.017303381325975,0.9948579728844499,0.9528832615774938,0.901907741660401,0.8552584503981736,0.8455597487981076,8.137275011501912e-05,5.5083747444523586e-05,6.753935308893422e-05,5.162328541075786e-05,6.707855404793356e-05,4.0954081193103586e-05,5.420912989375375e-05,4.0912153547423735e-05,4.588299895068169e-05,3.912527824616008e-05,4.828318747092925e-05,3.16367188134832e-05,4.5692145696988554e-05,2.6566081219836818e-05,3.322122676015715e-05,2.630889394677883e-05,2.8931430364302573e-05,2.0458917768202035e-05,2.4419174844609512e-05,2.044886196886949e-05,2.1705471681341524e-05,1.2876361363931669e-05
2022-01-19,2022Q1,10:00,1.1419869438956487,12:00,1.099435732548278,11:00,1.119228517422195,11:00,1.0651502378241728,14:00,1.155955082020747,14:30,1.2513494537626764,14:00,1.0916132550716013,11:00,1.1419869438956487,1.0570186883755084,1.0507970147468635,1.0557809458051959,1.0024657762352285,1.0180741880858446,0.995872145538632,0.9533449097443264,0.9025520917239482,0.855741967251364,0.8464413757584122,8.347514487588982e-05,0.00013657116431956915,7.274916896336831e-05,8.870811738257713e-05,6.273437532524736e-05,8.863117496997686e-05,5.434038653330304e-05,8.616059617318019e-05,4.496764143690944e-05,7.990119633877422e-05,3.4292875242818925e-05,7.070065114793325e-05,2.9173367637671946e-05,7.06992842451728e-05,2.8693490900780727e-05,6.44118013925026e-05,2.3734087354139306e-05,6.33817647650974e-05,2.503231290074797e-05,4.530619475854366e-05,1.6935013180649815e-05,4.145347793921528e-05
2022-01-21,2022Q1,10:00,1.1398272478895668,11:00,1.0789499469352337,11:00,1.1300524006324104,11:00,1.0556123444231387,14:00,1.123012875453797,14:30,1.2426100011129928,14:30,1.0751938853270095,11:00,1.1398272478895668,1.0563343262822866,1.0496806812630366,1.0542895358324471,1.0009316329081015,1.0162759237352645,0.9937092367810659,0.9514990764769266,0.9005020187498135,0.8547864746943742,0.8449669250442078,0.0001265762588594094,0.0001488688663288309,0.00012797640274882149,0.00014518757708058776,0.00012081120793185979,8.859422960964906e-05,9.973636161276241e-05,7.86847399042596e-05,0.00010162065032061707,3.4148740461243575e-05,9.539295743311187e-05,2.9696297331814194e-05,8.167913678086126e-05,2.7110665277301638e-05,7.875821365551196e-05,2.358007334526366e-05,7.022076432730272e-05,2.3443333051667732e-05,6.093432275751543e-05,1.904871472616495e-05,5.287554723741245e-05,1.0117772364497456e-05
2022-01-24,2022Q1,10:00,1.1385485390664027,12:00,1.101652834630536,11:00,1.1393928445648236,11:00,1.0637035101710168,14:00,1.1496289615236992,14:30,1.242718297592282,14:30,1.103319156742263,11:00,1.1385485390664027,1.0555114511251917,1.0506988312932324,1.054970623186789,1.0038723395951847,1.0193833375750145,0.9965764614959899,0.9546727983018468,0.903505632249669,0.8578879193842321,0.8485643271278361,0.0003278941424756742,0.0005795234909105226,0.0003080584973280639,0.0005790073653885549,0.0002308708512812846,0.0005789187450809002,0.00022807255581181656,0.0005718261943579094,0.00020398455229853448,0.0005506832316123345,0.00023098515516582286,0.000497972817405116,0.00021098835787354802,0.00045336031315969944,0.00019046180385544006,0.0004473678277971783,0.00016726945480761816,0.00031714474477317407,0.0001555390051956479,0.0002757245217012954,0.00011221488255870521,0.0002574079225319628
2022-01-26,2022Q1,10:00,1.1288692902964248,10:00,0.9889118690071349,11:00,1.0850924586116109,10:00,0.9875608247343903,14:00,1.063661323162419,14:30,1.2061735235273325,14:30,1.0432248736915481,11:00,1.1288692902964248,1.045869484389602,1.0371713388487744,1.0400873777269044,0.9890183357618045,1.0065069798464872,0.98425493841903,0.9416667242832389,0.8963496117962618,0.8523673833719247,0.8401208269838802,0.00037914866523291394,0.00026718885268942446,0.0003801490966403289,0.0002271298355065785,0.0003475699447104082,0.00022712975289695785,0.00031032596643953053,0.00021529590564836864,0.00028543494156237043,0.00021527429284231496,0.00027005749756253727,0.00021238593600991285,0.00026752486987562715,0.00021091729353479014,0.00029854284545464266,0.00020401886986655843,0.0003044603415330733,0.0002040154192833262,0.00018825521772753708,0.00020112087070585957,0.00014809189279215725,5.9996690118555116e-05
2022-01-28,2022Q1,10:00,1.1311126073152766,10:00,1.0107557689143756,11:00,1.109400407146782,10:00,1.0095120947414282,14:00,1.1111137831388274,14:30,1.1955275637587346,14:00,1.0754681014829461,11:00,1.1311126073152766,1.0503733880631287,1.041153364858383,1.0434857188182083,0.992078546912739,1.009101360801287,0.9872884368014495,0.9474514248288861,0.9035565260412921,0.8534986483200612,0.8478497665763091,0.00025498466836320667,0.00037396579405317697,0.00021677116376533443,0.00034964601896006746,0.0001786043847400899,0.00031018767373639736,0.00014308718898929036,0.00029534305766117466,0.00012533002879657178,0.00027596780930965153,0.00011933281831020927,0.00026610895562576735,0.00011308046990918724,0.00026063544270191685,9.25148155588553e-05,0.0002554889585390207,8.383542193876995e-05,0.0002525074135446584,8.048197996130623e-05,0.00017987178910713186,4.7060444553458e-05,0.00011632240824673232
2022-01-31,2022Q1,10:00,1.1263030669660532,10:00,0.9880968955929303,11:00,1.0892793550495319,10:00,0.9875056348894835,14:00,1.0402917442220407,14:30,1.176374844451914,14:00,1.0151595066927583,11:00,1.1263030669660532,1.0456723037128544,1.036077093115952,1.0370664609464542,0.9858866659377363,1.0023081532343732,0.9800821804920472,0.9394340970792351,0.8951286158551839,0.8486468251578864,0.8438073150365427,0.00015272786485763588,0.00010435796901215507,0.00011258857697692777,9.849759940937374e-05,9.156169854436382e-05,9.600081146380943e-05,8.489335551819549e-05,9.143603384534983e-05,5.9592044227030344e-05,5.9580698441703475e-05,5.659542301741131e-05,5.8938404661190756e-05,5.021149040537203e-05,5.4226334637453516e-05,4.971724737400802e-05,5.3294248709297096e-05,4.331769226157304e-05,5.234506610523987e-05,3.4917570736182766e-05,4.689259137058334e-05,3.0349586588436045e-05,4.656843359793847e-05
2022-02-02,2022Q1,10:00,1.1273073932106719,10:00,0.9943792477394409,11:00,1.089663299421828,10:00,0.9963574302140629,14:00,1.0355487965428212,14:30,1.1679967901620756,14:00,1.013557828892311,11:00,1.1273073932106719,1.0459710403323808,1.0358001213053156,1.0366816647432406,0.9859221240246656,1.0021955818911548,0.9799359567196156,0.9394154304262252,0.894922641881818,0.8483238148194078,0.8431085842146396,6.826582157974263e-05,3.53436952709888e-05,6.542916499496265e-05,3.457356229303685e-05,5.3178468493655814e-05,3.0406355895638623e-05,5.48017309161531e-05,2.6734518238405377e-05,4.55264577226165e-05,2.5492937434847178e-05,4.1441898541136534e-05,2.4832037178179957e-05,3.268341164119699e-05,1.1564372057383988e-05,3.1115945183559894e-05,5.315330453876402e-06,2.5347342899318098e-05,3.387763496542906e-06,2.032234837743555e-05,3.3808741011531364e-06,1.5092702225737803e-05,7.212582109381532e-07
2022-02-04,2022Q1,10:00,1.1281177793164494,10:00,1.001354142167167,10:30,1.082565387097409,10:00,1.0022745245745222,14:00,1.0433518871004743,14:30,1.156139457181435,14:00,1.021791472846049,11:00,1.1281177793164494,1.0468815027444527,1.0365592872701264,1.037730006699462,0.9867696783481723,1.0029465066217886,0.9809991513404616,0.9408114838736072,0.8962215906499612,0.8494794155743599,0.8442399474535319,0.0001354137565054731,0.00010159714723891973,0.00012346092135112415,9.700420893723005e-05,0.00010984306844556773,8.668670721919652e-05,8.898745311369842e-05,8.145895264946424e-05,7.923656507523178e-05,7.502952981040578e-05,7.201556346778611e-05,7.359562857122128e-05,5.4388902758805185e-05,6.757930781568825e-05,5.4556908917963e-05,5.99525799793656e-05,4.210263418589343e-05,5.675770218522722e-05,3.2244085291305694e-05,5.5181364317199434e-05,2.4154139164373404e-05,5.052429901385933e-05
2022-02-07,2022Q1,10:00,1.1287091223119352,10:00,1.0057982674447572,10:30,1.0802101333329626,10:00,1.008244077595485,14:00,1.038354901300784,14:30,1.1517247577312657,14:00,1.0181160650905998,11:00,1.1287091223119352,1.0475610340986854,1.0372569428182905,1.037901890604245,0.9869851177619196,1.0028652724966496,0.9804082534157283,0.9407130823523381,0.8957130846936096,0.8485142392991051,0.842800591392041,7.472632402823998e-05,4.6503832950443155e-05,6.405305460490808e-05,4.6503655707870635e-05,5.337116506572605e-05,4.65030573085306e-05,4.8446049894457635e-05,4.4500039848896966e-05,4.622038559584798e-05,3.9229220412938836e-05,4.414003494547147e-05,3.572953519098549e-05,4.300448190555761e-05,3.5258429391526994e-05,3.517213265925692e-05,2.5986346024236535e-05,3.045032686132309e-05,2.5108710312371974e-05,2.170000987048482e-05,2.3200563764104046e-05,1.579824385674563e-05,2.3165077689857524e-05
2022-02-09,2022Q1,10:00,1.1293404787751888,10:00,1.0115810018445066,10:30,1.0802464223206665,10:00,1.0132055309643633,14:00,1.0409840061151172,14:30,1.150158358543248,14:00,1.0208498401782045,11:00,1.1293404787751888,1.0480360621491032,1.037435909538258,1.0379889118871848,0.9872954328590907,1.0032402567560768,0.9808262319738659,0.9412837068178685,0.8961742319615275,0.8486468925381305,0.8425112810994017,6.533951529411215e-05,1.408385213988765e-05,5.0852245354327e-05,1.2488837498368702e-05,3.8951185225103485e-05,9.416625371640773e-06,3.568726412845453e-05,8.170267954497945e-06,3.2455667035602914e-05,7.66819191477794e-06,2.8347263272362307e-05,7.404028305757412e-06,2.7086653117588306e-05,6.0625777657355896e-06,2.3578462293814778e-05,6.008969438915065e-06,2.3435382709129807e-05,5.814347137771845e-06,1.7774809634863634e-05,3.996165618923372e-06,1.3651485999626692e-05,1.6494496641078086e-06
2022-02-11,2022Q1,10:00,1.1307434557669993,10:00,1.0188667026851295,10:30,1.0835856510695006,10:00,1.0223845062371606,14:00,1.0473927133740286,14:30,1.1507134314525658,14:00,1.0275221698889727,11:00,1.1307434557669993,1.049205198092462,1.038452529909972,1.0390364628733408,0.9883244903488384,1.0041841239669567,0.9818732543507761,0.9422368326861389,0.8972296734097615,0.8495940184179359,0.8434634231775189,0.00011870304499066596,0.00010263496999233013,0.00010002246688852975,0.00010104055428852354,8.894074129112721e-05,9.802011339696975e-05,7.887203733276782e-05,9.467887648906071e-05,7.100462966475603e-05,9.441438954702586e-05,6.59296026366674e-05,9.441355303457124e-05,6.263573493649618e-05,8.640591594939539e-05,5.524399711189132e-05,8.226836703575265e-05,0.0001244446050875982,3.528136509091932e-06,0.00010202078897411526,1.3049668838741524e-06,8.382152179124007e-05,1.0054480563752432e-06
2022-02-14,2022Q1,10:00,1.1308184244503754,10:00,1.019501002506707,10:30,1.0807078216925066,10:00,1.0248411266248512,14:00,1.0889159713041288,14:30,1.1708278465576465,14:00,1.0723081264879093,11:00,1.1308184244503754,1.049020335378994,1.0380064477146171,1.038288264861201,0.9874056058772133,1.0028866436779573,0.980778240563885,0.9410575307896386,0.9042518296824946,0.8562383264945087,0.8499058964741596,0.00018945426055963708,0.00012207557828307613,0.00015686390073585657,0.00011514677397431908,0.00015411984143761339,0.00010859541485540822,0.00012342725268049028,8.894907110254471e-05,9.822244344328885e-05,8.832313170054712e-05,8.233078007215443e-05,8.576735282558004e-05,6.988296211400712e-05,8.576620251642462e-05,7.116174767774934e-05,8.132965379927139e-05,9.646691081600178e-05,1.2007557475756315e-05,9.174412559690348e-05,4.1609215747231755e-06,5.946436939121601e-05,2.3844485208091797e-06
2022-02-16,2022Q1,10:00,1.1322682046310746,10:00,1.0317616639051765,10:30,1.0820578335938102,10:00,1.0361971457504628,14:00,1.1176423013630874,14:30,1.184143496156732,14:00,1.1034258774228118,11:00,1.1322682046310746,1.0501296970386815,1.039438300181736,1.0394762655585956,0.9878575536129872,1.002721756792596,0.9800791973540887,0.9407741942672674,0.9092052199557034,0.8620428220234959,0.8543648290353824,0.00012225394631224196,6.625298300804722e-05,0.00010226347514932999,6.513261163014287e-05,8.735090848801982e-05,6.472074276013224e-05,7.52300297085862e-05,6.228095876591609e-05,6.611265001084974e-05,6.225250385147195e-05,6.659530145897235e-05,6.188352193097682e-05,6.740863211704346e-05,6.0791702191425985e-05,6.369687119288297e-05,6.058053783561374e-05,6.567553936224315e-05,6.050002839390333e-05,3.152797683917989e-05,7.941896032086582e-06,2.1550026034084636e-05,7.3642040969934114e-06
2022-02-18,2022Q1,10:00,1.1335978702337055,10:00,1.0404204257425997,10:30,1.0875514277003273,10:00,1.0456500423881707,14:00,1.1173171163655602,14:30,1.1863733410099595,14:30,1.1135826986841275,11:00,1.1335978702337055,1.0511691094326923,1.0401312008325934,1.0398763964597444,0.9880465249919036,1.002924535944077,0.9804624721252982,0.9411265328367131,0.9098203579636732,0.8636666351600527,0.8555486641277722,0.00012799385092113362,0.00012482734607474738,0.00010977776884634734,0.00011225032049808864,0.00010272565233153952,0.00010297452846493108,0.00010003520747160196,0.00010174295960333125,8.910673600035689e-05,8.407981622366619e-05,7.54576444094644e-05,7.969338968196512e-05,6.825386444199913e-05,6.643296929580397e-05,6.166281771516021e-05,6.642908747404448e-05,5.514486983983855e-05,5.539589927232315e-05,4.146789804115209e-05,2.953450879004574e-05,3.807380836676471e-05,2.863381022572438e-05
2022-02-22,2022Q1,10:00,1.1332189131310468,10:00,1.0393703419246456,10:30,1.0815406290968568,10:00,1.0452084344616488,14:30,1.1203522924825688,14:30,1.1841088481048907,14:30,1.1192943507658708,11:00,1.1332189131310468,1.050917799647877,1.0399805310062664,1.0396573596079264,0.9882926142602437,1.0027257904134663,0.9806146823193823,0.9410817363492502,0.9100930519538127,0.8647146042463327,0.8565996550485838,,,,,,,,,9.556544187495188e-05,9.888966002447372e-05,9.415895054374539e-05,9.559078833309262e-05,8.198863875510793e-05,8.913991911159791e-05,7.589981086134594e-05,8.749126204666565e-05,7.63550545535461e-05,7.434413374085558e-05,6.774503698966877e-05,7.084964338241714e-05,4.270378063500511e-05,2.6149636246897595e-05
2022-02-23,2022Q1,10:00,1.1332189131310468,10:00,1.037650666910285,10:30,1.1005256312885252,10:00,1.0452084344616488,14:30,1.1168121011092231,15:00,1.224263228294892,14:30,1.118308600717231,11:00,1.1332189131310468,1.050917799647877,1.0399805310062664,1.0396573596079264,0.9882045824513126,1.0026508414718507,0.9803511534206849,0.9407461781782183,0.9105906708293234,0.8651381477001099,0.8581682998543161,0.00013264212965255633,0.0001709624454961934,0.00014122774393743247,0.0001276168425922722,0.00012121842083078931,0.00012722677820143925,0.00010645802842584496,0.00012161328071702718,8.694114221348764e-05,0.00010600322138003603,7.618257859895585e-05,9.666175549850288e-05,7.834276853014758e-05,7.25218113546216e-05,8.147041358113714e-05,4.3647594327682816e-05,7.625016937691166e-05,4.231848318078108e-05,6.55353468390103e-05,2.3301899230044288e-05,4.5050308254494024e-05,2.03727174017073e-05
2022-02-25,2022Q1,10:00,1.131513369686204,14:00,1.0364759145361233,10:30,1.1017105701989816,10:00,1.037240713031898,14:30,1.1376896180148128,14:30,1.2264722744823033,14:30,1.1371470268246513,11:00,1.131513369686204,1.0511345150861733,1.039600651351832,1.0389017835732037,0.9874839320980959,1.0017364746136928,0.9807020126006472,0.9428480306511241,0.9127439291700865,0.8680993423825306,0.8602947276540234,0.00016734921500702186,0.00012397975167587145,0.00013317663899536564,6.136479298012204e-05,0.00010726089340735921,5.2042459751095464e-05,9.669945856560745e-05,3.094282212406814e-05,7.61503585523494e-05,1.9719611987566023e-05,6.30917140585106e-05,1.969249905341296e-05,6.549003308693803e-05,1.64735227264739e-05,6.1798532760476e-05,1.3884907259979486e-05,6.213834426771577e-05,1.3820446482869936e-05,4.302078377814663e-05,1.2951093289482125e-05,3.683545907816876e-05,7.825524099512508e-06
2022-02-28,2022Q1,10:00,1.132266293107771,14:00,1.0515857788947778,10:30,1.1027307243435862,10:00,1.0438761458295676,14:30,1.1495100364446837,14:30,1.2283667690075484,14:30,1.1504136693252498,11:00,1.132266293107771,1.0532229560516724,1.0414174723937841,1.0413403328854527,0.9897752394579172,1.003647077315617,0.9830889585697558,0.9453796732279015,0.9155691312259887,0.870171390558406,0.8626153815026675,0.00021468369332240255,0.00024153242127468596,0.00018646555497662856,0.00023389955952504157,0.00013107208417329118,0.00018970808083335316,8.537828899591671e-05,0.00017349017019384702,8.533133553441485e-05,0.00017278508835145685,0.00010455029282253074,0.00013709605679593315,0.00011679098726449212,0.00013024775044728204,9.521920796880648e-05,0.0001299746788085537,7.305012990966145e-05,0.00012693672781940505,9.821811862126365e-05,6.873703795615602e-05,5.870950317051134e-05,5.3454296691815694e-05
2022-03-02,2022Q1,10:00,1.1306415462875774,14:00,1.0265634807351114,10:30,1.0934301894456422,10:00,1.037653613571046,14:30,1.1584082808741973,14:30,1.2300106312741546,14:30,1.1623064153490985,11:00,1.1306415462875774,1.0514147246239876,1.0391595030382796,1.037764321808825,0.986335192218204,1.0021998682462554,0.9825478597382216,0.9439518381383768,0.9131241470943232,0.872664382847387,0.8635826520203086,0.00017325423351246183,4.4112121164130596e-05,0.00015434148596724903,4.0448646096461396e-05,0.000129346205880455,4.043265173799652e-05,9.77246073612256e-05,1.2085569266087484e-05,9.22093571987178e-05,1.1606252732257577e-05,6.890869781619878e-05,1.0805194332043302e-05,6.400193596427845e-05,1.0370412810624877e-05,4.9343785563002626e-05,7.3552065880797525e-06,4.4651225478996426e-05,7.133232637387203e-06,4.099293381172783e-05,6.635165707256195e-06,3.719946110216853e-05,5.652802927794259e-06
2022-03-04,2022Q1,10:00,1.1340468503217473,10:00,1.0416354408005757,10:30,1.1023654429801624,10:00,1.0589142511414213,14:30,1.1700043579054482,14:30,1.2347755562849227,14:30,1.1770521878246807,11:00,1.1340468503217473,1.05478693442397,1.0421209869110992,1.040959778251079,0.9895759925789456,1.004742214118374,0.9851338751533923,0.9461400772871295,0.9152832876006918,0.8749485103762272,0.8660627283522038,0.00016484438856809283,0.00011792096140584659,0.000160904829912778,9.482667195781748e-05,0.00014149531851271907,8.655352151423786e-05,0.00011982682945251774,8.517017377151729e-05,0.00010264758977695744,8.49787733009694e-05,7.850571485010024e-05,5.691123061980759e-05,7.197420410883476e-05,5.59537246410377e-05,6.968472653101496e-05,5.593042229692596e-05,5.524840147507178e-05,4.565436260497511e-05,4.1378130823787786e-05,4.2837711335160713e-05,3.9940571586772156e-05,2.4098372548598215e-05
2022-03-07,2022Q1,10:00,1.1349028887962955,14:00,1.0466441791229033,10:30,1.1043323040797943,10:00,1.06552361195264,14:30,1.180274496461074,14:30,1.2311659508430635,14:30,1.175304224339596,11:00,1.1349028887962955,1.056617884908534,1.0438554140675564,1.0421252637291938,0.9903180214748555,1.0056733441288714,0.9859415576938926,0.947002890165252,0.9160434495269792,0.8752006886049383,0.8675234537791006,0.00018276351555566222,8.540995604386825e-05,0.000158692571370831,6.838211289183043e-05,0.0001365524051268505,6.714090784227263e-05,0.00011373710164636385,6.3614243606884e-05,0.00011000087894147076,3.7525999216513964e-05,0.00012315995797351035,2.9588507280122187e-05,0.00011001707792361353,2.958805241205943e-05,9.305778855129898e-05,2.9569949376873063e-05,7.752003349354595e-05,2.918990767480037e-05,6.353182962173081e-05,2.9131834469013707e-05,4.5047108034908335e-05,2.261842550851766e-05
2022-03-09,2022Q1,10:00,1.1372586437919388,14:00,1.062040894635724,10:30,1.1105953985924515,10:00,1.0806459731171534,14:30,1.193029395625417,14:30,1.2359142527107432,14:30,1.1891955450648461,11:00,1.1372586437919388,1.0592120515572,1.0460977114670038,1.0438951183796215,0.9932265702680737,1.0097465115650437,0.989810741202166,0.9503455237664045,0.9189062410039069,0.8776571623113034,0.8694676121887496,0.0001798991298333248,8.80000916460684e-05,0.00015216201116539756,7.389291336272007e-05,0.00013013862117640203,6.992438461862756e-05,0.00012825005170611435,6.204824047938997e-05,0.00010989051789991037,4.103241478512847e-05,8.235154255328947e-05,4.081614845843261e-05,6.87614291886484e-05,3.752736705312504e-05,6.170560144113258e-05,3.751429750767355e-05,6.760456922529925e-05,2.4025067431832722e-05,5.0349955811162336e-05,2.2678756761784648e-05,3.550444747593875e-05,2.2592033317278573e-05
2022-03-11,2022Q1,10:00,1.1394441339679307,14:00,1.076781232264415,10:30,1.1136707361975826,10:00,1.0945724964137216,14:30,1.2035408991691274,14:30,1.2361482187329296,14:30,1.2001771572477475,11:00,1.1394441339679307,1.061424813771702,1.04801580252053,1.0462576906526357,0.9959827692499991,1.0115372622452712,0.9913211686341433,0.951681649689858,0.9214694191555572,0.8796205815165582,0.8706783808492523,0.00011170968189443947,0.00010748636794346246,0.00010555771930574999,9.803832549735197e-05,8.198883819661443e-05,9.038053138218883e-05,8.017221651391467e-05,7.31956338220547e-05,6.620429550410119e-05,6.955726787631202e-05,6.188462433188914e-05,6.507884362236225e-05,5.1226892755776545e-05,6.354678749728002e-05,4.204968530152713e-05,5.7716554192437676e-05,4.030644780605882e-05,4.824918810506679e-05,2.8650027134511714e-05,4.292235082363068e-05,2.649719899341849e-05,2.90216089088527e-05
2022-03-14,2022Q1,10:00,1.1391502508279587,14:00,1.0696023633489116,10:30,1.116603193394915,10:00,1.09360319318441,14:30,1.1927993937947836,14:30,1.2418210249913733,14:30,1.192525145201044,11:00,1.1391502508279587,1.0614695226796051,1.0475886130898142,1.046390969355292,0.9958605771789202,1.0113660162488143,0.9907606536124521,0.9510231731903228,0.9212362024511197,0.8790350067529982,0.8707719663079382,0.00014986766363886327,0.00010535328750865503,0.00011383035715960213,9.319017255446684e-05,8.763029144163963e-05,8.026169025818082e-05,8.342754038177759e-05,5.690851961018726e-05,8.00368562103823e-05,3.833999039291831e-05,7.957426411575659e-05,3.582304443160811e-05,8.099628192665911e-05,1.5790228195392713e-05,6.994685465446737e-05,1.4236341411913047e-05,6.317812933776673e-05,1.1558074529806375e-05,5.164072078626414e-05,8.026182439308622e-06,3.4365675478214975e-05,2.941623321143105e-07
2022-03-16,2022Q1,10:00,1.139962933648631,14:00,1.087475813945192,10:30,1.1157829349318227,10:00,1.0992210219971845,14:30,1.2105634164274417,14:30,1.2475132600731964,14:30,1.2106654832515764,11:00,1.139962933648631,1.0619135177412573,1.0477073784885678,1.0472754297207731,0.9975220578249451,1.0132445652889268,0.9938709550922823,0.953905288458365,0.92418369847374,0.8819008618042188,0.8733698781247283,0.00018617934002604285,0.00031150196721960324,0.0001739415544350852,0.0002975068198984682,0.00016204635880385552,0.0002973550361522385,0.00014483961845034195,0.0002963104676548264,0.00013955155795153864,0.000296232491765767,0.0001262788242498173,0.0002962049048238687,0.00013311708521888819,0.0002870779840104225,0.00012615932767579075,0.00028143454362588764,0.00011434653401875893,0.0002790926662509722,8.853397170780271e-05,0.00015006685319534187,4.649428855866765e-05,8.066265120471828e-05
2022-03-18,2022Q1,10:00,1.1354033035010338,10:00,1.0519095474166742,10:30,1.1008953210411134,10:00,1.07485726079831,14:30,1.180192074181874,15:00,1.2337425068981096,15:00,1.1854131953953022,11:00,1.1354033035010338,1.0577230795021417,1.0427539897791391,1.0412127423588264,0.9914036052794172,1.0058053721862854,0.9867248564255684,0.9467375085732689,0.9162512499575802,0.8791117457492286,0.8715565869759885,8.827005810062851e-05,2.6649295956088428e-05,6.892125972082225e-05,2.407300869215159e-05,5.6759540088249504e-05,2.3754628024202897e-05,4.84387362338692e-05,2.3418148080213847e-05,4.298065077107307e-05,2.320049541507574e-05,3.774534880373696e-05,1.7962330580794552e-05,3.261605842364353e-05,1.6636551462432046e-05,2.5261886631408213e-05,1.3544705303807814e-05,2.246520137644902e-05,1.326912014328866e-05,1.6611516984551855e-05,1.3187228539399483e-05,1.3543161452637306e-05,1.2305484978988692e-05
2022-03-21,2022Q1,10:00,1.1369680835313836,10:00,1.0598620480838754,10:30,1.1063313188759134,10:00,1.084219319759994,14:30,1.1801455962558343,15:00,1.2342910636310174,15:00,1.1856574864440186,11:00,1.1369680835313836,1.0590047760588974,1.043813096517187,1.0420933113605417,0.9921867760136823,1.0066467998397968,0.9874848955646971,0.9473636139454781,0.9168202640270054,0.8794309723086279,0.8717697253188931,8.573957051970476e-05,0.0001202331022883758,7.330236993829843e-05,0.0001155724613200451,4.832476293768072e-05,9.775477554488366e-05,4.342024913910561e-05,9.56325011291709e-05,3.904311860915195e-05,9.561005784234783e-05,3.562530385695675e-05,9.560641141691309e-05,4.1803162126596544e-05,4.6802846688162876e-05,4.248025583079483e-05,4.1378628346571276e-05,3.278331708986045e-05,3.465797987262829e-05,2.40655089835948e-05,2.959038116150672e-05,2.011288071063039e-05,1.6885110983057344e-05
2022-03-23,2022Q1,10:00,1.1355979278975077,10:00,1.0522365478673037,10:30,1.1063596945130791,10:00,1.0772686261902087,14:30,1.1758944690899258,15:00,1.2328451598781822,15:00,1.1868178763074566,11:00,1.1355979278975077,1.0575619340722229,1.0420404970846557,1.0400418663805415,0.9900068872355483,1.0040654956293713,0.9872782693726442,0.9475283540957602,0.9168758139263655,0.8793067087623971,0.8721770649973053,6.903019635525205e-05,5.2436532409563435e-05,5.2902852363274305e-05,4.232685267455905e-05,4.6820899132083046e-05,4.177685225046158e-05,3.744321826125537e-05,3.8197599519154136e-05,3.3158907022025226e-05,3.784761828067264e-05,3.214613617931306e-05,3.6857388963718984e-05,2.9734808259910614e-05,3.555552239984752e-05,3.308430481819269e-05,2.0164857312697953e-05,2.483963000730714e-05,1.7803451480365184e-05,1.8577104184042393e-05,1.7705584842925632e-05,1.4543904099288322e-05,1.6390310831299953e-05
2022-03-25,2022Q1,10:00,1.1358525393020973,10:00,1.053359825484788,10:30,1.1069932462067245,10:00,1.079227811205157,14:30,1.1751140722568012,15:00,1.2297565933775223,15:00,1.1852289921957548,11:00,1.1358525393020973,1.0578008764291915,1.0421488471104858,1.0399586705771902,0.989838801465936,1.0038588144887113,0.987027381160134,0.9482297494435936,0.9173445834963587,0.8794975042167109,0.8721958228392501,5.347704598973387e-05,0.00012394371979253653,4.42058964733104e-05,0.00011948080562557777,3.5320452109344646e-05,0.00011818742887483816,5.152306521215397e-05,6.389036479125741e-05,4.189570379695391e-05,6.359504123458712e-05,3.4064149881894755e-05,5.91654179159609e-05,2.9683623461227595e-05,5.898480143386636e-05,2.810756195355217e-05,5.896346660957531e-05,1.8810329118670564e-05,4.965405644615432e-05,1.571662123928409e-05,4.896194281343711e-05,1.19939842885347e-05,4.878267094330216e-05
2022-03-28,2022Q1,10:00,1.13351634045298,10:00,1.0415373368809773,10:30,1.0978651068283483,10:00,1.066790942294778,14:30,1.161987915109451,15:00,1.21844443723413,15:00,1.1638870805844581,11:00,1.13351634045298,1.0553968359476629,1.0392649549562902,1.0394164268962258,0.9890198750912402,1.0027845692760413,0.9856974354601667,0.9468386874742546,0.9158767101409951,0.8777686470620775,0.8698993230355462,3.8238362102863856e-05,5.624670107089913e-05,3.6974736665998454e-05,5.3268174432415945e-05,2.8539375405682152e-05,5.185294934454635e-05,3.162737992563936e-05,4.7261038554337376e-05,3.205363004682891e-05,2.947106647446607e-05,2.889731471261084e-05,2.938967585693905e-05,1.9249728285179645e-05,2.3909335156085432e-05,1.611760487802341e-05,2.1655817258954767e-05,1.4208031579169313e-05,2.158594633319201e-05,1.0446930158818752e-05,2.064390908376659e-05,9.285093992880797e-06,9.351814587078144e-06
2022-03-30,2022Q1,10:00,1.132834522065392,10:00,1.0380505784335707,10:30,1.0947327121633597,10:00,1.0634118602902525,14:30,1.1585706005495944,15:00,1.2165800584633586,15:00,1.163654170175884,11:00,1.132834522065392,1.0548347576405164,1.038434192147911,1.0387816456544092,0.9891327896522552,1.0027602474181843,0.9854964318212257,0.9466194358705086,0.9155717424735007,0.8772841267898991,0.8699856952179817,3.559600851516093e-05,2.7332621098374102e-05,3.4874045346119666e-05,2.485791704832217e-05,3.334554185786835e-05,2.4305724100536132e-05,2.842019967271342e-05,2.2156504809429294e-05,2.470251400422666e-05,2.1058744664191205e-05,2.0254116174964298e-05,2.1019798761241465e-05,1.7705203043326324e-05,2.0226232098081384e-05,1.7649576027308077e-05,1.615837912367051e-05,1.683558868414076e-05,1.5512588191853e-05,1.3606607172856955e-05,1.548879089786561e-05,1.1224625746740864e-05,1.3276389514034059e-05
2022-03-31,2022Q1,10:00,1.132958211692006,10:00,1.0401977902920136,10:30,1.0964965350970814,10:00,1.0644325215967834,14:30,1.1626070578779877,15:00,1.216909391216611,15:00,1.162262915698652,11:00,1.132958211692006,1.0550873080942176,1.0386996210416135,1.0389775631725755,0.9892831315700573,1.0027253881423983,0.9853928220615605,0.9467369762253438,0.9157159714471407,0.8772852960734748,0.8699612608256562,5.424991839761158e-05,0.00010612973939168617,4.7290215964577564e-05,0.00010319902164612807,3.446663379739192e-05,9.480463543315389e-05,3.622092782095439e-05,9.214960562848892e-05,3.2252415860795475e-05,9.199436675547701e-05,3.3542065983584704e-05,8.774702037879212e-05,3.363425428911472e-05,8.739754468377792e-05,2.7902471826634086e-05,8.704288804051008e-05,2.676229103212325e-05,8.704265617510596e-05,2.750723486773104e-05,8.500562523090087e-05,2.3105764645328215e-05,8.467583218777034e-05
2022-04-01,2022Q2,10:00,1.1312012786096723,10:00,1.0312477390594086,10:30,1.0898424063528513,10:00,1.0553064647204462,14:30,1.1329492364401768,14:30,1.1995614734668516,14:30,1.133420301964108,11:00,1.1312012786096723,1.053295012981173,1.036610126835303,1.0368270542400806,0.987010234916459,1.000429825895361,0.9829615380697369,0.9440269396813021,0.9128292681525859,0.8743321887622458,0.866191560935515,5.145368983857264e-05,5.946927287833786e-05,5.146420399417971e-05,5.313123265513098e-05,3.874127966163811e-05,4.877273070753082e-05,3.736255915855017e-05,4.833217012309309e-05,3.348807722296886e-05,3.8995230754485075e-05,2.9872718049406614e-05,3.8939151658353154e-05,2.7231724396419684e-05,3.7689481041950615e-05,2.3587243523758728e-05,3.729078525891286e-05,2.005051933022801e-05,3.3213977810212284e-05,1.8740564792022365e-05,2.0968202284941683e-05,1.5990210536703188e-05,2.04356142931639e-05
2022-04-04,2022Q2,10:00,1.1307808055993553,10:00,1.0275896454934041,10:30,1.0894962071785417,10:00,1.05354649092638,14:30,1.134245072685215,14:30,1.2000275312768685,14:30,1.1324147623725807,11:00,1.1307808055993553,1.0531643101829997,1.0362249752913033,1.0363672087343898,0.9868170844384443,1.0000474739669547,0.9825076534812046,0.9434504298775604,0.9122704220059032,0.8743577159624683,0.8660641859892282,3.169692809425375e-05,9.218897493330809e-06,2.8085978328933154e-05,8.906637894966116e-06,2.3091599123031635e-05,8.36435950607405e-06,1.883678663080786e-05,5.8969258558628866e-06,1.668104352447644e-05,5.303604292829033e-06,1.5276902052324147e-05,5.282754763755518e-06,1.3670914381938235e-05,3.1898318564032053e-06,1.1413347763236992e-05,2.7977152615588542e-06,1.0134960837623671e-05,1.7359223978524415e-06,8.289754446290891e-06,1.6181317768326688e-06,7.63265709630989e-06,1.4173626847045151e-06
2022-04-06,2022Q2,10:00,1.13134612693397,10:00,1.0293807666699921,10:30,1.0937374235454869,10:00,1.057002009482421,14:30,1.1344176781466002,14:30,1.205496324545529,14:30,1.1350787290410842,11:00,1.13134612693397,1.0537076435440151,1.0366949754505848,1.0368260861010834,0.9872591519896876,1.0004680689541536,0.9829948197352354,0.943885811207335,0.9127357849343719,0.8747884570869703,0.8665409789242627,8.556309270116065e-05,0.00011201094621951021,8.54899890192171e-05,0.00011047901277566145,7.299114830692205e-05,0.00011047802767981548,6.645701396157055e-05,0.00010968802201051453,6.074553905467809e-05,0.00010856890517337718,6.0130106561402214e-05,0.00010365053377041768,6.0075193424051315e-05,0.00010291094947531416,5.837316356288752e-05,0.00010113965909049026,6.147070508134028e-05,0.00010079424646859179,2.9937366522353146e-05,8.854289996741666e-05,2.6089289821032242e-05,3.0133569905859305e-05
2022-04-08,2022Q2,10:00,1.1302555294435765,10:00,1.0252378844851378,10:30,1.089440909505067,10:00,1.0518755099357875,14:30,1.1156661946514683,15:00,1.1977132356275888,15:00,1.1272636581515605,11:00,1.1302555294435765,1.0528123324593772,1.0353462609446324,1.0351282343546007,0.9854732418381702,0.998642425650519,0.981104241072563,0.9420544424258465,0.911083526122934,0.8718276351708809,0.866539294172771,7.340380186819159e-05,6.195195427922852e-05,5.4143255583199664e-05,5.32663715920657e-05,4.120740707032294e-05,2.685261532756325e-05,3.917910814014894e-05,2.587031443104087e-05,3.393180467045763e-05,2.530850265020463e-05,3.0050838672571317e-05,2.2121642211117816e-05,2.4864117750235372e-05,2.1805533528505537e-05,2.269356407549083e-05,1.7556966321679066e-05,2.4190457652810905e-05,1.6875122683888256e-05,1.9363899079452148e-05,1.3084262203037452e-05,1.300720186470644e-05,1.1398341921919333e-05
2022-04-11,2022Q2,10:00,1.130345000709015,10:00,1.025866633985504,10:30,1.0893349282050424,10:00,1.0531634348989847,14:30,1.1163268434621496,15:00,1.1972763613965436,15:00,1.128138306961436,11:00,1.130345000709015,1.0527563583227992,1.0357811254340008,1.0355732030416311,0.9858186635451781,0.9989756275605716,0.9812637829612243,0.9423580294161946,0.9115602295047531,0.8723229979699573,0.8667715775798751,5.644185865596534e-05,3.666216390521966e-05,5.2033753767035206e-05,2.764218905354025e-05,4.2249217027699e-05,2.6637637359354726e-05,3.465040017936152e-05,2.60431919690974e-05,2.9297309450023407e-05,2.5825381529343096e-05,2.7310413028166855e-05,2.48495765276468e-05,2.1049951277725887e-05,2.4791314295090005e-05,2.107584135749242e-05,2.463721535040049e-05,1.8387849505217986e-05,2.3293331508897328e-05,1.5759005776359154e-05,2.1479966911313052e-05,1.4250391288223876e-05,1.7771073598097726e-05
2022-04-13,2022Q2,10:00,1.1307414379250302,10:00,1.0278929106427084,10:30,1.0911346770397194,10:00,1.0559656442957819,14:30,1.1138154879578808,15:00,1.1959123128855014,15:00,1.1262824717200477,11:00,1.1307414379250302,1.0534188001826057,1.0362562189316278,1.0358485664476897,0.9859659751735124,0.9990796045046599,0.9811133190466523,0.9422525259901114,0.9114065604466415,0.8721378139557284,0.8666861211682916,7.009831136696356e-05,2.6703469516486696e-05,5.4702986369925346e-05,2.6378731846964666e-05,4.5725058833977797e-05,2.4971599962240298e-05,3.459065090875637e-05,9.77677622162895e-06,3.10600201634706e-05,8.551343963697917e-06,2.856973904792014e-05,7.007579697656103e-06,2.1859066165710343e-05,5.572109108292751e-06,1.9845908047338453e-05,5.244234721070098e-06,1.6650206577435013e-05,4.600004810325507e-06,1.1934945235055224e-05,4.438926876261215e-06,9.559070854657834e-06,2.3271835106686817e-06
2022-04-14,2022Q2,10:00,1.1317952443325028,10:00,1.0326968611090763,10:30,1.0977771359002377,10:00,1.0625953102113332,14:30,1.1146889395880277,14:30,1.208105793388476,15:00,1.1301829342960412,11:00,1.1317952443325028,1.054195668958832,1.0368989926364025,1.0367252967489995,0.9868341957168312,0.9999813414217816,0.9818658069006955,0.9429867145080906,0.912079181376428,0.8726390240243633,0.8672449878275651,5.893684601519049e-05,4.796151740127502e-05,5.743866145790215e-05,4.4281862010553085e-05,5.2180898893135075e-05,4.422563868276144e-05,4.163405351532229e-05,4.2248854554870584e-05,4.267242099110522e-05,3.39571088589496e-05,3.700704208766551e-05,3.118162061888159e-05,3.201742080517295e-05,3.1177588670339406e-05,3.1132396367809884e-05,3.114474699749686e-05,2.497030316109505e-05,2.239912055950737e-05,2.3023492848310716e-05,2.182928765689191e-05,1.9095629751178555e-05,9.247124617600049e-06
2022-04-18,2022Q2,10:00,1.1319180014928893,10:00,1.0339473265720993,10:30,1.0930256679187904,10:00,1.0638611048210576,15:00,1.116955687203103,14:30,1.2030802884706309,15:00,1.1355151887904236,11:00,1.1319180014928893,1.0545057563387852,1.03710348032154,1.0366477735879756,0.987185281939305,1.0002245969067758,0.9819302213441466,0.9430734413565772,0.9123240387505255,0.872885727115634,0.8680651574453844,6.89580782615543e-05,5.747177246323856e-05,5.5416034632498725e-05,5.207709115119249e-05,4.9008242486779695e-05,5.1967004241558465e-05,4.548847866246789e-05,4.359668704340713e-05,4.0939624410843705e-05,4.348588767208324e-05,3.710189368742344e-05,3.566085522224084e-05,3.066529647248584e-05,3.3640841233192355e-05,2.7826586473973048e-05,3.114051716661705e-05,2.7202646059072917e-05,1.2809262290084243e-05,2.1739309447591933e-05,1.2514816074432764e-05,1.7468150386238028e-05,1.1144944463058309e-05
2022-04-20,2022Q2,10:00,1.1320208348240295,10:00,1.0372121333292637,10:30,1.0914713598559458,10:00,1.0651042238375643,15:00,1.119696875692991,14:30,1.211478836621357,15:00,1.1389140811017693,11:00,1.1320208348240295,1.0545201608611117,1.036945710537995,1.036658280283377,0.9871091936489995,1.0002843417979128,0.9818218556596873,0.9429977544718599,0.9131602170760478,0.873556544101577,0.868641787224486,5.0160659438601355e-05,6.61825300848063e-05,4.278628958335296e-05,6.284590453266745e-05,3.270111031570983e-05,5.62243803759289e-05,3.217934616339089e-05,4.673139139542362e-05,2.7070247702021807e-05,4.555949142915799e-05,2.8709127074194597e-05,4.034900507948927e-05,2.0907667057849426e-05,3.255307841634016e-05,1.78680921950439e-05,3.251528052765776e-05,1.5277168992157385e-05,3.1540746732827746e-05,1.4346852736142889e-05,2.399323330808603e-05,1.4950388311351457e-05,1.4364579665340469e-05
2022-04-22,2022Q2,10:00,1.131369920061618,10:00,1.0349194869691387,10:30,1.087965448877832,10:00,1.0618693714206253,15:00,1.118570853339607,14:30,1.204611362312139,15:00,1.1391494606489718,11:00,1.131369920061618,1.0538453706727176,1.0361207181878291,1.0360781193260238,0.986425555694287,0.9997993972570798,0.9813166927817502,0.9423704706895293,0.912432616521408,0.8731470088811962,0.8688245428927694,8.446466225269341e-05,0.00010983089266346017,7.920250383493257e-05,0.00010042133334472935,6.764087319634987e-05,9.851548889034824e-05,5.819543723288184e-05,9.777208881361067e-05,6.451664759518282e-05,6.866693659050639e-05,5.9574741431516953e-05,6.72284541231228e-05,5.355571515615396e-05,6.575640248931293e-05,4.588672073240222e-05,6.515356437196811e-05,4.39376190415556e-05,5.64306643495534e-05,3.632410179289073e-05,5.636645374579191e-05,3.711908212854691e-05,4.424447294295343e-05
2022-04-25,2022Q2,10:00,1.1303267427953905,10:00,1.0298329732571425,10:30,1.0816068907372376,10:00,1.056785315632827,15:00,1.113984053942469,14:30,1.196239790636009,15:00,1.1350499007900976,11:00,1.1303267427953905,1.0530825621255788,1.03501460326187,1.0345459835798176,0.9863029817786048,0.9994822883020555,0.9808167576597361,0.9416123277007044,0.9120275846218147,0.8723513450391824,0.8687271830809362,0.0001738541659253522,0.00016641731859430678,0.0001450217963207156,0.00013179978396408626,0.0001279638637136697,0.00010912335916052793,0.00011566245821539113,0.00010910512176185268,0.00011682251971145935,0.00010361042356598948,9.356269415364126e-05,8.126042243307442e-05,8.83114738224986e-05,8.077429417218797e-05,7.304202906089498e-05,7.609114695491838e-05,7.043567326936909e-05,7.455750757179228e-05,5.751575374145951e-05,2.3000975736847128e-05,4.064643751645169e-05,2.2995358846311887e-05
2022-04-26,2022Q2,10:00,1.1299547697724062,10:00,1.0291364505994778,10:30,1.0806987462318673,10:00,1.056471884029629,15:00,1.121112667636907,14:30,1.205126330843096,15:00,1.1444168069454665,11:00,1.1299547697724062,1.0532602521735752,1.0354954016525377,1.0346447070939733,0.9868580668497109,0.9999929201500458,0.9812292659533404,0.9416801899381104,0.9121577828557762,0.874659427299547,0.8702473074006181,0.00014412291466042276,0.00018819194341350036,0.00012627929275073476,0.00017593051193552856,0.00011729877955992784,0.00016636746954283815,0.00010078814590208766,0.00016606810361295931,9.479438001232911e-05,0.00015499840496549576,8.1952462244506e-05,0.00011778851682509607,7.892896517416366e-05,0.00011773161540696934,7.558955659042678e-05,6.840439894283324e-05,6.349861628174385e-05,6.815264896874848e-05,5.2767576835506456e-05,5.9818386973674474e-05,4.219723838430012e-05,5.9685145228998385e-05
2022-04-27,2022Q2,10:00,1.1281749894428559,10:00,1.0246684730984166,10:30,1.0771778083453591,10:00,1.048109824605842,15:00,1.112592373733555,14:30,1.1967520972041306,15:00,1.1346896521336074,11:00,1.1281749894428559,1.0515841300348165,1.0337449296689547,1.0321442820895572,0.9846642074551056,0.9985177600869513,0.9795768977688524,0.9422225062401293,0.912228717133605,0.8746868660301402,0.8695338611763432,0.00018126357271556654,0.0002407879429318325,0.00017471868635493022,0.00011318396504602255,0.00015801067959109272,8.911575133241146e-05,0.00014105301939416467,7.233780416867525e-05,0.00012226960234374318,7.225789903791594e-05,0.00010188111412729397,3.971297104305848e-05,7.856201892503217e-05,3.970574329289261e-05,7.744242822396113e-05,3.806990638531491e-05,6.377179251933564e-05,3.70696340863804e-05,4.977085399422809e-05,2.3550950293885554e-05,4.108675481831841e-05,7.360062388521579e-06
2022-04-29,2022Q2,10:00,1.125841990561236,10:00,1.0184204475618008,10:30,1.0768434093621146,10:00,1.0375128193908536,15:00,1.1240960768465305,15:00,1.2091173844050116,15:00,1.1523938045299327,11:00,1.125841990561236,1.0531607564050145,1.035836979147708,1.0344753214754088,0.9865870301787466,1.0010751595988077,0.9813648888554487,0.9442363479954348,0.9138200680002095,0.8764754846063425,0.8720723412372697,0.00016166554501807084,0.00019782473709101163,0.0001616197819753101,8.814181260955662e-05,0.00014402112232693117,8.659505913954812e-05,0.00012538122309190293,8.639874071129672e-05,0.00010231562233007916,8.552648680516586e-05,9.200858116573684e-05,6.960789577218357e-05,8.399613445558942e-05,6.228519433528534e-05,7.954066449539107e-05,5.658754198623248e-05,7.33701006885739e-05,5.076341749141263e-05,5.53483042852913e-05,4.54207586365139e-05,4.8654359422235876e-05,3.957643682604134e-05
2022-05-02,2022Q2,10:00,1.1242741280366058,10:00,1.010040612471135,10:30,1.0866117722836075,10:30,1.040538282920061,15:00,1.1338771211107266,15:00,1.203039218121948,15:00,1.1564838200437928,11:00,1.1242741280366058,1.055103254061539,1.0375570913892245,1.0357356411606218,0.9872595231817941,1.0019900876753396,0.9823929370848381,0.9454976493887103,0.9152495574030659,0.8774255532174389,0.873104216401114,0.00025304340058970897,0.0003433256631878087,0.00017795860079319162,0.0003210281370156817,0.00016722577110328185,0.00029641353383159734,0.00016073425229049494,0.0002749191719428633,0.00014706389619590087,0.00026662949201497726,0.00012957134058490523,0.00026629138590130157,0.00012256491452938565,0.00023003497240102304,0.00011619338154359631,0.00022931035992256678,9.921421013372135e-05,0.0002234594772177554,8.704944568988166e-05,0.00021318913887341534,7.068408679076914e-05,0.0002131277476886558
2022-05-03,2022Q2,10:00,1.1208898425646527,10:00,0.9977108695134175,10:30,1.0689442925483745,10:00,1.016921439043534,14:30,1.0895387255293514,14:30,1.1757277408655709,15:00,1.0863907136330728,11:00,1.1208898425646527,1.0506046518919299,1.0331552139856357,1.0314360559170153,0.9829470770000417,0.9964262089393664,0.97779193248314,0.9406900316492327,0.9097356297961784,0.8713893029413464,0.8648123878389472,0.00015328871522128109,0.00012588747252451594,0.00011518131930527851,0.00012557756662371147,0.00010196616298125815,0.00012447231935385435,8.899469338957968e-05,8.358777246223845e-05,8.071066233743832e-05,8.358039767312307e-05,7.863875671444061e-05,7.560117928537258e-05,7.476903364558258e-05,7.520235345906661e-05,6.881741468120268e-05,7.248349546605355e-05,6.0319874145459254e-05,7.24363060313932e-05,5.3310823120844104e-05,3.447010847806499e-05,4.099147769885964e-05,3.0276150029544393e-06
2022-05-04,2022Q2,10:00,1.1211989700965455,10:00,1.0007232558693129,10:30,1.064677727405024,10:00,1.0204551772480828,14:30,1.0938003506854994,14:30,1.1746684510233991,15:00,1.1045036387134792,11:00,1.1211989700965455,1.0501375405742053,1.032322978205202,1.0315321381653877,0.9828936217228053,0.9965598901585648,0.9778467716030569,0.9407201681190374,0.9094446656602703,0.8727911450680328,0.8675690444706725,0.00035043391267001637,0.00025647381204545476,0.000318043840251933,0.0002534817252195372,0.00029525039808228935,0.00025298302021036753,0.0002838777914924673,0.00025018962848761796,0.0002662943945266871,0.0002454553032890526,0.0002600476401271559,0.00022697074551459163,0.00024880347077034417,0.000220800818276589,0.00026884807380820404,0.00021795181362431357,0.00028634664128922955,0.00021396945277758831,0.0002085555735604767,0.00021171549837324774,0.00010658816049465412,8.06269718723663e-05
2022-05-06,2022Q2,10:00,1.1227840791769543,10:00,1.01018636932378,10:30,1.0682155949214143,10:00,1.0325587088742085,15:00,1.1003259525234024,15:00,1.1749829986756062,15:00,1.1172524230506418,11:00,1.1227840791769543,1.0515733422733098,1.0333798815522341,1.0324163993042084,0.9838118717627049,0.9979157919569064,0.9792911638833979,0.9437276073007977,0.9141779321016057,0.8742049670290408,0.8701859431614694,0.0003495051267712725,0.00035109356806540875,0.00029003177676963933,0.0002889959701863824,0.0002563015907536138,0.00022744793337997556,0.00023852427228391462,0.00022230060927886522,0.00019758397327360245,0.00013606406658831443,0.00018654666981690008,0.00011356286651387364,0.00016886201791444901,9.320917423074333e-05,0.0001383845947142674,7.689315278555696e-05,0.00012743105680821095,5.4228172121376054e-05,0.00010116552959830774,4.37769445071808e-05,7.649566358740298e-05,4.352676992931572e-05
2022-05-09,2022Q2,10:00,1.1216671420715942,10:00,1.0072798501992177,10:30,1.0662707759367966,10:00,1.030845712427103,15:00,1.1106119834009849,15:00,1.1764826500915593,15:00,1.1322201589480243,11:00,1.1216671420715942,1.0511923704317496,1.0340344380938993,1.0327231345985692,0.9861372497501535,1.000834783303743,0.9826839801646152,0.9468181940677824,0.918183121702838,0.8779358912355082,0.87293575520185,0.00029472232302916334,0.0001737571675372514,0.00023890756141497777,0.00013308570062058487,0.00020537040597117304,0.0001184959663040163,0.00019443916315233146,0.0001143748674623093,0.0001631214268081237,9.509283204044998e-05,0.0001476548441997273,8.477562983785737e-05,0.0001408840219589265,4.801047110318412e-05,0.00011371028273172334,4.393246474076741e-05,0.00010287339464106096,3.766978531542833e-05,8.623494486633745e-05,3.6220902249062675e-05,6.071418007167862e-05,2.8316981267431596e-05
2022-05-10,2022Q2,10:00,1.124150875534931,10:00,1.0187077977568535,10:30,1.0719402055330158,10:00,1.0458768408040802,15:00,1.1191191286092326,14:30,1.1804615311182862,15:00,1.1465199936790602,11:00,1.124150875534931,1.0539022317385618,1.03657552976692,1.0353092013631002,0.9886591202862466,1.0033302565614717,0.9867732395943845,0.9501974381062495,0.9216891447378913,0.8811580387241361,0.8754935727222329,0.00023959481742083445,0.00034785531842878084,0.00018011785826108634,0.0003308687138234602,0.00018066771468394532,0.000256276364299864,0.00017387553417349977,0.00023637789478736434,0.00015257428402778802,0.00023631355845769934,0.00015100062464565962,0.00023013114913946508,0.00013285270569849265,0.00022894177159163502,0.0001060770221834457,0.00018687893578236115,0.00010309254948697675,5.472567903925684e-05,7.745283626938737e-05,1.860294636119842e-05,5.322277978849303e-05,1.629191087308623e-05
2022-05-11,2022Q2,10:00,1.120415059372889,14:00,1.0117370101295668,14:00,1.0621912892895715,10:00,1.030261181084789,15:00,1.1319518669667898,14:30,1.185448372661793,15:00,1.1627489350708322,11:00,1.120415059372889,1.0493294793318082,1.0339891091104558,1.0329276526254103,0.9857364320201669,1.000184594894869,0.982752257362121,0.9468763005677066,0.9243849326630428,0.8847683820199501,0.8782588131884735,0.0003544019177274923,0.00018787013693340713,0.0002874334666132618,0.00018635849850348458,0.00021749461576233475,0.00017630412121772914,0.00019132540925479843,0.0001752772551873584,0.00015491754486395568,0.00017357637510788818,0.00015523682306202644,0.00013616842454850444,0.00013671763929623944,0.00011350312640713105,0.00013569346704954183,0.0001015574805475052,0.00010161880890266226,7.14781060578853e-05,7.656493315997771e-05,3.161457899590383e-05,6.773993676246001e-05,2.9225522204228836e-05
2022-05-13,2022Q2,10:00,1.1239485653247947,10:00,1.0227787411031963,14:00,1.0647532839358875,10:00,1.0502282355716837,15:00,1.1442358206368468,15:00,1.1892887554703115,15:00,1.1790805159811069,11:00,1.1239485653247947,1.0518091749010265,1.0350546412051858,1.0332710757269188,0.9851565634207432,1.0009303585670466,0.9838345908865174,0.9487040087052914,0.9261982145028691,0.8876362062279939,0.8812388288281741,0.00022872772629896728,0.00013043807695786524,0.0001627954776384303,9.59676010105566e-05,0.00015533311388474637,9.592990203819914e-05,0.00013072070529044678,9.396842871468851e-05,0.00011881771785850257,9.394466818497063e-05,9.917563519795307e-05,9.10424330757783e-05,9.278414097125859e-05,8.938190431443727e-05,8.286656492099325e-05,8.536373712579896e-05,8.489469960357278e-05,7.057072917957826e-05,8.031445245425745e-05,6.022512357461637e-05,5.303291327759893e-05,2.4415247146842745e-05
2022-05-16,2022Q2,10:00,1.125958526683872,10:00,1.0313321677124727,10:30,1.0670290044807476,10:00,1.0615568573938245,15:00,1.1524687805930034,15:00,1.1939370569874057,15:00,1.190853542801157,11:00,1.125958526683872,1.0534742181731775,1.0367462099808513,1.0343912562576225,0.9860946214273227,1.0012444305202035,0.984042206082057,0.9487906639937584,0.9271910361675708,0.8892155745581057,0.8834673642221222,0.000225785651417252,0.00023859455642762467,0.00017688548901070896,0.00018580217435052292,0.00014528970014381437,0.00012567513788572723,0.00012481043460118161,0.00012361130900839941,0.00010725520280216622,8.947316451663854e-05,9.179411552389404e-05,8.250821135417707e-05,7.796013487993326e-05,8.031210833358542e-05,6.415553480194795e-05,4.5387999484079286e-05,5.9411014290135926e-05,4.5270621714344264e-05,4.220484840290312e-05,3.1396737030223164e-05,3.064823270535434e-05,2.937790313814494e-05
2022-05-17,2022Q2,10:00,1.1249155588981752,10:00,1.0284747540186832,14:00,1.0659790001519838,10:00,1.0582231481991322,15:00,1.1517475639267827,15:00,1.1918887550781994,15:00,1.1902692910421042,11:00,1.1249155588981752,1.0529692750147797,1.0371971649058018,1.034290000937425,0.9867719155082079,1.001601632251294,0.9839965165622034,0.949759978304299,0.9280752978744843,0.890054176525623,0.8837985684700368,0.0001390719420921322,7.285266097068614e-05,0.00011883351170388816,6.745367136172654e-05,0.00010887132637502277,6.634054342016244e-05,8.72232243265656e-05,5.3712997293605564e-05,8.816226983044531e-05,5.3230744545333166e-05,7.858955216809119e-05,5.22377620831767e-05,7.292736185101935e-05,5.155967993179924e-05,6.942144631729914e-05,5.128586521124861e-05,6.968231334856826e-05,5.1131381660892684e-05,4.72331297711527e-05,3.766337093374669e-05,2.86786709143865e-05,5.76163288424578e-06
2022-05-18,2022Q2,10:00,1.1263029837921235,10:00,1.0344403781261053,14:00,1.0700141664609426,10:00,1.0657533934544845,15:00,1.159263209976436,15:00,1.2008358203053093,15:00,1.2001277510119774,11:00,1.1263029837921235,1.0542474321720794,1.038399492870205,1.0353387778370156,0.988038073830843,1.002621316435545,0.984941753240088,0.9507096073056636,0.9291996640909339,0.8908572103767657,0.8854622028051324,0.0001632142525810626,0.00021140861814937392,0.00014571344635844763,0.0002092633846413949,0.00011968189152274795,0.0002089709514025262,0.0001235184911046231,0.00011804968696654071,0.00010858748554104961,0.00011679544090418561,9.481606541486524e-05,0.00011189639293808691,9.194594042368156e-05,9.895513193278635e-05,9.005769081032593e-05,5.139710810640919e-05,8.483601367696466e-05,3.869576883656556e-05,6.0743285427278225e-05,3.5060847992012336e-05,4.63382453411294e-05,9.14741657434087e-06
2022-05-19,2022Q2,10:00,1.1244930460388332,15:00,1.0397798309363302,14:00,1.0838160355337934,15:00,1.080121565952149,15:00,1.1707155223586494,14:30,1.2061343663041355,15:00,1.2161373453030018,11:00,1.1244930460388332,1.0522560070044256,1.0354972346058235,1.0353815662870796,0.9877970797495741,1.0019498177101513,0.9847076702315711,0.9525938614208747,0.931667282945067,0.892582012457859,0.8881575507271637,0.00022909958366664079,0.0001822072065247519,0.0002020174482296812,0.00017512620987702367,0.0001642214192097206,0.00017347566574650635,0.0001312581919366179,0.0001726466148430274,0.00011837332465593285,0.00013601491030935088,0.00010348331370757755,0.00013579971294981779,9.963974717359072e-05,0.00011483277879247757,8.215368790931252e-05,0.0001142020139294838,6.622481203657014e-05,8.444752826358492e-05,4.976186067373756e-05,7.936944619847193e-05,3.938339486765099e-05,5.5672381306614496e-05
2022-05-20,2022Q2,10:00,1.1250755133712382,15:00,1.0332317613561668,14:00,1.0813569213779546,15:00,1.0703831396630652,15:00,1.1642690244030258,14:30,1.2021137483198416,15:00,1.2061320415830505,11:00,1.1250755133712382,1.0527254720352361,1.0350399512136075,1.0338235879522195,0.9872342910580838,1.0006971161331653,0.9841405268340624,0.9513819053980689,0.9310413242090128,0.8913554691551732,0.8874510441312755,0.00020427243868351058,0.00039751641641995526,0.00016246847556482624,0.0003779968578802125,0.00018464832050422804,0.00029711946718264764,0.00016163335518218878,0.000290029703740053,0.00015444358421762869,0.0002891972193967322,0.00014419184311316747,0.00026755199823428065,0.00013254001446595125,0.00025259082260754764,0.00011577033628440345,0.00021617133581428418,0.0001172208131748731,0.00016243969464108723,8.457799174969317e-05,0.0001556242545569136,6.774475020851768e-05,0.0001468806889804078
2022-05-23,2022Q2,10:00,1.1192851661235916,14:00,1.0281368925060548,14:00,1.0703111918035488,14:00,1.0391788382028662,15:00,1.1501007613146732,14:30,1.1869543986006277,15:00,1.1671290609167917,11:00,1.1192851661235916,1.0465560426446476,1.0314258584987162,1.029332916693486,0.9826655633496748,0.9959952848669887,0.9792942105524004,0.9473314014882022,0.9293451618338334,0.8882339529792976,0.883100302255034,0.00020534876315358907,7.123857230861594e-05,0.00016640746331737392,5.3981008190481175e-05,0.00014256867885566353,5.396855239927325e-05,0.00012017379670008222,2.874410326970585e-05,0.00010167000867545947,2.6657846234116722e-05,9.01283353577602e-05,2.664961890125044e-05,7.277636004157336e-05,2.4534466617771202e-05,6.325477095968021e-05,2.0535674035673304e-05,4.9306116105646756e-05,5.756337775976979e-06,3.9962764960711014e-05,5.609935223192327e-06,2.7590081228768806e-05,3.6701939726588156e-06
2022-05-24,2022Q2,10:00,1.1222737097005293,14:00,1.036111039856879,14:00,1.0738266048953633,10:00,1.0527442528287085,15:00,1.1562866984617526,14:30,1.1861767382754866,15:00,1.1769459144670769,11:00,1.1222737097005293,1.0494318990243814,1.033977748081398,1.0322735578061175,0.9852941030112937,0.9984127122591989,0.9813280414479282,0.949303239595599,0.9315362837515573,0.8902501654775435,0.884792011563552,0.00016460029669798036,0.00010748266566052518,0.00015212684632407927,8.617145389825686e-05,0.00013029031474211765,8.043052922825e-05,0.00012165269344322207,7.87028083235232e-05,0.00010555128916608289,5.7628680687790677e-05,0.00010076665018056553,5.639679523104083e-05,8.79022017275625e-05,5.436709919394538e-05,7.005065037872055e-05,5.402332825617236e-05,6.092503912170742e-05,3.91649771518722e-05,5.133181746325998e-05,3.7420905324739537e-05,3.6409431166353045e-05,2.838601993199462e-05
2022-05-25,2022Q2,10:00,1.1233172919802081,14:00,1.0402430782010474,14:00,1.079278072076263,10:00,1.058633950238448,15:00,1.1584011797676617,14:30,1.1920422287459436,15:00,1.1793623996298186,11:00,1.1233172919802081,1.0510425232542426,1.03535834287543,1.0335820091667804,0.9869892152161367,1.0000993775256493,0.9827662050124648,0.9501460117098088,0.9327522550068434,0.8912864663290264,0.8855751286319583,0.0002235493543480642,9.928529644357243e-05,0.00017299446502574704,7.378579311821365e-05,0.00015196374172360498,7.37780117759441e-05,0.00014689615846604943,7.225826309791125e-05,0.00013615688999638555,6.884207767449179e-05,0.00013312099811815613,5.435816341706027e-05,0.00013576889604996074,5.045015401501424e-05,0.00013427778070194892,5.0450051245109745e-05,0.00013193177858818587,5.038208805076088e-05,6.076887993381299e-05,1.758351025439469e-05,3.290509024679118e-05,1.3302051899055112e-05
2022-05-26,2022Q2,10:00,1.1259694105077411,14:00,1.0560019181716915,14:00,1.0899997381516078,14:00,1.0773623935745409,15:00,1.1634820892430093,14:30,1.1946998604996735,15:00,1.1870451426038553,11:00,1.1259694105077411,1.0535293451290588,1.0375676158074194,1.0359147179376735,0.9893543626510398,1.003081067196719,0.9863462944339604,0.954014836330611,0.936967376952102,0.8938776065767589,0.8870386161438417,0.00012734081592567038,2.925111792062816e-05,0.00010775468263664407,2.5867464682926725e-05,8.605463361890334e-05,2.2701997925301586e-05,6.796085023680336e-05,2.2424859170651403e-05,5.5597501273201736e-05,2.213211783319404e-05,4.439154078523432e-05,1.2722080099895225e-05,3.568423840321536e-05,9.989080943416903e-06,3.444735451421994e-05,7.07407220448158e-06,2.836602128068353e-05,4.709448889490294e-06,2.2333331466797658e-05,4.5959488724609136e-06,1.9116304804460037e-05,4.529243937033074e-06
2022-05-27,2022Q2,10:00,1.128202929656335,14:00,1.0603295956125658,14:00,1.089408679778741,14:00,1.0836885459360444,15:00,1.167107055697809,15:00,1.1894087898677814,15:00,1.1929701153788348,11:00,1.128202929656335,1.0556254841383934,1.0393934011398345,1.037358646028299,0.99052202298591,1.004277985664794,0.9874188414580749,0.9552555527362395,0.9381558117029605,0.8949244928773886,0.888084281671281,7.894757652463375e-05,3.0082804297179213e-05,6.0367096316418315e-05,2.8057877136767372e-05,5.4547871837679204e-05,2.4957712818156624e-05,4.497337237288336e-05,2.0464269555761883e-05,3.769650870311602e-05,1.7594683308486346e-05,3.5399320991374985e-05,1.7415035855825364e-05,3.1560867038943486e-05,1.735275914431366e-05,2.7642975084874146e-05,1.733866069407283e-05,2.5038997145815997e-05,1.72569210051004e-05,2.145217358320153e-05,1.6887233320389396e-05,1.6452595334068746e-05,1.4765461138046068e-05
2022-05-31,2022Q2,10:00,1.1292670145857577,14:00,1.0616670397898396,14:00,1.0853060450086431,10:00,1.0886397400285797,15:00,1.16740144811299,15:00,1.185239532386852,15:00,1.193074489656301,11:00,1.1292670145857577,1.0564255339288127,1.0402284788574092,1.0381246280039944,0.9912238541171102,1.0049552621574784,0.9880174072584454,0.9557514850046751,0.9385944896807503,0.8952882860796986,0.8883153321450266,0.0001745117683497974,0.00016763655628149502,0.00013415517213391783,0.0001656945506826441,0.00010956991330727068,0.00015717379584660008,9.935236337751129e-05,0.00014819331863244456,8.670523900503515e-05,0.00010140383145330938,7.511593989790918e-05,0.0001009708023973406,6.526664301900871e-05,9.665950293057717e-05,6.618081516436627e-05,8.871090361549312e-05,5.0192089793703604e-05,5.946978188822193e-05,4.0661593346024924e-05,5.508047168247359e-05,4.2600877960813654e-05,2.4149969505417573e-05
2022-06-01,2022Q2,10:00,1.1289186185329114,14:00,1.0590021516026047,14:00,1.0795447020340536,10:00,1.087720057666556,15:00,1.172094343163871,15:00,1.183856349592675,15:00,1.1998156378956497,11:00,1.1289186185329114,1.0553662091510956,1.0386614719717158,1.0363751613648584,0.9907473810504049,1.0039624048242168,0.9867679553627361,0.9549220527428539,0.9383164215524437,0.8947933839460712,0.8897760144180422,0.00010648243580936055,0.000217903306838418,0.00010070777310596452,9.421602709536281e-05,8.859433826221793e-05,9.269403197860075e-05,7.73846454344987e-05,6.788685433980214e-05,7.486635744445528e-05,6.0319498148852256e-05,6.607187491387812e-05,6.0310355280721126e-05,6.01232094643141e-05,5.957927109623089e-05,4.885621063471513e-05,4.939799867843934e-05,4.770862552129745e-05,4.698404146837848e-05,3.68144194210089e-05,2.7990521986225915e-05,2.7161913053895253e-05,2.6414528936628937e-05
2022-06-02,2022Q2,10:00,1.1256500401820713,14:00,1.0586755548291202,14:00,1.0971016560037428,14:00,1.0806746898404878,15:00,1.1711560062070738,15:00,1.213503150969462,15:00,1.19894561936571,11:00,1.1256500401820713,1.0553991700894112,1.038438807520925,1.0366003224788483,0.991267501415658,1.004169979441498,0.9868228774437684,0.9549970066352844,0.9384950645591759,0.8954655408792679,0.8900282715126172,0.00011910554881388536,9.323134464141815e-05,0.0001054758975674083,9.233318749373642e-05,8.15733250640653e-05,6.991898482938246e-05,6.616133711161149e-05,4.9966281802679826e-05,6.069755933735811e-05,4.7230058596017016e-05,4.581242895335127e-05,3.11876140533046e-05,4.185207048632135e-05,3.0428811893782362e-05,3.596062304305179e-05,3.041905138632554e-05,2.9190825458850572e-05,2.751701567537309e-05,2.128200926214924e-05,2.7341677823356652e-05,1.6157279433427723e-05,2.5857239129923792e-05
2022-06-03,2022Q2,10:00,1.125981057855977,14:00,1.058095554357958,14:00,1.0972289022465331,14:00,1.0805259745654168,15:00,1.167076813996643,15:00,1.2102430632186816,15:00,1.1937415504231603,11:00,1.125981057855977,1.0556061427080636,1.0386981381801985,1.0370598237049973,0.9917446632439557,1.0047141527808876,0.9873097049432431,0.9553039970928677,0.9386608348694413,0.8952829742384334,0.8895564092288359,0.00012878023757878387,5.1215355223970176e-05,0.00010683364806832521,4.890443122270354e-05,9.980010396675464e-05,4.047067206852358e-05,8.815044765595873e-05,3.0462861427865106e-05,7.36681577525413e-05,2.9370678921185528e-05,6.323431422804415e-05,2.661767549791451e-05,5.952706461714653e-05,2.0389487335316288e-05,5.161104681573303e-05,1.8388367635025908e-05,5.114283469492885e-05,1.4664353704887184e-05,3.416993713290125e-05,4.64788629411981e-06,2.8283937338425167e-05,3.0680252839060936e-06
2022-06-06,2022Q2,10:00,1.1276415059200764,14:00,1.0649966632127288,14:00,1.1011321868106352,14:00,1.09020526875517,15:00,1.173829832291044,15:00,1.2123835792881223,15:00,1.2042657228435745,11:00,1.1276415059200764,1.0570278173410275,1.0403667806735293,1.0388670750065798,0.9932743044412934,1.0060827637568384,0.9889303719570723,0.9568151462180201,0.940500182122662,0.8969937696336918,0.8913147357181406,8.392971022121652e-05,0.0001436106064611081,6.425619330494557e-05,0.00013913263479173384,5.8187029160311146e-05,0.0001390424971788665,7.003168095375422e-05,9.622267185452792e-05,5.715973728656326e-05,9.535756696094758e-05,5.932123981662409e-05,5.976610119787818e-05,4.670976213663557e-05,5.3038853952171416e-05,4.039108358342192e-05,5.1794972532206005e-05,3.004469583335372e-05,3.060398371845884e-05,2.5448189140733147e-05,6.624069597148164e-06,2.1944265794409592e-05,6.6014301162684675e-06
2022-06-07,2022Q2,10:00,1.1258260605588162,14:00,1.063595870617109,14:00,1.1005297835083303,14:00,1.089292552499527,15:00,1.1769541064054225,15:00,1.216328631993827,15:00,1.2104732368306539,11:00,1.1258260605588162,1.0549030176873464,1.0378789162253887,1.0379136074961341,0.9919887073097111,1.0060525121352182,0.988694675773907,0.9564091746398574,0.9405621734622297,0.898105409236507,0.8924192837134266,9.681572436333258e-05,7.404615063077771e-05,7.799185347541756e-05,5.979277478011164e-05,6.663603559042696e-05,4.226174419960535e-05,5.928857756612034e-05,3.261197519683768e-05,5.066317495616747e-05,3.2611684008007234e-05,4.5812625154529056e-05,3.151140024471021e-05,3.688068167991658e-05,2.364583522892145e-05,3.1112163975527265e-05,1.9424118906810575e-05,2.8960401922199197e-05,1.91562543462329e-05,2.0867005821099064e-05,9.08512505074398e-06,1.78700736025591e-05,8.400632196352378e-06
2022-06-08,2022Q2,10:00,1.1261385849454408,14:00,1.067782817912744,14:00,1.1102109232850679,14:00,1.0915303596884,15:00,1.1840125611234156,15:00,1.2327822646013198,15:00,1.2140923937251047,11:00,1.1261385849454408,1.0552851600889328,1.0385333591352375,1.0387231792006335,0.9926148726937607,1.0065799248560534,0.9892483748205202,0.956963806426394,0.9410993442393831,0.8988292198299522,0.8931322876806022,8.470330865197758e-05,4.126065984408739e-05,7.433077421830134e-05,3.638295055150078e-05,6.715560916408826e-05,3.579092079910691e-05,5.7577257388962867e-05,2.8571750533164837e-05,5.067460110342329e-05,2.7403081467785868e-05,4.57706840548967e-05,2.3201183896860495e-05,4.315970186129766e-05,1.3698269471916649e-05,3.800143105229964e-05,9.462731445819549e-06,3.1822625013918965e-05,8.950068555558232e-06,2.807131951152402e-05,6.859447099882882e-06,2.2017266135013457e-05,6.352083896752641e-06
2022-06-09,2022Q2,10:00,1.1270260607422509,14:00,1.0711253610475435,14:00,1.1125041270875964,14:00,1.0976799560428316,15:00,1.1883957570324035,15:00,1.2345693818021175,15:00,1.2205092006315987,11:00,1.1270260607422509,1.0562049626961523,1.0393941708762429,1.0396101946411416,0.9934167609276011,1.0074170801771596,0.9904618916514728,0.9582440559870541,0.942247512862098,0.9000764643957374,0.8942552078795382,0.00010064518098717542,0.00013517046194937604,7.916694516249233e-05,0.00012885281074659537,7.133623265487216e-05,0.00011948027078659347,6.218752406086134e-05,0.00011787275963757548,5.4846238426519166e-05,0.00011593421216601386,4.677956926841132e-05,0.00011591870086767066,4.220675499722104e-05,0.00011201845752306042,3.6599906150919646e-05,0.0001060708304078598,3.154778937293825e-05,0.00010603074027878857,2.68678354476046e-05,0.00010016310407782136,2.083185864219522e-05,8.239122374115519e-05
2022-06-10,2022Q2,10:00,1.125830002418127,14:00,1.054601116216643,14:00,1.099207227128066,10:00,1.076708913027787,15:00,1.1682469408540241,15:00,1.2170270804421612,15:00,1.1900254092152514,11:00,1.125830002418127,1.0547526623128602,1.0378821378786516,1.0376984773324363,0.9913641452742789,1.004814243184438,0.9876573164255394,0.9553807544022356,0.9389106399213178,0.8964935724623476,0.8906447826147958,0.00021943896395819413,0.00016232506851454994,0.0001591156782311567,0.00010431284508154141,0.00012365171199634116,0.0001027149756985231,0.00011120386265769251,0.00010150445194041623,0.0001007632439385425,9.925713443859226e-05,8.831856057736001e-05,9.906374382740785e-05,8.433160031430241e-05,9.845884831993865e-05,7.254128551378062e-05,9.247435667925522e-05,6.691596076804808e-05,9.239695638253256e-05,5.4626382162104535e-05,9.222603097286469e-05,5.374865210493107e-05,7.998023945669062e-05
2022-06-13,2022Q2,10:00,1.1266756751845985,10:00,1.0471588069696158,14:00,1.0929358183189628,10:00,1.0817653036084847,15:00,1.1552429392755335,15:00,1.2083599130788476,15:00,1.1760832069461697,11:00,1.1266756751845985,1.0560017178455758,1.0383683759777385,1.0378839034145029,0.9914442877834362,1.0043984924591207,0.9871326424475432,0.9546877155739016,0.9379466942143152,0.8949135992659224,0.8894567019411391,0.00028059622908428825,0.00015573450633856687,0.00022550696848588886,0.00011187633858733627,0.00021977863096091544,0.00010419889969822591,0.0001791627049727087,9.342610132973109e-05,0.0001595565432868086,8.77303467294578e-05,0.00014626346702130002,8.329233313859393e-05,0.00013212999588317793,7.735310553094153e-05,0.00011109292685021923,7.4048848934086e-05,0.00010001979425613762,4.8696651354588304e-05,8.032291340564952e-05,2.9755984551210164e-05,6.244909218027902e-05,2.5733975122419235e-05
2022-06-14,2022Q2,10:00,1.1290903508237513,14:00,1.065484441360156,14:00,1.0995182966098977,10:00,1.094375448977666,15:00,1.180122149670186,15:00,1.2135953966547626,15:00,1.1902719349768511,11:00,1.1290903508237513,1.0587257097542722,1.0415418809687917,1.0404715219004406,0.9938981797637486,1.0067107076452781,0.9893918230496234,0.9564532537837531,0.940581323613117,0.8979325618667564,0.8921399932856822,0.00022621129384546535,0.0001676539257841733,0.0001871011890452559,8.97348116376946e-05,0.00014692653339903455,8.207267255418525e-05,0.0001403909308672578,7.417206632387194e-05,0.00012286255943391806,6.9033381668435e-05,0.00010941654148197135,5.4493599363511244e-05,9.290311705626467e-05,5.337650540588231e-05,8.997793434943194e-05,4.7072365284789334e-05,7.746778459291491e-05,2.5823211719934038e-05,5.8540728209019085e-05,2.4545601820074864e-05,4.3928792127834114e-05,1.0325588605821829e-05
2022-06-15,2022Q2,10:00,1.1299349448554865,14:00,1.0745213314883089,14:00,1.1064366038052085,10:00,1.0991437776400654,15:00,1.1865389802802953,15:00,1.2179513970204927,15:00,1.2036483636910145,11:00,1.1299349448554865,1.061057007596631,1.0432853557293436,1.0424569948045064,0.9957281674785559,1.0087216521494813,0.9910123708125955,0.9584138661607136,0.9431562032148783,0.8999819868502508,0.8944931480973398,0.0005377324952244659,0.0003952574083546359,0.0004970623815038074,0.0003950831611977126,0.00047605852352863653,0.0003833701583841304,0.00046935001475030693,0.0003814445619562567,0.00044648340762517934,0.0003775814238583116,0.00045063052244712917,0.00037519015857553515,0.00047131757662246686,0.00035152921909849613,0.00046063183098825225,0.0003404680275502583,0.0005554034875723836,0.0003372078074561558,0.00034083189881599,0.0002646335939598016,0.00018223815865564224,0.0001902003525593989
2022-06-16,2022Q2,10:00,1.1320009811874492,14:00,1.1083129238557163,14:00,1.1324180735660145,14:00,1.1389323722282203,15:00,1.1776124699228956,15:00,1.2104119143125585,14:00,1.1932684175964456,11:00,1.1320009811874492,1.0630083243253667,1.0454212769877487,1.04468256126881,0.9980768798269941,1.0113454354649567,0.9959122833282377,0.9641862788997243,0.9544645240191034,0.9056620991466251,0.8953032129417523,0.00023762865272786474,0.00019040149255191634,0.00020125586251083064,0.00019036013914776808,0.00019414534358379093,0.00012770930832264516,0.00015330457077756876,9.638034278025151e-05,0.00014179049093573164,9.551587274223216e-05,0.00011547508123331012,9.520780983908915e-05,0.00011620862623876164,9.520780241829933e-05,9.9919664702318e-05,8.938184734537682e-05,9.390605058396114e-05,3.989788988049479e-05,7.649868786237017e-05,3.639399659799071e-05,5.92208296370237e-05,3.495292070660626e-05
2022-06-17,2022Q2,10:00,1.1324997966373893,14:00,1.1169747163078052,14:00,1.1383782349474965,14:00,1.151074065367743,15:00,1.182259628051558,15:00,1.2126823430768436,14:00,1.202644608479946,11:00,1.1324997966373893,1.0629809221559483,1.0471171999653273,1.0463107053620246,0.999619405942216,1.0120406060300915,0.996761529933595,0.9647744394094956,0.9571190501761078,0.9080660389584414,0.897167709208539,0.00021827885401521635,0.00024782358000342895,0.0002443479872423782,0.00013719128616500223,0.00022617923228127716,0.0001298695757765537,0.0001783884736644356,7.076498665157858e-05,0.0001457761520824931,5.4244699035552165e-05,0.00013574165985318022,4.911064978857589e-05,0.000133355479319747,4.911028813860888e-05,9.766991096861704e-05,3.242186499070336e-05,8.943920070210967e-05,3.2421127812931964e-05,6.841252164062937e-05,2.9992441593628906e-05,5.451074618640213e-05,2.9077631469079635e-05
2022-06-21,2022Q2,10:00,1.1310992509527722,14:00,1.1292384648652514,14:00,1.147653277190173,14:00,1.1641683560815863,15:00,1.1907259846384355,15:00,1.2171269337410824,14:00,1.2128116305613754,11:00,1.1310992509527722,1.06542992562284,1.04963063082116,1.0495324275701685,1.0026536881271468,1.0151523858123779,1.0001061066542485,0.9676126496978814,0.9598921437970763,0.9103358788613519,0.8990616340387871,0.00013200778552303126,4.075681536141329e-05,0.00010032716184198291,4.066191314311605e-05,7.729804629235278e-05,3.348760467641906e-05,7.464169205100233e-05,2.778000140700709e-05,7.389966121160866e-05,2.1145265859560185e-05,6.72551235291126e-05,1.9254272420994324e-05,4.938044473477647e-05,1.4560588968179121e-05,4.3155845358630064e-05,1.37323259784055e-05,4.235263427368824e-05,1.2708336843779048e-05,3.0052336942002612e-05,1.1562763017590922e-05,1.820709142814771e-05,6.707721475346144e-06
2022-06-22,2022Q2,10:00,1.1330262351299907,14:00,1.1394525077976558,14:00,1.1495526664913314,14:00,1.1711459070683068,15:00,1.2046944570634754,15:00,1.2168149718612078,14:00,1.2182648289368427,11:00,1.1330262351299907,1.0668455683891593,1.0508041282204719,1.0509356074233265,1.0043990274513084,1.016876670438176,1.0014850109555502,0.9688887838071292,0.96132292359646,0.9114115520994105,0.8998726238209047,0.0001287382387432106,0.00014233437008455681,0.00010100676966343643,6.966836321662809e-05,8.625604389921637e-05,6.96529266601296e-05,7.720026557361221e-05,6.959879971454966e-05,8.862204419175574e-05,4.005051342176118e-05,7.019537713152217e-05,3.396426269726301e-05,6.150009912886425e-05,2.883332407733858e-05,5.199132769742012e-05,2.621479120115597e-05,4.329950923601437e-05,2.6203063713242588e-05,3.308991949590578e-05,2.5807966729659593e-05,2.4840902697823676e-05,2.5753963210147285e-05
2022-06-23,2022Q2,10:00,1.132298874407821,14:00,1.140007591345294,14:00,1.1524302373510318,14:00,1.1743529938843038,15:00,1.200889912758683,15:00,1.2188241516616796,14:00,1.22051132252932,11:00,1.132298874407821,1.0675070234131832,1.0511671651603314,1.0510604747777212,1.00599973258068,1.0181638253524437,1.0027755389746689,0.9700236714247396,0.9621811549037003,0.9119379020875158,0.8999833692528494,0.00012381294642984286,8.292069091677236e-05,0.00010841278173120413,7.969633494397311e-05,8.827330830207281e-05,6.504249123152467e-05,7.827751134101826e-05,5.976795521958865e-05,7.431545301417611e-05,3.8742959064492566e-05,7.333979492684967e-05,3.685629141151752e-05,6.46207261892803e-05,2.7577440034868576e-05,5.499215913882379e-05,2.681776622536419e-05,4.371044225720611e-05,2.0196167092196485e-05,3.285498947434919e-05,1.7344231247287593e-05,2.5447517738375777e-05,1.4357074926267984e-05
2022-06-24,2022Q2,10:00,1.132966674680282,14:00,1.1405375098646153,14:00,1.1540964381809884,14:00,1.1794667205352594,15:00,1.1992071250034242,15:00,1.2182970121003551,14:00,1.2243633958639146,11:00,1.132966674680282,1.0680844121546755,1.0517192283137922,1.0515354335582812,1.007167129848928,1.0194548988949468,1.0042362640483409,0.9712589816810645,0.9633305965530145,0.9128742780055645,0.9008154440995082,0.00010660794928791987,7.500295761415026e-05,7.635301383024715e-05,2.29248933146869e-05,6.286143327546812e-05,2.2923772849181943e-05,5.294696043375382e-05,2.2170081503690976e-05,4.826195383845282e-05,2.2071433361504416e-05,4.391013321136162e-05,2.1986781887047e-05,3.631019378837207e-05,2.126974622969034e-05,3.288509808859806e-05,2.126735847891334e-05,3.20347569207611e-05,2.065927840911364e-05,2.247961789326325e-05,1.9636478943506643e-05,1.6537057226626145e-05,1.791828007002963e-05
2022-06-27,2022Q2,10:00,1.1334486547652052,14:00,1.1415425804016635,14:00,1.1543392293745112,14:00,1.181439123537265,15:00,1.1963927180507241,15:00,1.217116704105164,14:00,1.2256807157622063,11:00,1.1334486547652052,1.0693669850409417,1.0527934497607083,1.0524453643145686,1.0080264363526734,1.020229187761979,1.0048265243761099,0.97177981665611,0.9639044723018025,0.9131242844421873,0.9008417170160601,0.0001326398975487772,5.4352596400685976e-05,0.00010479985601754633,5.395720570606778e-05,7.633358315301316e-05,2.5713822700057333e-05,6.381792226764351e-05,2.4100803497663603e-05,5.901805153599795e-05,2.367479722061343e-05,5.183811121381234e-05,9.68169513409531e-06,4.398699877974027e-05,7.341676120245196e-06,3.692271153165399e-05,5.6200210636831476e-06,3.6176422045343586e-05,1.1196873279940666e-06,2.8759052696923523e-05,9.926115847719629e-07,2.1542229048148193e-05,9.798902257144894e-07
2022-06-28,2022Q2,10:00,1.1350294340294234,14:00,1.1477884490067036,14:00,1.1565004919007003,14:00,1.1905010935920544,15:00,1.2008427491857536,15:00,1.2178851845675194,14:00,1.2329587302016425,11:00,1.1350294340294234,1.070530115640458,1.0541580445617975,1.0536252060349842,1.009185910325167,1.02174011415442,1.006271514776945,0.9731194387093354,0.9655644300416735,0.9146532693107736,0.9022123195442584,8.484178984098337e-05,0.00014456616244339332,7.147448467319069e-05,0.00010927844773294935,6.851198237344146e-05,0.00010464388563984845,7.396558556736398e-05,4.7021100514127175e-05,6.803577552926172e-05,2.7484322649494717e-05,5.5988141499858746e-05,2.396503595600564e-05,5.006647653886203e-05,2.3286836737125476e-05,4.834553189566558e-05,1.6902827277145532e-05,4.081636656600897e-05,1.5274372851775228e-05,3.713608652947406e-05,5.568997918180478e-06,2.7006434319392996e-05,4.7769321421296594e-06
2022-06-29,2022Q2,10:00,1.1332715829335427,14:00,1.1518655979994326,14:00,1.1609209940386895,14:00,1.1964267996670626,15:00,1.2077706579095844,15:00,1.2236153701132344,14:00,1.237516744900341,11:00,1.1332715829335427,1.069409235876567,1.0530035268885878,1.0543734862117975,1.0105139050418734,1.0228734716892594,1.0073217761232984,0.9744766392004213,0.966796453136812,0.9164117125466429,0.9037175928911275,0.00013495443901828395,8.36604253907336e-05,0.00010996444368950299,8.365615304900839e-05,9.50255983487315e-05,8.342463481865358e-05,8.45217722186702e-05,7.735033672079068e-05,6.887077751890498e-05,7.501656579885497e-05,6.296456173775466e-05,4.8868295176320466e-05,5.4212405730833495e-05,4.123883093814997e-05,4.556269426445652e-05,4.123038774343071e-05,3.735548563317559e-05,3.115908423571019e-05,2.9263603812715286e-05,2.9642342958959035e-05,2.0240701674778684e-05,1.9777998298741467e-05
2022-06-30,2022Q2,10:00,1.1341604365691067,14:00,1.149236467239713,14:00,1.1606459293438736,14:00,1.1964467335823528,15:00,1.2043101537606808,15:00,1.2223782281812117,14:00,1.2371007064147987,11:00,1.1341604365691067,1.0699131269910798,1.0532013635544832,1.0544641334236577,1.0102859519672172,1.0233395815671267,1.0078206542859913,0.974705351299356,0.9671377013838559,0.9165267165239838,0.9038743685837529,0.0001912387483695368,0.00010844619194058034,0.0001648522668688063,0.0001082281019550221,0.00015056796199423343,7.135301679885078e-05,0.00013910883561299992,5.4091698911521344e-05,0.00012290265796724212,4.678456420129376e-05,0.00012370205194514274,3.2633982594889755e-05,0.0001034585148725267,3.2327286735056235e-05,9.568264872144468e-05,2.9758819409369857e-05,9.07550046330101e-05,2.446534120259781e-05,7.367453930898771e-05,1.5960763720246068e-05,6.51345770014851e-05,6.147230461274643e-07
2022-07-01,2022Q3,10:00,1.1356678194172622,14:00,1.159476233090447,14:00,1.1687269163022977,14:00,1.212662944833608,15:00,1.218548631217327,15:00,1.2322291416735678,15:00,1.2525394295067993,11:00,1.1356678194172622,1.071115661943619,1.0552756074994787,1.056968572451916,1.0127684912044752,1.0265790545534395,1.0106075676464512,0.9775338548819186,0.9703003631112714,0.9197589968767371,0.9081515533702347,0.00013097823450558503,0.00016871848137477188,0.0001210499636392023,7.103284789168302e-05,0.00010522632104069506,6.984731249943607e-05,9.094247654442141e-05,6.533656447735447e-05,7.668589495219655e-05,6.101562998799321e-05,6.702455388600343e-05,4.766830403137517e-05,5.325567831812819e-05,3.956344411127341e-05,4.8066739683051304e-05,3.210752126671257e-05,4.1738668341713474e-05,1.781721730999157e-05,3.5086529446114414e-05,1.3204592627992958e-05,2.2603088263907058e-05,7.80288405521824e-06
2022-07-05,2022Q3,10:00,1.1343335774494259,14:00,1.162544459688352,14:00,1.1724087375145973,14:00,1.2180061965111046,15:00,1.220811774725277,15:00,1.2340061336563326,15:00,1.2577576059928441,11:00,1.1343335774494259,1.0722159742073771,1.0561407888328807,1.0576350379316222,1.0132562701330954,1.0272268455212563,1.0111286294229107,0.9782405022617516,0.9714519495069136,0.9210139449242755,0.9091787350906083,0.00015141053479418448,9.83080449860087e-05,0.00012100382665182142,9.670009978196366e-05,9.883717004710936e-05,9.622437961584132e-05,8.607893736246149e-05,9.542233369844324e-05,7.758946385262537e-05,7.919014280399486e-05,7.254051905308722e-05,6.533847125713091e-05,6.171249694190667e-05,5.459106767307012e-05,5.245091909310997e-05,3.724937408335233e-05,4.24923480094806e-05,3.5701005787458216e-05,2.8253615063170986e-05,2.032621815431936e-05,2.5519196415928055e-05,1.3901733043981587e-05
2022-07-06,2022Q3,10:00,1.1352096559200862,14:00,1.1620559464794697,14:00,1.1710371620066427,14:00,1.2177426074709934,15:00,1.222320499160381,15:00,1.2331247143754462,15:00,1.2612480907077648,11:00,1.1352096559200862,1.0726388065757033,1.0560644229476912,1.0571843056537102,1.0131696762143487,1.0274205971790682,1.0113838091260694,0.9789177618139613,0.9718191962413661,0.9215348347958264,0.9100305795298189,0.00014120192416090956,6.803154590342118e-05,0.00012409382517472765,6.799627577891227e-05,0.00011204816047580862,6.587494298410054e-05,0.00011369337038113062,5.89659078206237e-05,0.0001011591125580974,5.887681510975574e-05,9.228698245370036e-05,5.883509982387575e-05,8.811612549720697e-05,5.8111398550047186e-05,7.707388339192408e-05,5.6887854881508525e-05,8.309829657277001e-05,5.4786853038753547e-05,4.465346422178692e-05,4.553948177528619e-05,2.6431071287896015e-05,3.1862985387770255e-05
2022-07-07,2022Q3,10:00,1.1366123073079049,14:00,1.164899474621894,14:00,1.1763647270562243,14:00,1.222081168181594,15:00,1.2184376010844902,15:00,1.2258531889781592,15:00,1.256577950733445,11:00,1.1366123073079049,1.0738856327638364,1.0572253433220276,1.0587410072574066,1.0145231642030805,1.0285557143884985,1.0125307065361273,0.9798201226803799,0.9732193714408945,0.9216813050962257,0.9098612808585647,7.902086705005981e-05,1.817289840126229e-05,6.690754078768942e-05,1.5857265276125435e-05,5.305251912787604e-05,1.3880582068095231e-05,4.6819416208481796e-05,1.366593881103247e-05,3.8929742298496405e-05,1.0497759253153746e-05,3.84001932466917e-05,1.0377470087514348e-05,3.501677621007305e-05,1.0350431956176983e-05,3.196518554294784e-05,8.034699622900865e-06,2.704287263093838e-05,2.064592493089861e-06,2.1714668180431977e-05,3.202780177814472e-07,1.666543412224982e-05,2.8430752030590196e-07
2022-07-08,2022Q3,10:00,1.1378915198281128,14:00,1.1687870183252476,14:00,1.1784923604707533,14:00,1.2286431214488642,15:00,1.2216483378772158,15:00,1.2278355126541143,15:00,1.263064920090005,11:00,1.1378915198281128,1.0751007999007791,1.0582737540154974,1.0597212243209022,1.0154450082236497,1.0295438567686424,1.013489349011475,0.9808363731631161,0.9743932969019246,0.9228487689994561,0.9109440689762422,9.401360090661881e-05,0.00011263257683130912,6.84759560087182e-05,6.031336116285909e-05,5.9587206950254036e-05,5.9264172736248e-05,4.8986596663015275e-05,5.420292564116571e-05,4.521797588214111e-05,5.291010325572772e-05,4.272966847834122e-05,2.8645898336128624e-05,4.26071696879904e-05,2.3967222956291256e-05,3.222040724944897e-05,1.5346763835682058e-05,2.8586286882405036e-05,1.5147316156131906e-05,2.2087687423331864e-05,6.896406446221444e-06,1.8150353452975097e-05,5.828904127921509e-06
2022-07-11,2022Q3,10:00,1.1371448847660681,14:00,1.1731662444630246,14:00,1.1806508132258497,14:00,1.2313313080664154,15:00,1.228460638595835,15:00,1.2305439442219697,15:00,1.267522360448443,11:00,1.1371448847660681,1.075189179211436,1.0581883720367355,1.0594655090492173,1.0151681024247698,1.0300151462514904,1.014204307629371,0.9815600568784519,0.9750412333094264,0.9237054447064952,0.9117911741595022,9.385420976800998e-05,3.121781857405062e-05,8.458340600495142e-05,3.0195108053758816e-05,6.856443535817184e-05,3.0123717720002878e-05,5.358916092979957e-05,2.453627598921561e-05,4.7465171104061394e-05,2.2858586749396903e-05,4.083828372275794e-05,2.2784518021707883e-05,3.503022527142957e-05,2.200432791423018e-05,2.9935010596950123e-05,1.3241347698687402e-05,2.480211662397587e-05,1.264600958002047e-05,2.121091126309217e-05,4.139967982883579e-06,1.4823187827780232e-05,1.066962191264695e-06
2022-07-12,2022Q3,10:00,1.138419851799181,14:00,1.1765242446381845,14:00,1.1813580318488643,14:00,1.2338376319605286,15:00,1.233272295207964,15:00,1.2321007621603686,15:00,1.2730044748859244,11:00,1.138419851799181,1.0764561076646635,1.0591881802432281,1.06029960343611,1.0159569668753046,1.0306330600380613,1.0147001251084933,0.982273650711204,0.9756253222068588,0.9246525388748895,0.912704832216399,7.351926935984373e-05,7.903325956741918e-05,6.27897258547599e-05,7.421561703496162e-05,5.1971577232592075e-05,6.57832798848536e-05,4.211877600529686e-05,5.873581733023697e-05,3.9769444192649044e-05,5.513744560109027e-05,3.5451357650392276e-05,5.4409840298837125e-05,3.152109406530676e-05,5.416229809713319e-05,2.8043755653994373e-05,5.0039714581859125e-05,2.412777753235652e-05,4.925236754045823e-05,1.9541227315181436e-05,4.679498031531119e-05,1.4395037561089674e-05,3.524780612785782e-05
2022-07-13,2022Q3,10:00,1.1380609822361458,14:00,1.1705366253517862,14:00,1.1747659242234665,14:00,1.2239127908145369,15:00,1.2265554811481385,15:00,1.2254659407957422,15:00,1.261494431594195,11:00,1.1380609822361458,1.076041171478461,1.0587065435840628,1.0596913320873096,1.0154295774810034,1.029900758763692,1.0137879985492035,0.9813861984156861,0.97450746411023,0.9233633200568071,0.9115349453418391,0.00015975445416765473,0.00011822636266078557,0.00012644042465437155,0.00011005814092907189,0.00011507524820743782,4.511711492924269e-05,9.54823159692822e-05,4.117730988192883e-05,8.516234008347447e-05,4.1174540976371205e-05,6.943934828837375e-05,3.466111566987538e-05,6.124840037724471e-05,2.7327853631414752e-05,5.917134382723766e-05,2.728175292867508e-05,4.829366837978987e-05,2.715124761410651e-05,4.173818344585744e-05,2.539481459611455e-05,2.665391315354001e-05,1.8800886846227873e-05
2022-07-14,2022Q3,10:00,1.1386093232948655,14:00,1.171822751083169,14:00,1.1758784576298817,14:00,1.2280074559444742,15:00,1.2262504963902867,15:00,1.2247092800323363,15:00,1.2631255275451327,11:00,1.1386093232948655,1.076235097864088,1.0605353165716631,1.0612538246536785,1.016834880964853,1.0310972947369201,1.0150920529480914,0.9827466750065469,0.9755263969626277,0.9243556861475096,0.912160468337907,0.0001250599956575486,0.00010528083090688343,0.00010285838551358196,0.0001037821395459194,8.869343077650046e-05,0.00010293267213673122,8.144485848290336e-05,7.703709396287714e-05,7.038547989118533e-05,6.177664334807303e-05,6.453217317015803e-05,4.731701316391395e-05,5.886729629235691e-05,4.675210249352875e-05,4.8486422322637144e-05,3.648021012529149e-05,4.3383589016611935e-05,3.483449655580243e-05,3.2115353806219667e-05,5.128976285115871e-06,2.0964646255153224e-05,5.044701349892295e-06
2022-07-15,2022Q3,10:00,1.1387218909733505,14:00,1.170729024467905,14:00,1.1750488673165318,14:00,1.2281725869957973,15:00,1.2286013824577615,15:00,1.2261610491384867,15:00,1.2692072657767997,11:00,1.1387218909733505,1.0760218080549322,1.0599806971479175,1.061244472325305,1.017079740042072,1.0316546556494974,1.0155348107311193,0.9832764756321843,0.9759644210757996,0.9258405687434296,0.9132356907672969,0.00013314824118810958,7.458511397356343e-05,9.161149752053235e-05,1.8538620870184218e-05,6.442769049115558e-05,1.717324885502097e-05,5.5076410527709875e-05,1.3602577892813046e-05,5.506834467567223e-05,1.2420679385361472e-05,4.6593552254127525e-05,1.2158994788042876e-05,4.28215107803815e-05,1.2136289907817383e-05,2.972888811264435e-05,7.793780489137766e-06,2.791643232383553e-05,6.912333821322991e-06,1.740084364277954e-05,6.903123371905703e-06,1.2919248456208616e-05,6.846138119451743e-06
2022-07-18,2022Q3,10:00,1.1397667385989192,14:00,1.1738897460525948,14:00,1.1777920703495157,14:00,1.2335096913092638,15:00,1.2292234176726555,15:00,1.2275538535582133,15:00,1.2711070016492778,11:00,1.1397667385989192,1.0777509800933949,1.0612325112823144,1.062465908289649,1.018452018705034,1.0328595664368072,1.016717698711726,0.9842013587296151,0.9769504311739453,0.9264375479644622,0.9136735917235139,7.100138289195505e-05,6.922254870846663e-05,5.96732369823589e-05,6.755221476924519e-05,4.719444088247189e-05,6.734520914741953e-05,4.27851940962349e-05,6.679705893470113e-05,3.32598903644571e-05,6.32502176646271e-05,2.996268776960971e-05,6.1368786094003e-05,2.894384877769902e-05,5.812535104754664e-05,2.625587087020034e-05,5.810225749277277e-05,4.1339465717279904e-05,1.2505996598946742e-05,2.8182262943688855e-05,1.089616108513827e-05,1.7831125412344137e-05,5.276663520020916e-06
2022-07-19,2022Q3,10:00,1.1395958855416812,14:00,1.1792499460990014,14:00,1.1818593270960798,14:00,1.2406826045673176,15:00,1.2308956674988791,15:00,1.231133932688934,15:00,1.2758538954555514,10:30,1.1395958855416812,1.0774346518145579,1.060576324545354,1.0616205382568582,1.0174465076116568,1.0316794067611963,1.0155507636136272,0.9829081284105717,0.978305994489951,0.9274177402000641,0.9145278009760062,6.357099387487711e-05,3.806207919766812e-05,5.657855078076975e-05,2.8809805944431816e-05,4.763381995881187e-05,2.5298276474468906e-05,4.277594386215449e-05,2.3208924687933132e-05,4.046119729964935e-05,2.2311939519320876e-05,3.7516006859826676e-05,2.2282566007244503e-05,3.5340509259023776e-05,1.8657287231363512e-05,2.8552953884554874e-05,1.7549502136156793e-05,2.265858741406361e-05,3.1590546988601185e-06,1.993502648178291e-05,2.988811176551897e-06,1.565522962847087e-05,2.4052751567706744e-06
2022-07-20,2022Q3,10:00,1.1400325072225401,14:00,1.1818707912871806,14:00,1.18567062824314,14:00,1.2459224701601914,15:00,1.2330073572569222,15:00,1.2212883556952234,15:00,1.2811962389173073,10:30,1.1400325072225401,1.0780494265027123,1.0611382877762583,1.062164161703843,1.0180192449938794,1.0321919735602592,1.0161847212256059,0.9833804180980777,0.979216718345541,0.9283476820003778,0.9154111254001498,9.51841857156649e-05,0.0001302074071494385,6.234664430619355e-05,0.00010196758559199759,6.315959395509517e-05,6.628084072385426e-05,5.574773870640128e-05,6.266825077868667e-05,4.918633965737407e-05,6.0232727503624564e-05,4.068472914026911e-05,5.972772421211837e-05,4.080582461736643e-05,5.585329144285202e-05,4.034791770495043e-05,5.07191885380745e-05,3.616200027600223e-05,4.015031373365262e-05,2.5260891173630722e-05,1.4653958027353825e-05,1.4625909664582365e-05,1.4653187138651696e-05
2022-07-21,2022Q3,10:00,1.1388843532305046,14:00,1.1794750597234631,14:00,1.1800864596652163,14:00,1.2420474245984487,15:00,1.231427515471365,15:00,1.2184261834867622,14:30,1.2805317505156064,10:30,1.1388843532305046,1.0769068480033894,1.0609448517347189,1.061840570477927,1.0176287702554014,1.0314538068631371,1.0155691727893306,0.9829831378480327,0.9790702073571976,0.9289787817673509,0.9154906282541427,8.888534562954323e-05,0.0001288091773265189,8.442351534411944e-05,7.90640883580848e-05,6.947546376627681e-05,4.421525318414396e-05,5.7624410988731447e-05,4.3162618433802755e-05,4.739391799569259e-05,3.997058358867055e-05,3.737298725908681e-05,1.908069526441649e-05,3.147742491972131e-05,1.9077067332822197e-05,2.983791224611612e-05,1.6081318724083906e-05,2.3129370149092558e-05,1.5917427656696064e-05,1.8099933960071225e-05,1.1987051113754987e-05,1.2308298099808293e-05,1.1482085697471046e-05
2022-07-22,2022Q3,10:00,1.1376414084799302,14:00,1.180021345567854,14:00,1.1784117237682872,14:00,1.242992586440337,15:00,1.2305490810937674,15:00,1.215249394244163,14:30,1.2814735231896883,10:30,1.1376414084799302,1.0768895632134339,1.061552610827717,1.0621929166711295,1.017844742039434,1.0320762971465627,1.0160358839516106,0.9835677313600691,0.9794204520011035,0.92935557637296,0.9156083659364658,8.614935597295077e-05,5.135683889968001e-05,6.263644696372152e-05,4.9936112130984495e-05,5.19922804090928e-05,4.951954933835904e-05,5.001444455659604e-05,2.4550759008081264e-05,4.465172778856241e-05,2.3105518685964696e-05,3.847521553777418e-05,1.979830959246973e-05,3.465649552078349e-05,1.9320803610245508e-05,2.928555269839272e-05,1.2458250983786803e-05,2.7176196873171315e-05,1.2092592485942166e-05,2.2369914842802735e-05,9.36489311178847e-06,1.516278289633233e-05,8.373254199281153e-06
2022-07-25,2022Q3,10:00,1.1382367895217995,14:00,1.1811840641121991,14:00,1.1799293106338442,14:00,1.2464358117216048,15:00,1.2304733097324327,15:00,1.2155968068513077,14:30,1.2847518434549559,10:30,1.1382367895217995,1.07710168961681,1.0615371361479444,1.0629075906999261,1.018523584146496,1.0327106502246577,1.016614857733941,0.9842770304849434,0.9801317887924481,0.9300946246272829,0.9160993589756133,7.616004874003482e-05,4.66077102835376e-05,7.003047890739949e-05,4.050229237369718e-05,5.958000969205709e-05,3.7947639272793726e-05,4.746275895272687e-05,3.700003016708462e-05,4.2743580056915e-05,3.650580717059994e-05,3.76877160726367e-05,3.411014662600665e-05,3.462816309428005e-05,3.223629311053797e-05,2.9452980503298605e-05,3.138069896652876e-05,2.6176023403838405e-05,2.5832535710865323e-05,1.948228883872378e-05,2.538701878796765e-05,1.1897110991238068e-05,2.3842942945500114e-05
2022-07-26,2022Q3,10:00,1.1387325808036102,14:00,1.1940029810346862,14:00,1.1786970129972116,14:00,1.2447221802477995,15:00,1.250457009888451,14:30,1.2119564858381227,14:30,1.2808936258106796,10:30,1.1387325808036102,1.0777332211283537,1.0620556473404645,1.0631502113275177,1.0187020176590422,1.0327971038063726,1.0166862943856345,0.984217376100902,0.980171488664762,0.9298715907300948,0.915448958743067,7.28571590635325e-05,3.702163654565986e-05,6.410595252857806e-05,3.327133802097313e-05,5.2445464743525703e-05,3.2577533439824e-05,5.1360555011546985e-05,1.8639903901049708e-05,4.6675596726534596e-05,1.4682401616294008e-05,3.6211259121671124e-05,1.2148632352787993e-05,3.444539428113364e-05,1.1089300257256643e-05,3.033349778774483e-05,9.044523210883053e-06,2.6434559693767967e-05,3.654909593338694e-06,1.9767862618319317e-05,4.7572415148926423e-07,1.4177189419440324e-05,3.5699405228066834e-07
2022-07-27,2022Q3,10:00,1.1393906852034397,14:00,1.197825505271506,14:00,1.1820617930539792,14:00,1.2510115610979777,15:00,1.2528963672686146,15:00,1.2152386854248785,14:30,1.2869003035211057,10:30,1.1393906852034397,1.078408292495068,1.0625347545750217,1.0640904354707845,1.0197191788215216,1.033627787702667,1.01757762902317,0.9851084009385347,0.9812302451920863,0.9309151956337374,0.9163547127048873,0.00020779361645085383,0.0001409723961144052,0.00020153795914372544,0.00014020282458393927,0.00019096869636935692,0.0001390355644256732,0.00018749099169324408,0.00013903553903456706,0.00018999759195051895,0.00013718371303730542,0.0001939898787290595,0.00013704160834135775,0.0001976152162539992,0.0001332714107861761,0.00019531348794246168,0.0001331890466848828,0.00020445162538166304,0.00013311383092822098,0.0001388468813026731,0.00013239966269166525,4.81835382475936e-05,6.899483410850092e-05
2022-07-28,2022Q3,10:00,1.1403988444330104,14:00,1.2049228734696442,14:00,1.1871767995531146,14:00,1.2616206140497246,15:00,1.2441731498518482,14:30,1.2104657850109464,14:00,1.2813141948569995,10:30,1.1403988444330104,1.0796073371453885,1.0636912332549813,1.0652642841947177,1.021319041486035,1.0354562777585432,1.019950501327591,0.9877590101399466,0.9846301704247702,0.9317513173226923,0.915375567374659,8.955850303125319e-05,0.00010180756348581969,7.359824418950985e-05,9.934463484606206e-05,5.30755247773615e-05,4.939243419963336e-05,4.711682515805798e-05,1.8894259342653044e-05,3.950364772254737e-05,1.8809318864435648e-05,3.4072859911836895e-05,1.691169639194878e-05,2.8901653335598604e-05,1.677653347022732e-05,2.4881102842178984e-05,1.1024352672586096e-05,2.3228383547175985e-05,3.0863802018221288e-06,1.605824278898544e-05,2.2060010864118313e-06,9.606986856244942e-06,1.2066819347841858e-06
2022-07-29,2022Q3,10:00,1.1398327931535246,14:00,1.2066134634132921,14:00,1.1902484460104454,14:00,1.2670843268002543,15:00,1.2415705619960158,14:30,1.2125551571716935,14:00,1.2856494946493913,10:30,1.1398327931535246,1.078807637585391,1.063705583176467,1.0660649943719807,1.0219665745521471,1.0360345124705537,1.0204014475044398,0.9883372487793216,0.9855596973153248,0.9325020317750852,0.915929047305555,8.084453694078067e-05,5.8640400837334544e-05,6.767629943806104e-05,4.5708286455816245e-05,5.9450614694058195e-05,3.703196330837642e-05,5.7437747131412184e-05,2.8984033090163797e-05,4.363150893469906e-05,1.9146729699120537e-05,3.557266141049911e-05,1.912943811359928e-05,2.7560796523857404e-05,1.4443920268126064e-05,2.25084939598967e-05,1.3474877714445703e-05,2.2053347955859425e-05,1.0038247888130471e-05,1.7018184367600954e-05,7.163901427629976e-06,1.2784778243665632e-05,6.673725315988502e-06
2022-08-01,2022Q3,10:00,1.1401310761110293,14:00,1.2265157262730333,14:00,1.190997273462634,14:00,1.2697435704193891,15:00,1.2758621501346072,14:30,1.2125858264141969,14:00,1.2876166021839401,10:30,1.1401310761110293,1.079243568325775,1.0642408665987426,1.0668516610615284,1.0227339618474445,1.0365841820630206,1.0208915852178468,0.9887168667684145,0.9861192906846368,0.9330560481907019,0.9163631920160797,7.806690872863067e-05,7.652589435278189e-05,7.816666298668217e-05,7.198307493406438e-05,5.5695258485797275e-05,2.9146883748980942e-05,4.170040398245141e-05,2.9004963594407607e-05,3.459312763314658e-05,2.8866558872531913e-05,3.62414031896472e-05,2.6568055537438096e-05,3.319904529752292e-05,2.601934028802668e-05,2.953083819538345e-05,1.0184290948524724e-05,2.573451505698206e-05,9.950038410651172e-06,1.94963438444802e-05,9.336960473352627e-06,1.3571906596352245e-05,2.566112480988945e-06
2022-08-02,2022Q3,10:00,1.1399358095736236,14:00,1.2269912504514218,14:00,1.1919385111015233,14:00,1.2735063793525558,15:00,1.2784844367265302,14:30,1.2124453612242259,14:00,1.290473921859449,10:30,1.1399358095736236,1.079254927745084,1.0648988270610331,1.067170229125391,1.0228955014071082,1.036887500721974,1.0211450035747962,0.9895203699312967,0.9868516967143013,0.9336337096202869,0.917093165591322,9.24492074420162e-05,8.382798908954784e-05,8.471783426705642e-05,8.248525443722161e-05,5.46517488593417e-05,7.042267678419307e-05,4.646876902810267e-05,7.040145005065614e-05,3.781012936941948e-05,7.007279953710914e-05,2.9067686281631175e-05,5.032256948996233e-05,2.677937513918272e-05,5.0208044553929696e-05,2.495467552794965e-05,2.9155393613431645e-05,3.0435890653418306e-05,1.9450342971061875e-05,2.0207952351005875e-05,1.5061190894771274e-05,1.538394456170899e-05,1.1244049993962953e-05
2022-08-03,2022Q3,10:00,1.139869808344797,14:00,1.225783277108183,14:00,1.193471424525587,14:00,1.2751424933011535,15:00,1.273445303286587,14:30,1.2112905029400203,14:00,1.2914557617223381,10:30,1.139869808344797,1.0791531229340254,1.0643574631101662,1.0663231379592955,1.0218189066436785,1.0360832866582845,1.0202115635813895,0.9893597433829344,0.987368310317166,0.9339626677602085,0.9174229033636591,6.927473916251464e-05,1.959612718528244e-05,5.076614735807314e-05,1.9535029629674672e-05,4.898392895609211e-05,1.9498379139706144e-05,3.746650515041578e-05,1.4353554434641315e-05,3.20815822868967e-05,9.856353717500636e-06,3.128669633001814e-05,9.71831432047302e-06,2.650313255631149e-05,2.0216206818868784e-06,2.289661372577011e-05,1.6118857954516723e-06,1.873839349259106e-05,1.6118857954516723e-06,1.3419638293388022e-05,1.0308849918538925e-06,1.1036945739871683e-05,9.77630536842034e-07
2022-08-04,2022Q3,10:00,1.140865736382189,14:00,1.2275415881003588,14:00,1.1968096640731087,14:00,1.2800110931605477,15:00,1.2746308207756696,14:30,1.2140918931322702,14:00,1.295352906852063,10:30,1.140865736382189,1.0798548228632463,1.0651084065060283,1.0669778269143153,1.022518366299356,1.0368213637215429,1.0211430387634417,0.9902381160234658,0.9881562672146244,0.9346293352504537,0.9180820664932826,6.966556134211808e-05,3.583595542889774e-05,6.268291692763512e-05,3.058671754628581e-05,5.614882042926225e-05,2.9362476123752157e-05,4.482398667639353e-05,2.67913842155171e-05,3.6928911893276665e-05,2.145903510273621e-05,3.171946917906241e-05,2.0884333083846158e-05,2.978313003537452e-05,9.744617359171944e-06,2.1258696887731924e-05,2.5329969875402447e-06,1.7491078899472336e-05,2.4209639292173085e-06,1.2315949862581791e-05,2.41815172614385e-06,9.544191145029769e-06,2.3999973519522443e-06
2022-08-05,2022Q3,10:00,1.1414759615958114,14:00,1.2314514309743598,14:00,1.1983152346489192,14:00,1.2842546063782816,15:00,1.2782155720420234,14:30,1.2140999367335237,14:00,1.2987354669938402,10:30,1.1414759615958114,1.080555279858472,1.0657695608338664,1.0674571625051619,1.022994301500563,1.037171269396674,1.021898608075711,0.9910112000285474,0.9888500306770884,0.9351674381958724,0.9185591874159491,6.388754857568947e-05,8.272828521792336e-05,4.782338921929235e-05,7.234968768425148e-05,3.866946509800399e-05,7.151262260421227e-05,4.316256221066832e-05,2.4243705653323133e-05,3.555970058313937e-05,2.3058154474089907e-05,2.670870961935964e-05,1.7335495163492094e-05,2.193253430872709e-05,1.3071209241760814e-05,1.865621085072363e-05,1.2669982320155211e-05,1.6374401566551363e-05,1.2371426665592699e-05,1.3334475593046565e-05,8.037726531140741e-06,1.0756322350136674e-05,7.513097621699539e-06
2022-08-08,2022Q3,10:00,1.1408294858894221,14:00,1.2319392514420626,14:00,1.195601882617933,14:00,1.2843990562680334,15:00,1.2801400048758902,14:30,1.2130325739001784,14:00,1.2986318134538688,10:30,1.1408294858894221,1.0798394936654798,1.0647734868103778,1.0679669886592373,1.023374200366877,1.0374745064422044,1.022225135302683,0.991262577786739,0.9890401905772032,0.935478625382352,0.9188096302524097,5.0506152861035015e-05,4.900767663925596e-05,4.4201794498515947e-05,4.753622114029514e-05,3.912937572296628e-05,4.7350508077204196e-05,3.913388411587685e-05,4.313913782832981e-05,3.245656154483497e-05,3.9574534942946274e-05,3.931043281009246e-05,1.3803957115463058e-05,2.9004227323801166e-05,1.180146437839399e-05,2.410277465279048e-05,1.1644748316195248e-05,1.6917525428475483e-05,8.619963016931744e-06,1.7588259292717104e-05,1.19680726390637e-06,1.2572042718382147e-05,7.154342189412247e-07
2022-08-09,2022Q3,10:00,1.1407152454877383,14:00,1.2400393879974132,14:00,1.196085042931596,14:00,1.2861500943170787,15:00,1.3125831513780832,14:30,1.2133534921800613,14:30,1.3005613780346907,10:30,1.1407152454877383,1.0796715570678035,1.0644743973378221,1.067762612884109,1.0231192838103735,1.038342207036049,1.0228699151577025,0.9917799011648732,0.9894254186806211,0.9363594502137512,0.9195836213888947,5.6118878134364466e-05,2.097737745155962e-05,4.540932816917872e-05,1.927523113590467e-05,4.1148104772702687e-05,1.866958051395361e-05,3.6362823318150975e-05,1.6576233988949573e-05,2.8063744948429863e-05,1.4593778675369705e-05,2.2932624193166548e-05,1.0915396290937562e-05,1.9472712334551905e-05,1.0387816917858359e-05,1.6289277187827944e-05,9.81066769214345e-06,1.395664051967289e-05,9.736824416586108e-06,1.4828659785699341e-05,4.357763505525089e-06,8.81227878540869e-06,1.5151297554275396e-06
2022-08-10,2022Q3,10:00,1.1413955268138423,14:00,1.2384361764110987,14:00,1.1959602961099984,14:00,1.2865829740903179,15:00,1.3107366321897909,14:30,1.212665502603812,14:30,1.3035972522719932,10:30,1.1413955268138423,1.0802506980821371,1.06503781158149,1.0683121750781754,1.0235353179867204,1.0387447969837231,1.023206524610137,0.9920499606089718,0.9896237629265018,0.9369341838123731,0.9200655193862874,6.0034787364035375e-05,2.546085321845385e-05,4.927936042367381e-05,2.3890229753726478e-05,4.104601241388584e-05,1.6853607373879936e-05,3.467869447138654e-05,1.5279359112786736e-05,2.715342940907102e-05,1.476690100734596e-05,2.4955214335744934e-05,1.0902598007248197e-05,1.887186668947076e-05,1.0489223560663905e-05,1.6314366687569577e-05,1.0489082963445535e-05,1.556617101947164e-05,9.627800065251826e-06,1.1286676701447026e-05,9.058868516562492e-06,9.090811828497916e-06,6.8705496449009404e-06
2022-08-11,2022Q3,10:00,1.1420497623734747,14:00,1.234884958426952,14:00,1.1898113695084958,14:00,1.287550705530454,15:00,1.3059425610619648,14:30,1.2071369180452574,14:30,1.3034793079498699,10:30,1.1420497623734747,1.0808030066274856,1.0656491903420235,1.0688524315436183,1.0239165295577437,1.0392177207684867,1.023516069748553,0.9922931291025884,0.9899006976347275,0.9370837866722381,0.920245328217537,3.998390460705894e-05,2.778161375910432e-05,3.619562135601056e-05,2.5529938018217387e-05,3.273894115952353e-05,2.476244242829508e-05,3.512149955726039e-05,1.425043985616583e-05,3.279259092356716e-05,1.2439364657033804e-05,2.8023543958234053e-05,1.1714183843355764e-05,2.140068644451611e-05,1.0911648750831624e-05,1.6068678191602336e-05,1.088351784639591e-05,1.4376350931858708e-05,9.278427326398247e-06,1.3492720705599723e-05,6.485338759731893e-06,1.01124004299201e-05,3.052546941390584e-07
2022-08-12,2022Q3,10:00,1.1422240430144799,14:00,1.2363556375496918,14:00,1.190018021226528,14:00,1.2882964073677559,15:00,1.3093783913785937,14:30,1.2097662489257448,14:30,1.305206466751048,10:30,1.1422240430144799,1.08100531388936,1.0658171931389702,1.0694376017591611,1.0245513390850032,1.0397674395892327,1.0239050610668141,0.9925098766866461,0.9901387013128029,0.9374799774776986,0.9208836318810935,5.2257676859755694e-05,1.870087244831779e-05,3.451553811654867e-05,1.8612269696678866e-05,3.112659116312708e-05,1.8606904573001574e-05,2.156967573299243e-05,1.3138391967740958e-05,2.0753579629084007e-05,1.3135697899816051e-05,1.4854744973726486e-05,9.443370490241192e-06,1.1998266422630264e-05,9.431132514549852e-06,1.1504212987912077e-05,8.63668500118339e-06,1.0844239266411081e-05,8.352095898054503e-06,7.504483691215196e-06,7.521713478261302e-06,6.291705175132059e-06,5.923231897509212e-06
2022-08-15,2022Q3,10:00,1.1428760164319187,14:00,1.236094822993502,14:00,1.1887399817094075,14:00,1.2883224852808324,15:00,1.308653434559052,14:30,1.2083087770585292,14:30,1.3044723817245698,10:30,1.1428760164319187,1.0813436990131633,1.0661158396420793,1.0696587285684935,1.0247821587109762,1.0399420386390688,1.0239940493892572,0.9926304537986997,0.9902566811060024,0.9375041721308155,0.920937959065599,4.407386460987796e-05,2.5583383267782283e-05,3.827943081893784e-05,2.1206653989919202e-05,3.446337291045631e-05,2.0874416706270256e-05,2.8247701311959246e-05,1.964142649080802e-05,2.093699416022785e-05,3.6028243615371614e-06,1.9602931463636057e-05,2.933556184124259e-06,1.602126070873791e-05,1.9073214777327058e-06,1.5224395045883257e-05,1.7095609192144636e-06,1.2362295183731155e-05,1.687337787948213e-06,9.995684916792452e-06,1.6753463952016245e-06,7.564955534356204e-06,9.052670738364869e-07
2022-08-16,2022Q3,10:00,1.1431888923806424,14:00,1.2382074186691165,14:00,1.1889903975780716,14:00,1.2915087926703686,15:00,1.3106473719457965,14:30,1.207986589577803,14:30,1.3071549335382084,10:30,1.1431888923806424,1.0817042863584823,1.06643846926937,1.069871471250382,1.0253277097991091,1.0405158669209418,1.0245286277346477,0.9931866826409842,0.9907465892348732,0.9379540841468302,0.9213747884634045,3.653883641386604e-05,5.2626521326483116e-05,3.496096011293095e-05,5.029457045230984e-05,3.05152620080084e-05,4.9909140790815454e-05,2.313974885554189e-05,3.59215911517795e-05,1.6307420666669018e-05,2.976654828102852e-05,1.5736239527627035e-05,2.9586196375296156e-05,1.3364541851194496e-05,2.937270761199195e-05,9.799469464243802e-06,2.8121205047277596e-05,7.822037882619399e-06,2.5644957064080375e-05,7.2899574779524355e-06,2.5353928646185296e-05,1.2272543527337164e-05,1.1114420243027574e-06
2022-08-17,2022Q3,10:00,1.142691229534992,14:00,1.2334334278431398,14:00,1.1893437720499975,14:00,1.2835737860425094,15:00,1.3125611034154236,15:00,1.2125109707217347,15:00,1.3044518298732062,10:30,1.142691229534992,1.0812480249033283,1.0658391329973245,1.0694224882584256,1.0248784955342662,1.0399946974588472,1.0238936628251707,0.9924420581506155,0.9899417156102291,0.9370746337115605,0.9221047135746128,5.548291541804886e-05,5.577786236086889e-05,4.634807636246285e-05,5.478962323804522e-05,4.5985224810367636e-05,4.818232886652213e-05,4.127146814796613e-05,4.5611077698967724e-05,4.5640769325812857e-05,3.691557719867278e-05,3.682905127540715e-05,2.810909684205575e-05,3.688629011027959e-05,2.7452755035350255e-05,3.428490995182156e-05,2.662032632264823e-05,3.7206208828448934e-05,2.640585644280944e-05,1.657053382360226e-05,6.982267274438701e-06,1.2296094043429938e-05,3.7850224974757877e-06
2022-08-18,2022Q3,10:00,1.1425175500876472,14:00,1.235230775185586,14:00,1.1906845921429703,14:00,1.2846154844479356,15:00,1.3165561021974375,14:30,1.2103649260184595,15:00,1.3081790272434581,10:30,1.1425175500876472,1.080945854389766,1.0656976087973076,1.0692023969098825,1.025124947535996,1.040257499308332,1.0242264848342955,0.992764761430611,0.9904475801774122,0.9376092036279868,0.9226759969140184,4.8308099346088965e-05,1.974460049373897e-05,4.072395720723967e-05,1.9607544455495764e-05,3.370954475163236e-05,1.7961729193722158e-05,2.9915817965882043e-05,1.4813858613893224e-05,2.550394706396735e-05,1.4639168474411981e-05,2.27858514331827e-05,8.360655083787576e-06,1.9647940547549637e-05,8.097854756699448e-06,1.6471644221319637e-05,5.99328083358712e-06,1.2289536489278728e-05,5.985370822020283e-06,9.208186362820484e-06,5.0490820110119505e-06,6.248120578162321e-06,4.680379692821311e-06
2022-08-19,2022Q3,10:00,1.1430591459392865,14:00,1.2353019543924053,14:00,1.1912603397792967,14:00,1.2860755657096892,15:00,1.315434615369642,14:30,1.21063980059571,15:00,1.308355219466827,10:30,1.1430591459392865,1.0814033439785338,1.0660813987672535,1.0696149761274019,1.0254561726549731,1.0407448045826126,1.0246568614789848,0.9931963221329041,0.9907383004942826,0.937847653499913,0.9228011447634943,6.318128308150391e-05,1.2493517755195993e-05,5.300386796054754e-05,1.2490572711252545e-05,4.6810398902147155e-05,1.0227834314817549e-05,4.223893200251296e-05,9.858802749872058e-06,3.537588632120964e-05,9.531556440922989e-06,2.806008142788926e-05,9.463983437867576e-06,2.3388138263936057e-05,6.296079942642896e-06,2.062583952973383e-05,4.543284038621071e-06,1.710510745777805e-05,4.520469120074279e-06,1.3545392932162795e-05,3.2665571082757614e-06,1.087137784280758e-05,1.3252284812399832e-06
2022-08-22,2022Q3,10:00,1.1440874096690439,14:00,1.248122628495984,14:00,1.1927424197072487,14:00,1.2896934719124473,15:00,1.3241011184598206,14:30,1.211811783619602,15:00,1.3129965671274937,10:30,1.1440874096690439,1.0823283128952284,1.067027110733261,1.0705436264660297,1.0262637746499754,1.0413744734583714,1.0252987086930543,0.9938571113595608,0.9913152266217519,0.9384061907748508,0.923426844669127,5.633813955417323e-05,2.7542456896623178e-05,5.107312877260446e-05,1.7175033314939492e-05,4.299340467417658e-05,1.540767405911614e-05,3.7536166472246586e-05,1.2866350487648346e-05,3.237204715100861e-05,1.1605197312726769e-05,2.974004645393937e-05,1.096034247557118e-05,2.3047594555849325e-05,1.0959366479120938e-05,2.2001063896378163e-05,5.136776862391098e-06,2.035916579031355e-05,1.7284546224421154e-06,1.544576825060819e-05,1.7038058578102618e-06,1.0993038177077476e-05,4.99427661371684e-07
2022-08-23,2022Q3,10:00,1.1446091654243375,14:00,1.2508070829376463,14:00,1.198830416201796,14:00,1.295563505128417,15:00,1.325596972858844,15:00,1.216856554557053,15:00,1.3182816916948537,10:30,1.1446091654243375,1.0830887521732968,1.067726180985795,1.0712396121663712,1.026909011193908,1.042007904102622,1.0257461181019067,0.9945498386999898,0.9921671135410807,0.9391439712062609,0.9241098105786284,6.173060652625857e-05,3.615961445632731e-05,5.3751458614253115e-05,3.5880557200671686e-05,5.0945216790662754e-05,2.7718218352277287e-05,4.2785418601418154e-05,2.7682601456375264e-05,3.446665780373355e-05,2.7577519441476706e-05,3.22429710369777e-05,2.0483299055768122e-05,2.6139708405123067e-05,1.1223260248505267e-05,2.234745595400551e-05,1.091700848899195e-05,1.9588432885084413e-05,6.571065376001767e-06,1.3136410010929899e-05,4.4850581082968695e-06,9.25070122830507e-06,4.08972690877189e-06
2022-08-24,2022Q3,10:00,1.145036338145955,14:00,1.2577778466498828,14:00,1.2101786178146008,14:00,1.299181264370653,15:00,1.3348861782129768,15:00,1.2322412818004183,15:00,1.3203678696102492,10:30,1.145036338145955,1.0834370196692582,1.0682878535602351,1.0716238946782841,1.027102679835239,1.0423843596977607,1.026299984259644,0.9950207142870874,0.9927640242127316,0.9396193551540388,0.9244645203245152,4.561925043120472e-05,3.2869592893925375e-05,3.600407182089367e-05,2.6393083646558877e-05,3.1197139353108906e-05,2.6150150939444844e-05,2.5686038235306957e-05,1.58947884403777e-05,2.2508944319642957e-05,1.5481049862107942e-05,1.9813940723017118e-05,1.4972688737155554e-05,1.7545924049209453e-05,4.165841120216641e-06,1.4677937086994294e-05,2.9649873573822124e-06,1.0546749827469835e-05,1.8165859385607391e-06,9.689230494428707e-06,1.5234033409816946e-06,5.39704327783599e-06,1.4740039613610443e-06
2022-08-25,2022Q3,10:00,1.1452038488578529,14:00,1.256941193920265,14:00,1.2111685443755382,14:00,1.3018834390054923,15:00,1.3332051288428681,15:00,1.233754001555667,15:00,1.3222009122140728,10:30,1.1452038488578529,1.0836102047612821,1.0683735920742197,1.0718770091338772,1.0273107794610934,1.0425295808618469,1.0268023898043732,0.9955012755088153,0.9931633360175216,0.9400592008208446,0.9247260459495202,4.329740601408698e-05,4.88538812212666e-05,3.528088770575251e-05,4.370735483544539e-05,3.191098514558309e-05,4.3274082732028496e-05,3.271048184432422e-05,3.222381005379163e-05,2.4234869576591637e-05,3.123089625318166e-05,2.3138272521721502e-05,3.0160066595728368e-05,2.2311975160940113e-05,2.9915004564397235e-05,1.6845008902515354e-05,2.746284057784712e-05,1.2150809161184365e-05,2.5026015273900736e-05,1.1235123061966284e-05,2.49019573623708e-05,7.511327308427758e-06,2.441572335518635e-05
2022-08-26,2022Q3,10:00,1.1449386543048767,14:00,1.2519825744211515,14:00,1.208645853747545,14:00,1.2951219317866944,15:00,1.3248949325954884,15:00,1.2304679048278395,15:00,1.3099206253230486,10:30,1.1449386543048767,1.0833280970661987,1.0679974961257857,1.0718235430416665,1.0270638539021224,1.0422431926680256,1.0264845535522054,0.9950717393358732,0.9925837945092144,0.9394116112861978,0.9237509128038259,0.00019367534095841233,0.00019353321462521137,0.00010855031504599652,8.604431651549395e-05,7.905205370007304e-05,6.20203718888664e-05,5.6603804010475154e-05,4.5749286663449744e-05,4.8753451652673844e-05,4.5706640252945014e-05,4.669881091035246e-05,3.840155134832638e-05,3.502932416872139e-05,3.734080500334127e-05,2.8592882790317938e-05,3.694945433972825e-05,2.3168816833140402e-05,3.0357335100337026e-05,2.013083092652812e-05,2.809235908429189e-05,1.584638371624058e-05,2.2087521322906465e-05
2022-08-29,2022Q3,10:00,1.144355959936301,14:00,1.248790635741647,14:00,1.206650967498544,14:00,1.2897729658890273,15:00,1.3195245933833812,15:00,1.2287845475959007,15:00,1.3036861691287853,10:30,1.144355959936301,1.083685501882327,1.0683334589642368,1.0720444394264808,1.027120708208218,1.0424730838470333,1.0263599204893523,0.99473765932526,0.9922665753213393,0.9390791447810883,0.9234563975014548,0.00010434847582931555,7.660302880173451e-05,8.29587124328004e-05,7.421379262178012e-05,8.498432970281384e-05,4.702837721563123e-05,6.684810046645581e-05,4.3064226988542904e-05,5.6372103601535955e-05,3.444563895707692e-05,4.844411906106282e-05,3.3260058962189396e-05,4.339230558066674e-05,2.896334765652645e-05,3.145280117285181e-05,2.8681644792322083e-05,2.566019678099109e-05,2.5989476740288724e-05,2.1562323126480056e-05,1.9142560320095986e-05,1.4107772791430463e-05,1.7236083349836465e-05
2022-08-30,2022Q3,10:00,1.1447038165928962,14:00,1.2573954736077317,14:00,1.2049788136103816,14:00,1.2871631134594357,15:00,1.328783303562691,15:00,1.2264235807729131,14:30,1.3009453065396615,10:30,1.1447038165928962,1.0837444613482006,1.069243194470086,1.0726472817661217,1.0277794562378926,1.0429468329698324,1.0268754011601617,0.9948569414265926,0.9922607378342961,0.9392694161167068,0.9233396130404783,8.578249800366891e-05,5.959835600982495e-05,8.778724370848446e-05,4.085547054633644e-05,9.058771455245833e-05,2.0797771851978705e-05,7.880556994161809e-05,1.9721077664095983e-05,6.1432261745515e-05,1.972031688675771e-05,5.2179385629418585e-05,1.972029173652607e-05,4.5458990148897786e-05,1.6497539526380865e-05,3.5320469341184976e-05,1.1642987897954226e-05,3.496127586724069e-05,1.1168413951794663e-05,2.879249224562338e-05,1.0004562176768622e-05,1.9620049437530115e-05,9.332320481499216e-06
2022-08-31,2022Q3,10:00,1.145069410725213,14:00,1.253879257257966,14:00,1.2075040103009707,14:00,1.294047956902219,15:00,1.3167649389309768,15:00,1.227522644219828,14:30,1.3068833576916006,10:30,1.145069410725213,1.084755750408469,1.0710319752179507,1.07432681472023,1.0290704081036992,1.0440335838964607,1.0279504724906794,0.9958254599674995,0.99334672887151,0.9402980022323457,0.9240495212724728,9.487376048045652e-05,6.496741578054818e-05,9.90179132055912e-05,4.956442121782394e-05,8.009253348739348e-05,4.939919486923211e-05,6.822808230412555e-05,4.637211891018335e-05,5.3664575710572185e-05,3.359602565571833e-05,4.8610823147838646e-05,2.796007787844472e-05,3.9539531390940455e-05,2.6920795417543087e-05,3.542462675535351e-05,2.485991083207821e-05,3.1073035161915574e-05,2.4207039832452075e-05,2.412998499906947e-05,2.4115718730241486e-05,2.0344187036316343e-05,2.044443724130064e-05
2022-09-01,2022Q3,10:00,1.145495254109995,14:00,1.2971162293023377,14:00,1.2085568816672867,14:00,1.2939634236789856,15:00,1.388922087334466,15:00,1.2284466292374054,14:30,1.3043285402774125,10:30,1.145495254109995,1.0858063238691613,1.071742498848912,1.0748623966104918,1.029668520732318,1.044700541024273,1.0283973530224124,0.9962603088295763,0.9936659561356368,0.9403750137269616,0.9241431120970678,0.00010513283980730171,0.0001448557003935163,8.161781028061409e-05,0.000144504144340954,6.951110184993566e-05,0.00011041838721689402,6.364586614595236e-05,0.00010845979353789357,5.386675950520203e-05,0.00010784416047381419,5.0276467345981865e-05,0.00010559877105501091,4.1498827668026354e-05,9.882458625241865e-05,4.5462422037746255e-05,6.592952172152573e-05,3.562170647315336e-05,6.165699618496828e-05,3.2264052957511384e-05,3.566096405650797e-05,2.3563259253137012e-05,3.5592790639518246e-05
2022-09-02,2022Q3,10:00,1.144234951095734,14:00,1.2809361230495562,14:00,1.2024785861010385,14:00,1.2792948326334528,15:00,1.3552178097321799,14:30,1.2253469842849192,14:30,1.2993385208235317,10:30,1.144234951095734,1.0840643538849828,1.0704699204230244,1.073327243976329,1.027883307051281,1.0426458528587474,1.0261411937609821,0.9954383264429593,0.9925042117048176,0.9403078425808074,0.9235433490824528,0.00010380617700612807,0.00019084179853691847,8.321908286001761e-05,0.00015843936774052287,6.721131105652708e-05,0.00015843687686337152,5.415160502608422e-05,0.00015672200155042573,4.5302359605365194e-05,0.0001562592276001038,5.98188272454287e-05,0.00011384379112644112,7.394218986985792e-05,8.788218793802523e-05,8.717105885216658e-05,2.7952437407982802e-05,6.523182302875055e-05,1.9982765828635953e-05,4.004687320537312e-05,8.871140976466276e-06,2.5373193375268014e-05,1.5431585033070944e-06
2022-09-06,2022Q3,10:00,1.1418695459332573,14:00,1.3371183039572778,14:00,1.2088278044530596,14:00,1.2925282157531772,15:00,1.4000265702916905,14:30,1.2294003141544663,14:30,1.3100362935646808,10:30,1.1418695459332573,1.0820232013427127,1.0678123949356289,1.0700342264387408,1.0243003883853994,1.0406387719043593,1.0255339702415989,0.9978480592644504,0.9945589850742318,0.9419831427931962,0.9250827241006915,0.00011798334404871534,0.0001619583839014342,0.00010679896836294557,0.0001501409934250578,9.137167442806796e-05,9.765412363989399e-05,9.233019386059705e-05,8.99005117015635e-05,7.78619199292283e-05,7.858476249061942e-05,7.457859179531772e-05,4.424786005921949e-05,6.708668844622215e-05,4.255860226430595e-05,6.420659785357778e-05,1.4043144861687244e-05,5.062076864019589e-05,9.637487204136968e-06,3.778822457127821e-05,6.3670977933492905e-06,2.696905753048594e-05,3.1795944912903926e-06
2022-09-07,2022Q3,10:00,1.140491765950948,14:00,1.3501890659164022,14:00,1.2136047803145442,14:00,1.3053590252025755,15:00,1.4183585592158765,14:30,1.2317473702847064,14:30,1.321122849600135,10:30,1.140491765950948,1.0807445307951449,1.067478305423862,1.06992289032158,1.0242187937256841,1.0416099160269443,1.0264092087758558,0.9998849976139902,0.9964154715428488,0.9436623829591374,0.9266269034029948,0.00010916341913277018,5.5237523054065256e-05,9.508441804866265e-05,5.333577091400538e-05,7.986034766735469e-05,5.183628108732804e-05,6.27159618846398e-05,4.392603683168821e-05,6.250847836144044e-05,4.3880645536506845e-05,6.0907072513634506e-05,4.212517096480246e-05,5.246478998549987e-05,3.2677770773277023e-05,4.301712282050631e-05,3.2676685065437006e-05,3.484462283677944e-05,1.285793656883692e-05,2.6280316765041358e-05,9.83758868693777e-06,2.009937731511082e-05,7.157996588564459e-06
2022-09-08,2022Q3,10:00,1.1414407092406123,14:00,1.3495228388494318,14:00,1.216169594405606,14:00,1.311471417734921,15:00,1.415688973521128,14:30,1.2333880380881197,14:30,1.3261878016018338,10:30,1.1414407092406123,1.0816036756667722,1.0681124182899846,1.0703749415759307,1.0247624901185617,1.042188693894052,1.0271149198190999,1.0003042254486583,0.9974116712273624,0.9445597303263151,0.9274919585948311,0.00010405715957257963,0.0001483827391549108,8.182325157857731e-05,0.00014712590475774974,6.225150333447596e-05,0.00012073799776016699,5.4490167417908735e-05,0.0001196108418757697,5.115697979327251e-05,0.00011586916873192814,7.157800152327476e-05,4.457904796363351e-05,5.0986407523925897e-05,2.5766114392782505e-05,4.1509082595428935e-05,1.563800554996528e-05,3.725607337723536e-05,1.5418640008869558e-05,2.493178044728384e-05,1.4744060874644936e-05,2.5174446670639403e-05,1.1695176860255176e-05
2022-09-09,2022Q3,10:00,1.140102267285063,14:00,1.3599280079786653,14:00,1.218788951486876,14:00,1.3172699506251904,15:00,1.4348371657279262,14:30,1.2342821804261188,14:30,1.328299076869954,10:30,1.140102267285063,1.0798357215374328,1.0663930277169547,1.0682672892804614,1.0226781035701789,1.0430411110579283,1.028028498456115,1.0013518673615853,0.9984001539328594,0.9451402900508323,0.928411610464646,7.892050813823094e-05,2.5595864468609894e-05,7.137002398967959e-05,2.175095020897299e-05,6.242496560661841e-05,1.7833995906770097e-05,5.688978555222914e-05,1.6773543597994858e-05,5.003264935247741e-05,1.668463116031862e-05,5.0809777393434566e-05,1.2603983803047775e-05,3.5030028201322627e-05,4.74516927009857e-06,2.60646711100105e-05,4.024282438467535e-06,2.257879405823425e-05,3.681728131853703e-06,1.631504607992128e-05,3.0239906287770334e-06,1.3248067628737367e-05,2.8655762904183444e-06
2022-09-12,2022Q3,10:00,1.1411210138845478,14:00,1.3642911733525778,14:00,1.2215026904348154,14:00,1.3233637546998442,15:00,1.443531431783474,14:30,1.2360673902981456,14:30,1.3330210842923156,10:30,1.1411210138845478,1.080930192622746,1.0675112839374925,1.0693836899002331,1.0236944503068972,1.044318714258569,1.0291516377502685,1.0022441850100559,0.9992541030788803,0.9458500785259346,0.9290910944192552,6.658447379929683e-05,4.499299663183509e-05,6.001161293256763e-05,4.430206973858159e-05,5.72752223235334e-05,3.858533911595737e-05,4.6440734500953375e-05,3.6279707956050916e-05,4.984292146473469e-05,1.712358905159829e-05,4.570929164923775e-05,1.6355575800045734e-05,3.522163485113534e-05,1.3897463340332657e-05,2.5184401140877586e-05,1.089348567500926e-05,2.2454727190882426e-05,1.0889478929028973e-05,1.9341843708396716e-05,4.149797557454449e-06,1.3143026710743029e-05,3.071843658712429e-06
2022-09-13,2022Q3,10:00,1.1414329136557035,14:00,1.362671186686927,14:00,1.222724842517197,14:00,1.3261486844032881,15:00,1.441546370533652,14:30,1.2377472952213113,14:30,1.3383758233081173,10:30,1.1414329136557035,1.0812070392426272,1.0679252552704566,1.069602433483396,1.0246900478019112,1.0452893152065876,1.0299304566231509,1.0028216589425045,0.9997766779870937,0.9466630592915013,0.9297512830565393,0.00013241317844092554,8.555853544027812e-05,0.00010247477931325349,8.157319256952348e-05,7.66281662386274e-05,6.220428650072289e-05,6.655217371266598e-05,6.134176323109446e-05,5.6613848737132274e-05,6.114185500015183e-05,4.797173565491717e-05,6.076938302048619e-05,4.136337869230996e-05,6.017563540186941e-05,3.5575454531595634e-05,5.325402851873799e-05,3.080141518342454e-05,4.6786552170383034e-05,2.600830235455265e-05,3.784773929038782e-05,2.630698890515832e-05,2.614895028898229e-05
2022-09-14,2022Q3,10:00,1.1421428440318224,14:00,1.3316738646672925,14:00,1.2176586102895477,14:00,1.3153879981770744,15:00,1.4054428796889524,15:00,1.2358724466821107,15:00,1.332185969748701,10:30,1.1421428440318224,1.081532444250821,1.0681873138235318,1.069629311401408,1.0245043761656623,1.044763214255029,1.0291647343693449,1.0021015407189688,0.9990568900212946,0.9461462073425775,0.929879074787769,0.00013118555178725258,0.0002130723243228514,0.00012885484547283483,0.00015600957373759053,9.486045187391721e-05,7.819307748951638e-05,8.904893300268406e-05,7.267608221118722e-05,7.750484184397694e-05,7.26169225485856e-05,7.174208896965012e-05,7.193844206260756e-05,5.273340539528405e-05,6.633142199568166e-05,4.4554072979454735e-05,6.581130107678935e-05,5.332081199325637e-05,4.3897346760621055e-05,4.101133386186408e-05,4.3891128256447845e-05,2.8493430937783362e-05,4.243596619714982e-05
2022-09-15,2022Q3,10:00,1.1398613630407646,14:00,1.3143943146546095,14:00,1.216644356044688,14:00,1.3138716480368742,15:00,1.3741563995919677,14:30,1.2313018789648988,14:30,1.322639186414273,10:30,1.1398613630407646,1.0806268501279679,1.0684780030371894,1.0699518045342844,1.0245997570600784,1.0446479021881174,1.0285891659052417,1.001239652454349,0.9994825163288621,0.9461191088400681,0.9291784733546355,9.966293208779648e-05,0.00015821925442887136,9.378175840020184e-05,0.00012578855169016796,9.121418282063993e-05,0.00011006421234235883,7.906526597207453e-05,0.00010521234201370976,7.04819299512109e-05,9.434276098240361e-05,6.902583542652108e-05,9.361665964923636e-05,5.685753401760307e-05,7.851272891869194e-05,4.925118021203219e-05,5.367830428828858e-05,4.744508256614726e-05,4.406444492344322e-05,3.762185805600247e-05,4.157805679652388e-05,3.054794669129097e-05,3.112734873372635e-05
2022-09-16,2022Q3,10:00,1.1382255841465931,14:00,1.3150772394517323,14:00,1.2154728877171892,14:00,1.3103025160875252,15:00,1.365787950563622,14:30,1.2290724859969206,14:30,1.3162584699090722,10:30,1.1382255841465931,1.0796723343022505,1.0678032411640301,1.0689994549322366,1.0237987177870296,1.0436799227308708,1.027706112771077,1.0010590221522577,0.999635263241868,0.9460292060298932,0.9292820831566134,0.00016747849041651394,8.712616492727768e-05,0.0001448360965588792,6.614829973841153e-05,0.00013553537455681533,6.298094528997718e-05,0.00011498943274155195,6.295333352450713e-05,9.517165719199185e-05,5.9034759210029165e-05,9.251563896932034e-05,3.4302105407641706e-05,7.151046840607197e-05,2.4978980125905133e-05,6.605917670352453e-05,2.2738212699116473e-05,6.128982770626285e-05,2.2571405411683473e-05,4.7600474637456716e-05,7.094652642654789e-06,3.559844569768012e-05,4.991544311089958e-06
2022-09-19,2022Q3,10:00,1.1396080184098896,14:00,1.3251299398308471,14:00,1.2200714570943414,14:00,1.3211695820034015,15:00,1.3735585702465885,14:30,1.2337096031909778,14:30,1.3308916795675307,10:30,1.1396080184098896,1.0813324898962986,1.06954657764505,1.0703525706010795,1.0248594417265446,1.0455858913435039,1.029398231664383,1.0027978222033693,1.001371562472684,0.9481706877061189,0.9312553517629959,0.00012099435260130335,6.88359655230676e-05,0.00010089391972677172,6.440819342737129e-05,8.744696426860065e-05,6.272324971581311e-05,8.015691871491584e-05,5.61347856370616e-05,7.558521814171345e-05,5.290925137391832e-05,6.930121356874088e-05,5.2893145292726475e-05,4.6504720677553564e-05,3.684285731127062e-05,4.122890226592494e-05,3.680641423831214e-05,3.613497131664151e-05,3.426838253083696e-05,3.064972173568966e-05,3.390248732808012e-05,1.9801339338849042e-05,3.099501773915048e-05
2022-09-20,2022Q3,10:00,1.140467908367557,14:00,1.327778418801057,14:00,1.2187701511334423,14:00,1.3180404487380137,15:00,1.3631497471044236,14:30,1.2314536071736744,14:30,1.3255110745842305,10:30,1.140467908367557,1.0820380406738381,1.0700655891220647,1.0709211685740259,1.0255107505647705,1.0460554353457585,1.0297144779767677,1.0029710374177923,1.0014530180454584,0.9480924956792857,0.9306788527053094,0.0001157345904904613,6.68488911415266e-05,8.943220928878526e-05,6.678941818216351e-05,7.266043849174602e-05,6.349771933417505e-05,6.743522504398572e-05,6.348589380953618e-05,5.6449053681013574e-05,5.51865985465104e-05,5.452573141240177e-05,4.7502035084612706e-05,5.254583966512738e-05,4.6323551573580765e-05,5.856740962284622e-05,2.9923908800032412e-05,5.5513850096624295e-05,1.930373703825717e-05,3.8586856271097e-05,7.409204863298788e-06,2.981898225835997e-05,5.181254248435333e-06
2022-09-21,2022Q3,10:00,1.1412650260162247,14:00,1.3298068575379154,14:00,1.227266384141012,14:00,1.3283808555848406,15:00,1.3623951764460105,14:30,1.2356730715406885,14:30,1.3365379731776237,10:30,1.1412650260162247,1.0824250027120415,1.070185546644867,1.0709055274666082,1.025506324726067,1.0462174062021987,1.0298928089305757,1.0041147231906755,1.0030713441950592,0.9497419489908182,0.932268397108338,0.000440321633649312,0.0007488806134891227,0.0004408055203177447,0.0007428046745946792,0.0004415100345318029,0.0007327606531409599,0.0004364136183785752,0.0007327066753357702,0.0004349414653518798,0.0007324212929900029,0.0004452010962859562,0.0007313306247743973,0.000471331310076054,0.0007293909251175858,0.0004621026377790105,0.0007293845221525932,0.0004837611282426132,0.0007218796083781956,0.0003036576992194579,0.0005439221734633667,9.480371329724818e-05,0.0003412791796830245
2022-09-22,2022Q3,10:00,1.1330269461264133,14:00,1.2361253815280266,14:00,1.177387344980463,14:00,1.196321001163876,14:30,1.2586079003767365,14:30,1.1950009792174867,14:30,1.2064423642920183,10:30,1.1330269461264133,1.0743707604859605,1.0616244625373943,1.0612584632290343,1.0160923219496674,1.0357582092672675,1.0198627730770744,0.9935964604427725,0.9926580032244513,0.9389218291123173,0.9183666967220547,0.00016763248193095228,6.909462454156271e-05,0.00013345688196234084,6.603485437701079e-05,0.00012272549555436985,4.9762973945718476e-05,0.0001088970819357283,4.945644784541382e-05,8.89484891966613e-05,4.9200869365107826e-05,7.641572527776091e-05,4.6791747023913946e-05,6.484837245906192e-05,4.670949091062995e-05,6.089722299081066e-05,4.630662020223591e-05,5.091940701055575e-05,4.432676610253613e-05,4.1853389082072754e-05,3.364371744431203e-05,3.182866380127222e-05,2.4303231879409683e-05
2022-09-23,2022Q3,10:00,1.1348008903800544,14:00,1.2507541784711338,14:00,1.1763672902865656,14:00,1.1957354952655406,14:00,1.2596254968595137,14:30,1.1940643209564696,14:30,1.2071797040210435,10:30,1.1348008903800544,1.0757548682330635,1.0633684861998522,1.0628190153919563,1.017250573275711,1.0366705855099756,1.020478572118813,0.9941747617303461,0.9929571778195203,0.9394425417595982,0.9189576571185941,0.00018020195345500075,0.00017318812328106673,0.00014061610737903268,0.00016685795378341023,0.00013060196736056895,0.0001555764958849237,0.00011347579650734792,0.00015486159732540545,0.00010835641346003661,0.00014856786600925622,0.00011040799642791646,0.0001268284733591715,0.00010321962308881826,0.00010972517646906517,9.413798390859224e-05,0.00010466504263162058,9.983467922798044e-05,0.00010356143773934073,7.27236036972541e-05,8.927250823260407e-05,4.9159931168823785e-05,7.639207359562109e-05
2022-09-26,2022Q3,10:00,1.1344777333283045,14:00,1.2389958605598914,14:00,1.1726410970234804,14:00,1.1891917577415196,14:00,1.2479459634751056,14:30,1.1894261091345544,14:00,1.19778209202472,10:30,1.1344777333283045,1.0748971149502093,1.0625026991537492,1.0614110299165298,1.0159843827942268,1.0359856052921963,1.0201666370494291,0.9937910747077476,0.9928281326458309,0.9388798261541038,0.917656233960255,0.0001831604656927224,0.00018768368377770976,0.000141923232574986,0.00017314631294515232,0.00013507579406447606,0.0001601528982979561,0.00012573120281232178,0.00011209086753888865,0.0001115727151272595,0.00010682586876964301,0.0001163222132825742,7.189729044027308e-05,9.554952336262359e-05,6.574740584356429e-05,9.934998227934135e-05,3.7626682558209845e-05,8.624184096544002e-05,3.682848725923955e-05,6.28951545122137e-05,3.45661922279639e-05,4.712685690018658e-05,1.3933405863869628e-05
2022-09-27,2022Q3,10:00,1.1338910124216095,14:00,1.2465433940617479,14:00,1.1808400454563073,14:00,1.2007764930971543,14:00,1.2528534093405064,14:30,1.1957146116423394,14:00,1.206854835859959,10:30,1.1338910124216095,1.0739259508567023,1.0616340586807955,1.0615965773128684,1.016074067483376,1.0373424780559668,1.0211791357854372,0.9961846060158474,0.9949634847686769,0.9404144639009931,0.9197784280743386,0.00016623909309420123,0.00018736693209213517,0.0001525910297307495,0.0001691067149528877,0.0001194162306958501,0.00015340800907299735,0.0001398867919899799,7.850482989826435e-05,0.00012084190758491027,6.987770584367529e-05,0.00012170564904439789,4.347610616709148e-05,9.362299242716293e-05,4.110760865536988e-05,9.08147122344688e-05,3.5950592564911276e-05,7.285401154062476e-05,3.5517614086752496e-05,5.3350609259088556e-05,3.388660460442016e-05,3.6828074914079796e-05,7.563455215719317e-06
2022-09-28,2022Q3,10:00,1.1329833170099513,14:00,1.2442861722179315,14:00,1.1841168851270882,14:00,1.209030747449521,14:00,1.2485642590415198,14:30,1.196562848413682,14:00,1.2131876195786688,10:30,1.1329833170099513,1.0732906216252223,1.060562525644554,1.0631460650879583,1.017541765275861,1.0398234557323442,1.0230127341158874,0.9983064789496089,0.996573594997127,0.9414956350338798,0.9216235589383349,0.0002081563005833004,6.600892174285477e-05,0.00015726545995350762,3.4696644933315826e-05,0.00014353265900370591,3.439804545099676e-05,0.00010943755821983893,3.066072627346382e-05,8.801959574533788e-05,2.2292054635716913e-05,8.206604440776876e-05,2.2284560674856086e-05,7.376221619178677e-05,2.0480244824613152e-05,6.337206923828771e-05,1.9422360478544724e-05,5.2098358477177326e-05,1.7319911806318103e-05,3.939713704370201e-05,1.7182904936709188e-05,2.905512011954977e-05,1.418116469593098e-05
2022-09-29,2022Q3,10:00,1.1355994163152934,14:00,1.2429966665689705,14:00,1.187822069637301,14:00,1.2175985608758,14:00,1.245403184104102,14:30,1.198247829062181,14:00,1.2199559061256362,10:30,1.1355994163152934,1.0759165961913348,1.0632004989561432,1.0652498941388684,1.019464506801443,1.0417294335863148,1.0248863644165236,1.000001995965678,0.9980676799563005,0.9426631809143187,0.9226101017203343,0.00018671639480401887,9.538606769926645e-05,0.0001532969390992761,8.064074118110538e-05,0.00013257927379013335,7.616493666478305e-05,0.00010858311088456073,7.603929588717579e-05,9.340014643768558e-05,6.257816057476987e-05,9.063581050945307e-05,5.1609297955609404e-05,8.312080843746383e-05,4.959071882552083e-05,6.53503461730792e-05,4.7316104045352174e-05,6.663225544958646e-05,3.4901931728496836e-05,4.631792772110691e-05,3.452566713541393e-05,3.701725829386014e-05,2.990920094345825e-05
2022-09-30,2022Q3,10:00,1.1371343182479436,14:00,1.2507411353930553,14:00,1.189832018823498,14:00,1.2242443145604063,14:00,1.251455279085427,14:30,1.1975224354256573,14:00,1.2249433291929508,10:30,1.1371343182479436,1.077369695181692,1.0644696670873461,1.0660035023098549,1.0203340985464158,1.0429207548699428,1.0260301562714709,1.0006959415636492,0.9994293494107968,0.9433544705074332,0.9231905552652266,0.0002407380608986428,0.00016383141221716104,0.0001897809956541976,0.00016383141221716104,0.00015102472215407749,0.0001553758744202881,0.0001142614099163445,0.00014402863501302305,0.00012151501091220589,0.000101687507801459,0.00011398335523217334,9.970144950850579e-05,9.95919344098846e-05,9.930535241698115e-05,8.898563050038632e-05,9.930202509741864e-05,8.452736560635324e-05,7.673715462516518e-05,8.225489016556152e-05,7.619767877433417e-05,7.912686619705526e-05,6.122620302178245e-05
2022-10-03,2022Q4,10:00,1.1381967762363459,14:00,1.2400088774501867,14:00,1.1890240521148365,14:00,1.2216773191037167,14:00,1.2403019303986258,14:30,1.196380414786886,14:00,1.2219660397305727,10:30,1.1381967762363459,1.0776585639846896,1.06411761324737,1.0649346664380892,1.0208542241869585,1.0432428913262306,1.0259490432412373,1.000297833457491,0.999763724508318,0.9438731914188623,0.9245777261504848,0.00015317716017421227,0.00017798041210290703,0.00010413964184803368,6.914850075445667e-05,9.354138334621997e-05,6.914723439482139e-05,7.991811212254821e-05,6.659176975666246e-05,7.896063019521484e-05,5.6493849206866695e-05,7.047438684714299e-05,5.6472769118787996e-05,5.979769104304478e-05,5.439936766911513e-05,4.2416008546380226e-05,4.6452334368544986e-05,3.533061989581118e-05,4.53902008032662e-05,3.056973066114306e-05,2.0130338576081033e-05,2.0823640065390314e-05,1.7095994214116536e-05
2022-10-04,2022Q4,10:00,1.1372360204809293,14:00,1.2792376068113647,14:00,1.1865484353635,14:00,1.2162005668373597,14:00,1.2800880421268026,14:30,1.196650808771437,14:00,1.2170090952195671,10:30,1.1372360204809293,1.0783022114502017,1.0646058668852796,1.065179219858548,1.0214766688908887,1.0436144930031765,1.0260894719731952,1.000142854363907,0.9993356431062156,0.9444511247715903,0.924885300566395,0.00011114538568718256,6.049289299852973e-05,8.922139299229332e-05,6.034526348630442e-05,7.055303136959659e-05,5.158155021574734e-05,6.232879302433193e-05,5.151726290779486e-05,5.584615339855051e-05,5.0710226030221375e-05,4.2150947664612305e-05,5.011895452479471e-05,4.91441620516654e-05,4.174508427248524e-05,4.762364555142068e-05,3.6628356839551406e-05,3.610108352946191e-05,3.0296411804741907e-05,3.1864074429640096e-05,2.7047636041421043e-05,1.9702869135016245e-05,1.1897400035458882e-05
2022-10-05,2022Q4,10:00,1.1380587169713885,14:00,1.2777262932506968,14:00,1.1861562550022704,14:00,1.215997124878732,14:00,1.2782587394131288,14:30,1.1961491470121541,14:00,1.2165038476456425,10:30,1.1380587169713885,1.0788263079022695,1.064987928751408,1.065381422496219,1.021594816626394,1.0432886034167856,1.026311409289211,1.0005627994288437,0.9995834597910306,0.9447663552172989,0.9254182182377398,0.00012723023264146034,0.00013597346653130402,0.00010189066803580963,8.313799777565566e-05,8.677590660214714e-05,8.267721746348162e-05,7.410056168884325e-05,7.249162869982928e-05,5.961059338043518e-05,7.041528191701263e-05,4.9783613329160186e-05,5.519875726234754e-05,4.243844890105043e-05,5.114905403985957e-05,3.99704591129368e-05,3.666001708300027e-05,3.195862624182852e-05,3.1850654278735494e-05,2.694484194925853e-05,2.2468174944115918e-05,1.821959491937437e-05,1.9602119181120288e-05
2022-10-06,2022Q4,10:00,1.1375256131051685,14:00,1.27823904129004,14:00,1.1850946448958786,14:00,1.2141448385263502,14:00,1.278765111269443,14:30,1.1955679910462471,14:30,1.2152011993410443,10:30,1.1375256131051685,1.0790905643665063,1.0649568595064522,1.0652966605698981,1.0212357172275779,1.0430385574434577,1.0259583356403477,1.0006883317072566,0.9995886109381881,0.9450512724201131,0.9254230787710436,0.00012622082260038158,0.00015125252335900267,0.00013101421883075112,0.00010618557138424141,9.423048997045319e-05,5.403022490046462e-05,8.641399698364899e-05,5.401125962201335e-05,9.031711278554492e-05,3.331634700889365e-05,7.34092442048948e-05,3.139084097826288e-05,6.78470807288908e-05,3.107978186113768e-05,5.828956184622741e-05,3.0437400181308925e-05,4.962250714345164e-05,2.9544608367521948e-05,3.8456362916477854e-05,2.2072866654287158e-05,3.121169677178296e-05,1.575269006592531e-05
2022-10-07,2022Q4,10:00,1.1366402140129128,14:00,1.2800495403612218,14:00,1.1866015331059192,14:00,1.217917019762369,14:00,1.279485137077289,14:30,1.196358478626852,14:30,1.2188632725629163,10:30,1.1366402140129128,1.0794456585118686,1.0658502299544537,1.06607732660494,1.0228742401422037,1.0443401580940632,1.027219508749609,1.001749080659679,1.0004411174992012,0.9459271543977682,0.9264398788492617,0.00017085272316255158,4.5383878806954686e-05,0.00013768923036538424,4.2648582630299586e-05,0.0001102107424774406,4.2263538614318055e-05,9.808398416896856e-05,3.95496428496672e-05,9.142617681149569e-05,3.7436692375469524e-05,7.518830193533494e-05,3.0322720673165017e-05,7.041375412697688e-05,2.8372462662042865e-05,5.861154678846749e-05,2.8355165563910423e-05,5.2327600487746626e-05,2.6997624972921714e-05,4.3255404223386105e-05,2.2857717475643375e-05,3.4915039678627646e-05,2.2820709079583324e-05
2022-10-10,2022Q4,10:00,1.1389422098552853,14:00,1.2916780208280123,14:00,1.1890368885457157,14:00,1.22327055950514,14:00,1.289725065552661,14:30,1.1978076525340646,14:30,1.2236637659627594,10:30,1.1389422098552853,1.0814246316138572,1.0674352632132547,1.0675875437041478,1.024419098339506,1.0457317431099666,1.02866541732571,1.0028991285663482,1.0015142415445841,0.9470027741665109,0.9272806313470707,0.00011986293917784286,0.00013973707159437251,0.00010065617741913001,0.00013352704947550075,9.085628082510552e-05,9.230880358601549e-05,7.524873137564804e-05,9.207160922028878e-05,6.951818194617038e-05,9.03901762979039e-05,6.459818148483639e-05,6.578147585866358e-05,5.456623539328437e-05,6.231413071821341e-05,4.56031107576308e-05,5.9382778688819095e-05,4.2974130733491624e-05,1.0091558610143997e-05,3.338313372486187e-05,3.4831277894438902e-06,2.4727388730527953e-05,3.4814100984467966e-06
2022-10-11,2022Q4,10:00,1.1381859187647314,14:00,1.299807457774258,14:00,1.1928860637452512,14:00,1.2317720150724,14:00,1.296040194031962,14:30,1.2007568980948555,14:30,1.23256197352394,11:30,1.1381859187647314,1.0804828355286151,1.067248938973523,1.0669667073757831,1.0237498231701596,1.04559799825004,1.0283321045780518,1.0023691458478046,1.0029067491576602,0.9484983129150266,0.9285927337600592,0.0001278961342705227,0.00018683703695057539,0.00010333072557097181,0.00018647251387821708,9.23748471168438e-05,0.000181983365613744,7.55717294887686e-05,0.00015730319459610038,6.0766578726458805e-05,0.00014155581135648872,5.373478914468308e-05,0.00013947755837797064,5.252442454479622e-05,0.00013328267084469121,4.574809182876084e-05,0.00012881478833826917,3.8171550190248095e-05,0.00012691479678985794,2.669308693232172e-05,0.00012402071271061274,4.1571711437110645e-05,4.5661772992174794e-06
2022-10-12,2022Q4,10:00,1.1365602208619823,14:00,1.2772618135778622,14:00,1.181419958392044,14:00,1.1997536539240339,15:00,1.2847386567801076,15:00,1.2017246398065735,15:00,1.2362805712375102,11:00,1.1365602208619823,1.0783781159079338,1.0647880682616921,1.0644916292566975,1.0213194992124657,1.0426722201432859,1.0253904995213405,0.9992175515386685,0.9991514750588529,0.944005268371798,0.9308704627981962,0.00016806726107944402,6.292695853327753e-05,0.00014941428454571425,6.135486700137561e-05,0.00012967231602029901,5.915306151627597e-05,0.00011238902897847527,5.3426109390625274e-05,0.00010589492291467176,5.1536019875028295e-05,0.00010007713785350434,4.3980572770159734e-05,9.297227153046253e-05,4.2809790054159616e-05,9.003564640358492e-05,4.209487124926025e-05,9.384037666699013e-05,3.88681720015598e-05,4.8624606849862124e-05,2.3130442744463945e-05,3.0169104800447944e-05,7.962487434877012e-06
2022-10-13,2022Q4,10:00,1.1384097794912258,14:00,1.300955228414128,14:00,1.1858756896070781,14:00,1.2125512627984762,15:00,1.318322149667725,15:00,1.203914141553305,15:00,1.2455285186421339,11:00,1.1384097794912258,1.080160993943678,1.0663970891065364,1.0659787847420528,1.0228553916137362,1.0443921902178357,1.027095675426557,1.0010281557538625,1.001465657288694,0.945327325450906,0.932258275215956,0.00020268037042802528,0.0005649497114850339,0.0001800702129153586,0.0005648263040614745,0.00014847008545725555,0.0005439431662349494,0.00023515522539426767,0.0001993569122154393,0.0001735950819108766,0.0001508936649791175,0.00014886944457912011,0.00013551443804574558,0.00010776944485275712,0.00011615646788889152,8.8004178599102e-05,7.495420274493931e-05,7.617588308403727e-05,7.456026883740528e-05,5.9067850284114604e-05,5.921853960929904e-05,3.831494308631386e-05,3.7749485829757653e-06
2022-10-14,2022Q4,10:00,1.1300621205660524,14:00,1.3013822740320091,14:00,1.1852255071855138,14:00,1.208728491069294,15:00,1.3307562177408667,15:00,1.2095440208941488,15:00,1.2607353124083256,11:00,1.1300621205660524,1.0710615533086627,1.0561185949237313,1.0665821584781885,1.023408186131748,1.044624009753601,1.02669651401485,1.0015163928923543,1.001528833724573,0.9454792226787645,0.9343797624187559,0.0002824349243319147,0.0002523921116474544,0.00023129696462445266,8.858291337319166e-05,0.00018048088533260205,8.853678005912661e-05,0.00015082957388521954,8.841447614352683e-05,0.00013132317159091078,4.387396499754153e-05,0.00011289994605831057,4.377926974965801e-05,9.772719569049245e-05,4.288466967949857e-05,8.547660576786716e-05,4.2819515182757516e-05,6.817921736802495e-05,3.9225072985582264e-05,4.92311247766327e-05,1.6271683534658366e-05,4.6665915653654517e-05,1.6254586095868226e-05
2022-10-17,2022Q4,10:00,1.1300096124653227,14:00,1.303063170963618,14:00,1.1869755285411485,14:00,1.2143086865954924,15:00,1.3353985653526401,15:00,1.2124159751096544,15:00,1.272791524600332,10:30,1.1300096124653227,1.073942764130451,1.058185598359694,1.0680848095137028,1.0258864697925527,1.0467426448449417,1.0285520367494065,1.0031167750954484,1.0027386798702487,0.9471433555980289,0.9362970665998792,0.00015537393404243407,3.5490349394320903e-05,0.00011883429478991438,2.9513836300982384e-05,0.00012127952626050638,1.683915624640438e-05,9.29041901922312e-05,1.0206792537869025e-05,8.25026438256674e-05,7.795111473592136e-06,6.788505893192978e-05,7.761938377399028e-06,6.40687114672546e-05,6.976118394940439e-06,5.4596923574667005e-05,5.364050051769716e-06,4.346926791011695e-05,4.190124563506736e-06,2.6192264186261903e-05,6.662761166986036e-07,1.8011569277500286e-05,5.87854750978079e-07
2022-10-18,2022Q4,10:00,1.1321823423015736,14:00,1.3230028803337437,14:00,1.1920940658517998,14:00,1.2247242573622794,15:00,1.344305864431536,15:00,1.2161306388781372,15:00,1.280644421142091,10:30,1.1321823423015736,1.075781998514651,1.0606433905171495,1.0702640318926782,1.028022554158307,1.0486271887623768,1.0305175150459975,1.0049656784553374,1.004382592588968,0.9484000805597105,0.9373605777695819,0.0001257008161387401,0.00014317976140718706,0.00011621920866128211,0.00013502184618478883,0.00010360789843250981,0.00013374680548998015,0.00014271696050747567,7.350259354269033e-05,9.258062235336699e-05,7.119568102970978e-05,7.919806976013072e-05,6.762906299876785e-05,6.779403157582488e-05,6.549014589685319e-05,5.7445716480589196e-05,6.185564065539071e-05,4.450146699808124e-05,5.6775407370399584e-05,2.994456566755988e-05,5.66684532986398e-05,2.62648881961162e-05,1.2124057465294707e-05
2022-10-19,2022Q4,10:00,1.1314979907541096,14:00,1.3170439847770592,14:00,1.189072391764029,14:00,1.2179612692003923,15:00,1.3474580979454402,15:00,1.2169971366320567,15:00,1.2857204940476752,12:30,1.1314979907541096,1.0751708979194377,1.0597376133224807,1.0719628416653235,1.0285773301598837,1.048887755693864,1.0305280379645352,1.0047888827529918,1.0038595792037948,0.9472332067103847,0.9382674426641959,0.00015467948855997206,0.00014190667361151628,0.00011131454012453047,7.682808091530862e-05,0.00011079058347373939,5.0448158077391463e-05,8.428508612120015e-05,5.0339832514524664e-05,7.26479350109142e-05,5.001897879354442e-05,7.06564778237654e-05,3.323654288458982e-05,6.848744378250854e-05,2.5631985016061097e-05,5.779290617768314e-05,2.2964535553896646e-05,4.3839943262900925e-05,2.2207765188876006e-05,2.9724608863638617e-05,1.2319796257409971e-05,2.1596977291776542e-05,6.147413338921979e-06
2022-10-20,2022Q4,10:00,1.1313876072539213,14:00,1.3219772312120521,14:00,1.19090303326824,14:00,1.2225203532012083,15:00,1.3540491260227352,15:00,1.21856580398612,15:00,1.2921002913084423,12:30,1.1313876072539213,1.0757742112673794,1.0610935728241573,1.0727660253685938,1.0291830176075427,1.0500129758591648,1.0319769579399534,1.0060890060232448,1.0047586337163152,0.9481178805214513,0.9392304752184911,0.00010563730982469844,0.00015268225497525555,9.96377043106413e-05,8.452409255146383e-05,8.317301774562655e-05,8.422210212296455e-05,7.713688684623862e-05,6.501254982625663e-05,6.194246400198748e-05,6.499975906281939e-05,5.861675423951502e-05,3.2856186678851534e-05,5.252649845887164e-05,3.225551889977403e-05,4.864355926225895e-05,2.831030968535482e-05,3.942772271258489e-05,1.979115207190757e-05,2.864714640965737e-05,7.224388277324595e-06,2.014475859013348e-05,1.4376424685187153e-06
2022-10-21,2022Q4,10:00,1.1301330787051147,14:00,1.3224704621450603,14:00,1.1922102764186229,14:00,1.2266792869011136,15:00,1.3566369734418877,15:00,1.2202327915391673,15:00,1.3006084235794235,12:30,1.1301330787051147,1.075956887537617,1.0609473493824417,1.0729615305422908,1.0290417351125851,1.0507703233082606,1.0326387993738613,1.0068431841389371,1.0055733927914188,0.9491855647340229,0.9403738226205743,0.00017463610967211597,0.00013420315455416653,0.00015253053440155668,0.00011088146027409446,0.00014263533487080432,0.00010849964458204027,0.0001196844352028689,0.00010097732096118746,0.00010208667271023208,6.423687372371969e-05,9.635572820605528e-05,6.165205485803563e-05,6.866898586276473e-05,3.5364533109054794e-05,5.310237594012991e-05,3.535847501546311e-05,4.087848862782994e-05,2.378194232731579e-05,2.6216786466947896e-05,2.3778776580615506e-05,2.051845421175647e-05,2.3147172760630302e-05
2022-10-24,2022Q4,10:00,1.1305614006467568,14:00,1.325046430497433,14:00,1.1934850062673135,14:00,1.2298895434019732,15:00,1.3508796627567057,15:00,1.2187865974848207,15:00,1.2964489643258346,12:30,1.1305614006467568,1.0766522335742825,1.0615953769743545,1.0732605794188692,1.0300660507286639,1.0517599005942018,1.0337434240697267,1.007497032055812,1.006279953305834,0.9493639599849567,0.9402979754113832,0.00014304834102985255,0.0001380492886391117,0.00012281473612291705,7.148163768587115e-05,9.560887701427645e-05,4.248477924397834e-05,8.772013226773876e-05,4.235130361989829e-05,7.022720797613e-05,2.928442439389836e-05,5.478535972718925e-05,2.9283981004234163e-05,4.693573741106956e-05,2.8283827821182073e-05,4.262792023886846e-05,2.499744246989762e-05,3.316167230741579e-05,2.491280158320447e-05,2.232070110804289e-05,1.9400099546356856e-05,1.5966803011548958e-05,7.151564812144237e-06
2022-10-25,2022Q4,10:00,1.1303191357312574,14:00,1.3232065062336085,14:00,1.1938539756241793,14:00,1.2305839623054537,15:00,1.3513594003081122,15:00,1.219722502215791,15:00,1.2996693830606783,12:30,1.1303191357312574,1.0776103945134001,1.062783381991724,1.0743739769055,1.0312055014172643,1.0525109678896767,1.0343508895449893,1.008148072862735,1.006616657927659,0.9495547297788728,0.9408591829960536,0.00010480516735138021,3.059169317247851e-05,8.986669293732966e-05,3.0066656207281008e-05,7.294900483051619e-05,2.839443192728682e-05,5.627655564686891e-05,2.1179461238756056e-05,3.612537203095782e-05,2.0766726363582286e-05,3.300903546950996e-05,2.060224592729616e-05,3.430768279138589e-05,1.7873890334107007e-05,3.08615087840081e-05,1.7807444955462782e-05,2.410406936909418e-05,1.7807444955462782e-05,1.2718557338355176e-05,1.0436355752190337e-05,1.189422084292047e-05,9.361498984364875e-06
2022-10-26,2022Q4,10:00,1.1316246251847,14:00,1.3281476842863986,14:00,1.1933517523139818,14:00,1.2311908496355701,15:00,1.3522818946282988,15:00,1.2191766646071414,15:00,1.2996583944393247,12:30,1.1316246251847,1.0788104596619998,1.063788768452619,1.0752565361751916,1.0316236529630967,1.0528653595835706,1.0348935699375474,1.0086295639043297,1.0068735514027418,0.9496919429383731,0.9410464878786208,0.0001052926207627185,0.0001307311312633005,7.824312968114045e-05,7.061081409656606e-05,5.7524848686968453e-05,6.967143479325644e-05,5.414627136855424e-05,4.659572955651067e-05,4.648608446124256e-05,4.653825007095371e-05,4.063647685348965e-05,4.4538908575369684e-05,5.116040338288988e-05,1.9966980950758826e-05,3.6379584999341434e-05,1.1112809016974343e-05,2.602431654977658e-05,8.669914233435488e-06,2.3559461046927946e-05,1.4587260387978334e-06,1.4989109936794579e-05,5.927498332905607e-07
2022-10-27,2022Q4,10:00,1.1308337751432453,14:00,1.3365519512740685,14:00,1.194816779450047,14:00,1.2354802374346812,15:00,1.363242389512576,15:00,1.2204376413507854,15:00,1.306433067656944,10:30,1.1308337751432453,1.0788535702259052,1.0633994253373809,1.075362873129652,1.0315803937839174,1.052669831796831,1.0359390083124955,1.0095680224235233,1.0075923517640402,0.9507751489671283,0.9419222603491505,0.00011102440861972273,0.00015653824127877488,8.899052897792937e-05,8.059874352689315e-05,7.896144401348592e-05,4.703650772119495e-05,7.162769805713454e-05,4.671619861192218e-05,6.062568698384868e-05,3.7587672602694783e-05,5.116378990154543e-05,2.9196315006656318e-05,4.099021119401179e-05,1.723232100503291e-05,3.505876001370544e-05,1.7159851781017663e-05,2.7434754749354115e-05,1.2479375834436442e-05,1.9884565576433846e-05,1.2207641224052607e-05,1.4140647765608392e-05,1.0348723977395415e-05
2022-10-28,2022Q4,10:00,1.12961348233682,14:00,1.344017038493026,14:00,1.1960304436027898,14:00,1.238863401882036,15:00,1.3590881772450685,15:00,1.2203179923446728,15:00,1.3068546119815483,12:30,1.12961348233682,1.0788959598358139,1.064077888465103,1.0759246675222347,1.0322000298513443,1.0533076672736679,1.0367317391062054,1.0102288122675056,1.0082096635525604,0.9511792807164219,0.9421886821224514,0.00013271678578721108,5.513428784268696e-05,8.884519441351748e-05,4.130641692914404e-05,7.138667143970457e-05,2.1986107193678957e-05,6.433096419256569e-05,2.0771163931905544e-05,4.722047843831878e-05,1.9091092635078638e-05,3.950827732379926e-05,8.646445306473672e-06,3.4269870199002754e-05,8.476466606306468e-06,2.7361117626850034e-05,8.048671601087761e-06,1.9945373322215514e-05,7.991341799775813e-06,1.8922635495370048e-05,7.472344956691026e-06,1.6713180183183614e-05,2.543972448093064e-07
2022-10-31,2022Q4,10:00,1.1309145857026253,14:00,1.3510635355909686,14:00,1.1968769368490935,14:00,1.2417163011439716,15:00,1.3765995496009962,15:00,1.2220164288971025,15:00,1.3147876587662106,10:30,1.1309145857026253,1.0798169468743644,1.0652023062540024,1.0770266731490281,1.0329798504908057,1.0542565571996194,1.037604504062789,1.0109451052317555,1.0087033457940453,0.9517558939331554,0.9431877429854502,0.00011789179431875742,2.5848379464269113e-05,9.21180638837316e-05,2.5150683700957446e-05,7.75613403753678e-05,2.4685333621200112e-05,6.994025656084832e-05,1.4556370476600316e-05,6.422464305267568e-05,1.3951163388593442e-05,5.594262442624087e-05,1.3909705427459306e-05,4.6882669303339154e-05,1.0362645094285847e-05,3.461291970683804e-05,2.360301323244757e-06,2.752122057491187e-05,1.790634729612699e-06,2.2748371360496902e-05,1.7542626286078715e-06,1.7693217364376828e-05,1.6781700885632161e-06
2022-11-01,2022Q4,10:00,1.1325515260070038,14:00,1.3532339240328928,14:00,1.1993159915568603,14:00,1.2489767798271776,15:00,1.3691729890814777,15:00,1.2230217067844869,15:00,1.322377678902144,10:30,1.1325515260070038,1.0811673567885056,1.066402754600323,1.0784504699448758,1.034391103747323,1.0555443967714317,1.038841536040805,1.012145398968326,1.0097711150965007,0.9527845136505897,0.9441646835204098,9.386410050624038e-05,6.383666210008363e-05,6.713480069193247e-05,4.4087429000276465e-05,5.3062587906509595e-05,6.251884238376582e-06,4.5517963949690256e-05,4.408330093417705e-06,3.857810852106115e-05,4.395304237617623e-06,3.5715151056309665e-05,4.394488429906257e-06,2.936613811767054e-05,4.103505691760583e-06,2.2271899955662873e-05,3.918384135005585e-06,1.877616063477199e-05,3.7356453319797267e-06,1.274474068961762e-05,3.7356386087903746e-06,1.0920725144835062e-05,2.8859880584703465e-06
2022-11-02,2022Q4,10:00,1.1329492313879772,14:00,1.3549695465926206,14:00,1.2029207605761616,14:00,1.2530668527853297,15:00,1.372132649334905,15:00,1.2274622510709334,15:00,1.32591467019012,12:30,1.1329492313879772,1.0815717127926143,1.067488987510427,1.0795199467387324,1.0353551278173412,1.0565138220170687,1.0397009011599276,1.0128271077309194,1.0103940332340424,0.9532326735120265,0.9446615979105197,0.0003609007161754647,0.0006284384004424378,0.0003593626871633643,0.0006282227538095008,0.0003684009854543345,0.0006265967002540328,0.0003602288622644249,0.0006264710605521796,0.00036778155972784965,0.0006264184539317806,0.0003959762614654374,0.0006203368091892668,0.000391156671609449,0.0006166154621341979,0.00042543325414187304,0.0006158696937666685,0.0004257929168516646,0.0006064769670184141,0.0002767256759953264,0.0004680050160644427,7.929502947071072e-05,0.00012095765644689557
2022-11-03,2022Q4,10:00,1.1265488196324556,15:00,1.343685475672076,14:00,1.170903284071402,15:00,1.2151466637250432,15:00,1.425574966142733,15:00,1.2173399310393678,15:00,1.2892024922215084,12:30,1.1265488196324556,1.0750089738208002,1.0605556375431622,1.071361922032159,1.0275399578559183,1.048574970025671,1.031321560600505,1.0056067063129632,1.0028215715103803,0.9451525361219962,0.942556868340477,0.00013389266085389327,0.00018243556744079636,9.235379124541005e-05,9.565800549015842e-05,7.026754616035975e-05,9.07921233406754e-05,6.117536203554816e-05,6.956673200228693e-05,5.1530071336274e-05,6.956258520648178e-05,4.5677884181484305e-05,5.627356624892118e-05,3.633361835918759e-05,5.1594040951054235e-05,3.259159738396786e-05,4.406669352042763e-05,2.55945928398871e-05,4.15206200073107e-05,2.0294221737071703e-05,3.3747142904881404e-05,1.3724715587139455e-05,3.35055946502835e-05
2022-11-04,2022Q4,10:00,1.1252473194195054,14:00,1.3216771993738992,14:00,1.1680270324524258,15:00,1.20125901262653,15:00,1.4006358617078072,15:00,1.2131463550056034,15:00,1.2759203947227196,12:30,1.1252473194195054,1.0747945471567804,1.0599564501615715,1.0710178043707483,1.0269858030043235,1.0481677649777488,1.0307567461058322,1.0051806461887314,1.0021729599757943,0.9446000017891074,0.9414842944708828,0.00013359519117246457,0.00027760359973778647,8.979097499808798e-05,0.00023028237349761546,7.972792455445885e-05,0.00022453989195644962,9.877870721201354e-05,0.00017859450752191194,0.00010424468824221229,9.949706844458585e-05,8.531298218466026e-05,7.59322927568097e-05,8.302278348959105e-05,6.107743393111521e-05,6.969844582212727e-05,6.085108156646257e-05,4.8508851462933496e-05,5.9811722419952744e-05,3.8472855428465734e-05,4.420083412680078e-05,2.8360805073998992e-05,2.269397618302163e-05
2022-11-07,2022Q4,10:00,1.1220152725755101,15:00,1.317990320752217,14:00,1.1654197311295516,15:00,1.201824333313679,15:00,1.3992832482753614,15:00,1.212559464899749,15:00,1.2759522057914223,12:30,1.1220152725755101,1.0715825617111727,1.0563308129217832,1.0686454388619406,1.0270429435953918,1.0483422036506473,1.0314269650640315,1.0054900747104805,1.0017118554493216,0.9444441582028089,0.9419038799876014,0.00010887788354394318,5.854626784998496e-05,8.334723785519137e-05,5.448769609798782e-05,6.657882607463346e-05,5.013161755398094e-05,5.744002295266425e-05,4.97559682208053e-05,5.230307459447991e-05,3.2271715102199633e-05,4.3875015869150174e-05,2.6575837415396154e-05,3.3820234620193544e-05,2.6392034289696812e-05,2.4371772967621202e-05,2.378082283549375e-05,1.9371659370665406e-05,2.3052922537668303e-05,2.0215482829151757e-05,5.831863724074639e-06,1.4281749976873804e-05,5.698260075106098e-06
2022-11-08,2022Q4,10:00,1.1227952269282504,15:00,1.3132957843375912,14:00,1.1629043605202443,15:00,1.2056773278825172,15:00,1.393508295466224,15:00,1.2127971529446129,15:00,1.2793167983153688,12:30,1.1227952269282504,1.0720903098832149,1.0566425263926338,1.0687547762280003,1.027573221841926,1.048829916309198,1.0316471661034312,1.0055067570366643,1.0015619320505733,0.9451429308820484,0.9424384401660155,6.523948887509299e-05,0.0002170895403346348,5.6770980521619295e-05,0.00020445939106503484,4.846464870947691e-05,0.00019598414148100526,4.1628326900284086e-05,0.0001892303265379523,4.392531574010729e-05,0.000187709281160305,3.6779358831536656e-05,0.0001875123182276545,3.117816821940227e-05,0.0001873802973701235,5.1916444104370346e-05,0.00013896514077656766,5.14022356574555e-05,0.00013128559789715965,4.250101251539356e-05,8.346061717739523e-05,2.57286297154086e-05,3.981712756753893e-05
2022-11-09,2022Q4,10:00,1.1195840611675723,15:00,1.2943483679282293,14:00,1.1521933108578613,15:00,1.1942408221305174,15:00,1.3744327950449793,15:00,1.2084212848665674,15:00,1.2681313561239609,12:30,1.1195840611675723,1.0687997006606214,1.053029335032221,1.0646605753217144,1.0234715821701248,1.0439882128686184,1.02627044022926,1.0023407541985367,0.9983518211695703,0.9434212524672008,0.9417327442960722,0.00013141655035759533,7.838579018624882e-05,0.00010561037892007244,7.340305854321287e-05,9.906410575158254e-05,6.06643851637793e-05,7.90384345417043e-05,5.4330001647175536e-05,6.677977169190412e-05,5.4268776253662534e-05,5.8939808315691236e-05,5.045538341250807e-05,4.957830280800104e-05,5.031513436839809e-05,4.6971160576630566e-05,3.9743544780790306e-05,3.944411284031253e-05,3.039434070507339e-05,3.1378842848441055e-05,2.976529325449569e-05,2.625084589620708e-05,1.2496137439924439e-05
2022-11-10,2022Q4,10:00,1.1203683004724463,15:00,1.2859919869761232,14:00,1.1524488031491864,15:00,1.200082266178834,15:00,1.3643051620100508,15:00,1.2099548227424026,15:00,1.2731637888618526,15:00,1.1203683004724463,1.0693490585691536,1.0538296507818399,1.0652001243178466,1.0237805399433866,1.0441776372932958,1.026202284339836,1.002597613168592,0.9987161190134938,0.9435770878142378,0.942598491001421,0.0001255096867587289,8.124163713382403e-05,0.00010363065063852622,8.11908803422369e-05,8.828949705308894e-05,7.785406441816906e-05,6.900691670274115e-05,7.727818649555751e-05,5.153052560822535e-05,6.921951178283055e-05,5.440642944427236e-05,5.9438803386496024e-05,7.743303641578604e-05,4.3407581218453974e-05,5.308416621259338e-05,2.8402881202715727e-05,3.7395457171341965e-05,2.5191006224566733e-05,2.8750186139621316e-05,2.438562009706932e-05,1.7423359767764695e-05,2.1787801403201074e-05
2022-11-11,2022Q4,10:00,1.120986947522741,15:00,1.2705107319568794,14:00,1.1532681493329269,15:00,1.1955848196468224,15:00,1.34814701518721,15:00,1.2085516265077738,15:00,1.268642653279616,15:00,1.120986947522741,1.0696885322235399,1.0539714475469668,1.06486197588756,1.0232499487240594,1.0439465025323231,1.02728955936894,1.003482626243115,0.9992055048533112,0.9438480516006817,0.9424125986589454,0.00013966083768846357,8.070181882439804e-05,8.13337399520222e-05,5.7442712048215986e-05,7.022735163034243e-05,5.435009553890993e-05,7.67450629847667e-05,3.071483966907226e-05,5.667338758729659e-05,2.6481304839477e-05,4.573066421781921e-05,2.3089554024357267e-05,3.754501938260947e-05,2.271157780155295e-05,3.1902194889209914e-05,7.448375916529248e-06,2.9871697019422465e-05,6.285525938260348e-06,2.281211790323983e-05,3.7245785576315185e-06,1.538955096197581e-05,2.6210048768108844e-06
2022-11-14,2022Q4,10:00,1.1218681075115047,14:00,1.269076251801756,14:00,1.1554929625633297,15:00,1.201964394683889,15:00,1.3430022183955883,15:00,1.209642372103368,15:00,1.2743692544564245,15:00,1.1218681075115047,1.0700897161704226,1.0542650049200981,1.0659799302885204,1.0240609922994803,1.0445987585477416,1.0277591080894062,1.004360943743818,1.0001487487567668,0.9447587400001163,0.9431837675623935,8.540540860250944e-05,0.00010833230788709648,5.980034010476105e-05,0.00010395632879003539,5.351716108381946e-05,0.00010223065327800895,5.3028107907648116e-05,8.591523574318766e-05,4.078413263543559e-05,7.891768206109943e-05,3.607605625104381e-05,7.693948317496886e-05,3.253352384275378e-05,7.669354651536326e-05,2.5278211804216318e-05,6.474174122667526e-05,1.952511352630841e-05,6.464137225427055e-05,1.6025937974767965e-05,6.383868153572348e-05,1.4900306266514231e-05,5.7323256505538265e-05
2022-11-15,2022Q4,10:00,1.121222232697425,14:00,1.2570408563040887,14:00,1.1497957457103687,15:00,1.1743769610329287,15:00,1.325724575174666,15:00,1.2023132407485337,15:00,1.2482033161514068,15:00,1.121222232697425,1.069054182505379,1.0530372544562,1.0650032775914469,1.0229655951042558,1.0432659118313854,1.0262338142085892,1.0029351787859482,0.9983491352706269,0.9426749725408461,0.9408539024346552,9.018854728668801e-05,0.00012914855590042657,7.116013942710258e-05,0.0001291460855373735,7.266936675917063e-05,0.00011986027801612182,6.549248779983238e-05,0.00011975838140794657,4.890060442531247e-05,0.00011370088692583558,4.7814520430994015e-05,0.0001051145402514794,4.109351565399418e-05,0.00010508983133295458,8.376255376750318e-05,2.3950720923843517e-05,6.458407931550629e-05,2.3809930637368948e-05,4.3698149426642704e-05,2.7770634297732143e-06,2.9077028006300146e-05,1.977446864232843e-06
2022-11-16,2022Q4,10:00,1.120248126225123,14:00,1.2625286382236864,14:00,1.1535232948424978,15:00,1.1881824509938193,15:00,1.3255087287865055,15:00,1.2056992329925307,15:00,1.2607075017903433,15:00,1.120248126225123,1.0677108953656496,1.0518289154646625,1.0634362353303937,1.0211267506164157,1.041410755130398,1.0240417818220124,1.0050763893830814,0.9999752260870003,0.9446076409935498,0.9424727379717099,8.915975417513846e-05,2.707127524211404e-05,7.259584119434269e-05,2.705344866500217e-05,6.611798687634227e-05,2.2735456109583477e-05,5.441013890427208e-05,1.698567327877091e-05,4.600145270620486e-05,1.6945085635670556e-05,4.2432301569723826e-05,1.648253523401519e-05,4.118623788529712e-05,1.5265905542861213e-05,3.308323117198568e-05,1.4425901900674668e-05,2.8786077342931886e-05,7.15407620994347e-06,2.2019422298205777e-05,5.7343472158516765e-06,1.493921813534433e-05,4.654959877502783e-06
2022-11-17,2022Q4,10:00,1.121296948588488,14:00,1.2594655131424852,14:00,1.1555554902408254,15:00,1.193078949987102,15:00,1.3142312215960532,15:00,1.2066647390845904,15:00,1.2650606501685935,15:00,1.121296948588488,1.0685880322007955,1.052780787237634,1.0643537577319928,1.021909220518022,1.0421682825041345,1.0248804772628366,1.0057421222696716,1.0008368503379002,0.9453885238552119,0.9431001982617208,0.00010988007943854637,0.000109294792086798,8.532316057803523e-05,9.115717238984155e-05,7.34709330274841e-05,7.878759945075043e-05,6.1030182079269044e-05,7.613106686328382e-05,5.3827431842073594e-05,5.304003038172137e-05,4.55235532506947e-05,5.2981747802972065e-05,3.904994639287014e-05,4.2055459097347185e-05,3.4243442723101144e-05,4.200690716453489e-05,2.588982148362696e-05,4.1792076692581867e-05,2.1043957486142986e-05,3.5448355908685055e-05,1.6826856224648082e-05,3.541764828994157e-05
2022-11-18,2022Q4,10:00,1.1210714864416298,14:00,1.2620131552742762,14:00,1.1533261982213996,15:00,1.1799428316962075,15:00,1.3166396116888148,15:00,1.2034092567495933,15:00,1.2524381707795564,15:00,1.1210714864416298,1.068345940135173,1.05256746432143,1.06384985209256,1.0218990199339573,1.0418781605990632,1.0247476724538862,1.005455803972944,1.0002031146840336,0.9448030629098177,0.9421166323617991,8.665246961195148e-05,4.345356252419694e-05,7.403059693189718e-05,4.2122046027651004e-05,7.540022940257017e-05,3.82311151802725e-05,5.5507073184032025e-05,3.237654905736325e-05,4.822968602747168e-05,3.1339802527783024e-05,3.735804634989557e-05,2.1451962546620885e-05,3.378433014614042e-05,2.143951545675413e-05,2.8654941017572608e-05,1.6079042848424237e-05,2.5686973601823197e-05,1.1443631246632436e-05,1.881462113744534e-05,9.328310434069194e-06,1.3355840682377182e-05,8.864743662067771e-06
2022-11-21,2022Q4,10:00,1.1217459708528732,15:00,1.2876826111043451,14:00,1.1581430741553087,15:00,1.1814483901444575,15:00,1.3663670165177586,15:00,1.2110611728860816,15:00,1.2536413073303354,15:00,1.1217459708528732,1.0689269226538902,1.0533583610738402,1.0643801095432557,1.022339801214501,1.0423270997714358,1.0251346258028222,1.005902235372893,1.0007691438169057,0.945272465479349,0.9424134186040704,5.802874401991772e-05,2.1824298622790324e-05,4.811656135818516e-05,1.2097078278179916e-05,4.038240267392615e-05,1.2056945289615204e-05,3.645775373075898e-05,1.197039484467075e-05,3.5386939336684746e-05,1.0227948416914062e-05,2.9255232195296245e-05,8.89959984830333e-06,2.4083948761275282e-05,8.556291871496892e-06,2.2891110417176197e-05,1.2561339603400722e-06,1.8606225622192056e-05,9.631420426689644e-07,1.4762852672277749e-05,9.352582722139264e-07,1.039715844959858e-05,7.390486560323125e-07
2022-11-22,2022Q4,10:00,1.122342166935214,15:00,1.282247803841801,14:00,1.1594446158340042,15:00,1.1864526057837663,15:00,1.3597700440121743,15:00,1.2117605062271002,15:00,1.2581832522163507,15:00,1.122342166935214,1.0696309369740529,1.0539808904812042,1.0649769855485645,1.0230177900578106,1.0429245885095753,1.0256360209505562,1.0066753499524583,1.0014703365077395,0.9459238318446245,0.9429887130461898,4.8301193058040736e-05,2.1704040248127602e-05,4.2791498978790555e-05,1.3003179099723785e-05,3.549973895018502e-05,1.0841166659804775e-05,2.874438390640542e-05,1.022659049626748e-05,2.6072482395584992e-05,1.0170785465150711e-05,2.172153129470623e-05,1.0170628820678334e-05,2.053922217563569e-05,1.0170571874167385e-05,1.4582028442039324e-05,3.9342195983013215e-06,1.2406112772161851e-05,3.910852596080028e-06,9.4818860091463e-06,3.909946302556715e-06,7.128874964198496e-06,2.9109703136711465e-06
2022-11-23,2022Q4,10:00,1.1227674908970657,15:00,1.283633003747691,14:00,1.1602507061224188,15:00,1.1884019924121565,15:00,1.3608638631511936,15:00,1.2123743334708255,15:00,1.2599031979147113,15:00,1.1227674908970657,1.0702086916215166,1.0545221322758103,1.0654261822378364,1.023443754729611,1.0432568718965802,1.0259668840454035,1.007054982091858,1.0018076985708768,0.9461952105167741,0.9432486514671145,7.340252197565192e-05,4.851417779146694e-05,4.998920073543492e-05,4.688646241294212e-05,4.135382221295393e-05,4.658495434842124e-05,3.630474456243688e-05,4.6583746908485044e-05,5.177320840206271e-05,2.677199970163711e-05,4.790724767236816e-05,2.545069174648026e-05,4.836990021220998e-05,1.8985577621666303e-05,4.3783007080637655e-05,1.4281993042072297e-05,5.6083212119426616e-05,1.3734174896152295e-05,1.665214083959558e-05,6.97210045588542e-07,1.2396417091897366e-05,4.930693614907246e-07
2022-11-28,2022Q4,10:00,1.1231035328726446,15:00,1.2819599819505874,14:00,1.1641022582873932,15:00,1.1947341727469072,15:00,1.3580716236460455,15:00,1.2135852365325503,15:00,1.2656671040066423,15:00,1.1231035328726446,1.0702049125554456,1.0543475985452324,1.0650912668052395,1.024105932560372,1.0438948525114076,1.0269119983045554,1.0081052610767705,1.0034886900846418,0.946945614308481,0.9439560915858624,4.222240557583903e-05,3.125885655574648e-05,3.50698868265745e-05,2.9807123995543055e-05,3.190631978509463e-05,2.5845285551218326e-05,2.6231266319780973e-05,2.5844977172824196e-05,2.2873773989151697e-05,2.4981237851038463e-05,1.988421620175034e-05,2.423003158373841e-05,2.2415524472869192e-05,1.9255197334472335e-05,1.531611936757932e-05,1.9111408419919026e-05,1.6255686811828526e-05,9.072004960360746e-06,1.3342476752650139e-05,7.051081240338595e-06,7.703760624688128e-06,7.0501670337635214e-06
2022-11-29,2022Q4,10:00,1.1232297595678606,15:00,1.275941551070153,14:00,1.1644737165353298,15:00,1.194345729647,15:00,1.351606873854413,15:00,1.2131469057485131,15:00,1.2651722930377347,15:00,1.1232297595678606,1.07026822916155,1.0544521183949493,1.0650587183761868,1.0240323668249376,1.0437333687389965,1.0269983752338185,1.0079642428062683,1.0037726451906233,0.9472582714521389,0.9440182465419971,4.112123428047119e-05,8.080636227731492e-05,3.405096078315846e-05,7.005400898001231e-05,3.301554697093056e-05,6.748864500261226e-05,3.872623935069228e-05,2.2581418270680006e-05,3.069150462767247e-05,1.7014480308966316e-05,2.588531809032413e-05,1.6290439732057602e-05,2.0929723536104523e-05,1.3549700257588733e-05,1.9325706008537486e-05,7.87171873233553e-06,1.4127796625554514e-05,1.6004812329464918e-06,1.1747714738468901e-05,1.2822594939094198e-06,8.6145386685409e-06,1.2704231168152492e-06
2022-11-30,2022Q4,10:00,1.1223503681025864,15:00,1.2798183381450305,14:00,1.1657086783850148,15:00,1.1982180690175759,15:00,1.355082752683898,15:00,1.2141115771064355,15:00,1.2686836802426906,15:00,1.1223503681025864,1.069451975791493,1.0535971257713326,1.065427084773681,1.0243924226307999,1.0439984029433063,1.027227583028721,1.008370787457503,1.0042697423099762,0.947752315801015,0.9444576986978858,0.0001938064094541029,0.00031269179694989283,0.000193145713761502,0.0003057580372123177,0.00018837983711174908,0.00030571376000056627,0.00019757139904200493,0.00030067023537100427,0.0002050451962361433,0.0003006456635291578,0.00020836915449848784,0.0002906396349690016,0.00020238661729610576,0.0002901846958261567,0.00021227416779036982,0.0002879435325199757,5.4766050708006286e-05,0.0001297201026185321,2.507818357643893e-05,6.048051392141604e-05,1.4077850280915463e-05,6.03829960018969e-05
2022-12-01,2022Q4,10:00,1.1195820096614708,14:00,1.251769430831504,14:00,1.1561382870592216,15:00,1.167107430966302,15:00,1.3263564457182735,15:00,1.206580018867256,15:00,1.2390710248868608,15:00,1.1195820096614708,1.0667985885813325,1.0506205347811566,1.062368567525422,1.0216217195745507,1.0411864443952035,1.0241297351249246,1.005612541768861,1.0012874219190218,0.9462442961121604,0.9419213326151907,6.602962438293239e-05,0.00013668788954430646,6.900143806104385e-05,4.7097007859890486e-05,5.0403203355035134e-05,1.5559134604827435e-05,5.116122212987315e-05,8.515326225799547e-06,4.453942643201639e-05,7.78824055325302e-06,3.507117486018522e-05,7.605652769666772e-06,3.0174023787449064e-05,7.204616919311313e-06,2.7750277172691236e-05,5.13427413833416e-06,1.7789285514080482e-05,4.008727188341742e-06,1.326903887427923e-05,3.650243409116386e-06,8.29348805282448e-06,1.7587897703031096e-06
2022-12-02,2022Q4,10:00,1.1180529676520847,14:00,1.2565035302480358,14:00,1.157500589498981,15:00,1.1704728474579638,15:00,1.3310140364510035,15:00,1.2070875372111356,15:00,1.2421271750133323,15:00,1.1180529676520847,1.0671701068770436,1.0513783688720444,1.0634175264872676,1.0226062228612411,1.0419894674067125,1.0248674715494699,1.0064103128863844,1.0018314197287672,0.9467032795896598,0.9423132115641867,8.010009476239492e-05,2.3300624577924004e-05,6.160003888001811e-05,2.1778457810845034e-05,5.081155385863079e-05,2.0511024413245338e-05,3.7782748345994044e-05,1.8118100574926197e-05,3.3698910825717984e-05,1.4892628474792638e-05,2.8666015456042783e-05,1.4872189549137238e-05,2.2640570816018744e-05,1.1567267736123383e-05,1.7299657742221516e-05,1.1399340167634714e-05,1.405287270673319e-05,1.1015873181843776e-05,1.3792999479046375e-05,1.1015382189914076e-05,1.4807565798085574e-05,5.787346589106181e-07
2022-12-05,2022Q4,10:00,1.1190024562516612,15:00,1.266848440720743,14:00,1.1573359677371202,15:00,1.1781745697224586,15:00,1.343202364045915,15:00,1.2084344439073644,15:00,1.2491840511005756,15:00,1.1190024562516612,1.0679294898399956,1.0520288781043592,1.0638784899796971,1.0231030715938383,1.0423787770763233,1.0252163987973986,1.0066160461747315,1.0019505039504855,0.9468605434125478,0.9431553090070633,4.652040157641283e-05,4.515534725103386e-05,4.316947659192768e-05,4.406534910378503e-05,3.555227295276081e-05,4.214437981131861e-05,3.275526671270612e-05,3.754103755653746e-05,3.336239338026286e-05,2.3597725326886587e-05,2.490642479677685e-05,2.259983414794585e-05,2.790968090536363e-05,1.604422898454921e-05,2.0351707485539092e-05,1.6042429854269465e-05,2.6073789890464224e-05,7.1629764260815656e-06,1.8614153159358854e-05,6.433533815135916e-06,1.518850704178377e-05,6.407018231449785e-06
2022-12-06,2022Q4,10:00,1.1189320929567041,15:00,1.2596576146275464,14:00,1.1590676503487398,15:00,1.1823700028417168,15:00,1.3348141906916822,15:00,1.2091517763078712,15:00,1.2529152684937652,15:00,1.1189320929567041,1.0678525627409565,1.0518336676675755,1.0636998089615552,1.0233509265001384,1.0424186245095817,1.025586977769059,1.0067643557914325,1.00269621500768,0.9474456602576073,0.9436951025931253,6.699927255917509e-05,5.685249673390664e-05,5.6154427997379364e-05,4.631360123882514e-05,5.3950212577153956e-05,4.478132453816589e-05,4.0453455501360053e-05,4.477822622205968e-05,3.62598104482127e-05,4.405631520570893e-05,3.352348954083204e-05,4.242863833546163e-05,2.6776912581789652e-05,4.056915495311532e-05,2.7833856470334882e-05,3.2316075738396275e-05,1.943680107211947e-05,3.151506990338146e-05,1.6358991917776332e-05,2.3476682404410503e-05,1.549368535470013e-05,2.2721953927425585e-05
2022-12-07,2022Q4,10:00,1.1189914550784184,14:00,1.2521610626036703,14:00,1.1569343016244158,15:00,1.1761346490969724,15:00,1.323616305508233,15:00,1.2070463786997063,15:00,1.2467711433424642,15:00,1.1189914550784184,1.0679849319413495,1.0519856814113566,1.0635214932012893,1.0231139506051703,1.0421027752113758,1.0251080795936032,1.0065986743677973,1.0022168229244819,0.9471710352375505,0.9433444585057345,9.203392685651622e-05,8.101568039445095e-05,7.79800039006604e-05,5.874440256463175e-05,6.219188630651103e-05,5.7734518207948374e-05,5.793074255066458e-05,2.0607487853560427e-05,4.245649511541136e-05,1.6969617806340218e-05,3.731543725396643e-05,1.543056345538193e-05,2.9758173869258233e-05,1.1369520759603873e-05,2.635602227416329e-05,9.995559163380344e-06,2.022028521924987e-05,1.848954430417885e-06,1.608050183085029e-05,1.8172554188102967e-06,1.1487953685983907e-05,1.4868856923712076e-06
2022-12-08,2022Q4,10:00,1.119015586451772,14:00,1.2547458054370666,14:00,1.1601526419775405,15:00,1.1815293099747939,15:00,1.3237686130226713,15:00,1.2109091535559975,15:00,1.2517011001537826,15:00,1.119015586451772,1.0682857851803946,1.0520179620932484,1.0644158082005508,1.0237874850320612,1.0427290364393158,1.0256924514646866,1.0071727759145601,1.0029406813555843,0.9478411829829542,0.9439388603474365,5.527240335882387e-05,2.8103954846208233e-05,4.8275089412387705e-05,2.45105411293582e-05,4.5302161818674225e-05,2.374179929085749e-05,3.396086393000248e-05,2.008428934309863e-05,3.076231140670533e-05,1.9522145382832364e-05,2.8235571798738525e-05,1.7486420542240295e-05,2.3102028270909956e-05,1.7084322156290994e-05,1.7207759723688243e-05,1.4612617199806357e-05,1.5295203785073318e-05,1.4611188499968165e-05,1.6976611702694806e-05,3.6646425593030836e-06,1.0696631457608457e-05,2.8221461486598918e-06
2022-12-09,2022Q4,10:00,1.1194325559891243,14:00,1.2500278193090124,14:00,1.1595671354202886,15:00,1.185645931461637,15:00,1.3200755989378343,15:00,1.2119816799705214,15:00,1.2554326611679056,15:00,1.1194325559891243,1.0687216164908953,1.0524683545776872,1.0647281125619545,1.0240765531125142,1.0430238591035117,1.0258724351514277,1.0072604721202307,1.0029659307381154,0.9484712669332364,0.9444122079464243,9.166287766977895e-05,5.132609752629973e-05,5.6821421260228656e-05,5.1306785985979006e-05,4.6474349104694964e-05,3.91600271986986e-05,3.407210451278535e-05,3.887237268898447e-05,2.9730583541427268e-05,3.747852680644159e-05,2.643988740712628e-05,3.388282253996988e-05,2.2133765171056124e-05,3.3833595776209175e-05,2.1062471610686815e-05,3.059651865453253e-05,1.5529609850078894e-05,3.0471546946606126e-05,1.3859508447530514e-05,3.044378133396581e-05,1.0436415118010644e-05,3.041429556154864e-05
2022-12-12,2022Q4,10:00,1.120030717351358,15:00,1.2697179966254852,14:00,1.1572099315078166,15:00,1.1714043447037024,15:00,1.3459862707147918,15:00,1.2082706915141246,15:00,1.2417672031247904,15:00,1.120030717351358,1.0687608129887904,1.0525848030473355,1.0645466953036842,1.0238447357854379,1.042761759693618,1.0254671734733805,1.0069172805106805,1.0023745532124073,0.9477716036650998,0.9433365140873212,4.3612673784940055e-05,2.9034965357823353e-05,3.684806985294463e-05,2.8868529330172534e-05,3.112966339163424e-05,2.8761645927922892e-05,3.0668413453946446e-05,2.4793088140722722e-05,2.623174244606e-05,2.476176315698346e-05,2.409819585707471e-05,2.4741003370559036e-05,1.9489910512429527e-05,2.382819625194269e-05,1.6839917601150895e-05,2.3331031236119466e-05,1.600373006625231e-05,2.2294075174476124e-05,1.153016173719943e-05,2.2243526146041788e-05,1.0328711836596055e-05,1.613017304369028e-05
2022-12-13,2022Q4,10:00,1.1202245915282678,15:00,1.2860937617282309,14:00,1.1543400127092434,15:00,1.1666339047132197,15:00,1.3637609067811898,15:00,1.204830369532161,15:00,1.2370868743157646,15:00,1.1202245915282678,1.068878892415222,1.052603733734532,1.0646526332436486,1.0238682907881747,1.0427117133262556,1.0253079288662545,1.0066834587250222,1.0021252244501675,0.9473269977930253,0.943049295029088,0.00012331256036782253,0.0001792618131012713,0.0001271898240078266,8.751235125975967e-05,0.00011985481274533117,8.134287157010937e-05,8.823294414560934e-05,8.105255256341433e-05,7.689817186490688e-05,5.6880245706671566e-05,7.969202437143362e-05,2.1870371719818764e-05,7.125764576287357e-05,2.1435333701536693e-05,6.0416810233614046e-05,4.981432379282076e-07,4.3558646706415896e-05,2.6987717489162727e-07,2.991054314475734e-05,2.5619445276547434e-07,2.1647473491009765e-05,2.0602167129590224e-07
2022-12-14,2022Q4,10:00,1.1188742794122586,15:00,1.2825883421674071,14:00,1.1652592591702384,15:00,1.178685768229584,15:00,1.3582280535703672,15:00,1.2172031684924114,15:00,1.2481979011661746,15:00,1.1188742794122586,1.0695405807596967,1.0533598067444783,1.0647006147182214,1.0243672719511525,1.0443845865900323,1.0268937608904154,1.0087893232897005,1.0038266898987693,0.9487079508701824,0.9443100065529302,0.0004408019133608167,0.00015584438533351353,0.00043763282766968184,0.00015561623835432304,0.00044406630818475426,0.00015551279488374933,0.00046850694699153054,0.00015318716272929352,0.00048763058509405563,0.00015045263599516368,0.00047233013152478924,0.0001495209223709634,0.0004677948014240052,0.00014918781378376044,0.0004639764664334616,0.00014744604921089618,0.00046187833567644225,0.00014409942792104145,0.0003432245529962233,1.3932091700285731e-05,0.00014912884683596507,3.004906016806238e-06
2022-12-15,2022Q4,10:00,1.12350379337311,15:00,1.3331489038248332,14:00,1.1943211252308548,15:00,1.2614141642867005,15:00,1.3990359432215596,15:00,1.233654307373856,15:00,1.3237559210848344,15:00,1.12350379337311,1.074857091631065,1.0595283640225832,1.0722251815568402,1.033249731443771,1.053641475789814,1.0369690956095639,1.019811852856218,1.016225259700151,0.9640588790053584,0.9529053990957457,0.0001042679441077104,4.828592038951154e-05,9.407413270512057e-05,4.706746203958145e-05,7.67977495053526e-05,4.552170754630919e-05,7.440765844331498e-05,4.026121976157269e-05,5.930006257925804e-05,3.854700623839568e-05,5.476776194431447e-05,3.704738301382111e-05,4.775870544693115e-05,3.1984282702078304e-05,3.927627072243614e-05,3.048405722704295e-05,3.401119979632857e-05,2.9745214822895686e-05,2.6471032609924775e-05,2.898854349843088e-05,2.5298074384253057e-05,7.938899420395174e-06
2022-12-16,2022Q4,10:00,1.1243721863315213,15:00,1.3744332860908592,14:00,1.1938312358967391,15:00,1.2701552664785736,15:00,1.4407860589469998,15:00,1.2346946908314138,15:00,1.3314738657453205,15:00,1.1243721863315213,1.0757087539644632,1.060156490830027,1.0729940656951649,1.0337677831022258,1.054101609599242,1.037435946247626,1.0200978600424022,1.0163729574844305,0.9639903296016094,0.9539468247599269,0.00012785780532871172,0.00010688249797334237,0.00010389833929694183,3.833294980097469e-05,8.395965180477526e-05,3.755131913167996e-05,7.369780054347913e-05,3.5212159018760813e-05,6.401476309168752e-05,2.9893227121229155e-05,5.867764889995938e-05,2.7889087868143022e-05,4.763731211476348e-05,2.1722024854094026e-05,3.932086023074189e-05,2.171459333690127e-05,4.496984413607054e-05,1.9970771235145073e-05,3.5805610144313796e-05,1.9946278603647095e-05,3.31482203855573e-05,1.0474606261504705e-05
2022-12-19,2022Q4,10:00,1.1245053114599204,15:00,1.3781092672293311,14:00,1.195835534987397,15:00,1.2815607945788556,15:00,1.4425842835951914,15:00,1.236811134825201,15:00,1.3415187784406435,15:00,1.1245053114599204,1.0769351522760653,1.0611264665204672,1.0738772957796094,1.0346480571980972,1.054957232792939,1.0382384955819286,1.0206971294864056,1.0173353754112608,0.9647597174875842,0.9553058929734238,5.860000878581856e-05,6.74073297795756e-05,4.6030608639904465e-05,5.796410210464216e-05,4.3263631668130924e-05,3.506631551944773e-05,3.5761164846044054e-05,3.499826743978946e-05,3.200053135982278e-05,3.233510388655545e-05,2.840622512417139e-05,3.2321280121427984e-05,2.3246056360507597e-05,3.1509309151667136e-05,2.1651747085013234e-05,3.081079091977802e-05,1.986587575910524e-05,2.1292525982316562e-05,2.1850302958660125e-05,1.128790022428665e-05,1.5949013742369943e-05,1.1268484477143588e-05
2022-12-20,2022Q4,10:00,1.1242075976861126,15:00,1.3712434800412567,14:00,1.1970579493987734,15:00,1.2824312912015643,15:00,1.4349405484458626,15:00,1.2391839899531245,15:00,1.3420028515180555,15:00,1.1242075976861126,1.0766146848513325,1.0612593688138567,1.0738325110058786,1.0346094118383284,1.0547910751011813,1.0379360911397197,1.0203555668298472,1.0172653837258532,0.9652681281144909,0.9556099599571605,7.756768681468551e-05,6.650221531504778e-05,5.601820289277032e-05,5.3761840347772294e-05,5.378610995458598e-05,5.361254262049878e-05,5.860787879052728e-05,2.2209254486956868e-05,4.086951814263598e-05,7.904623617205788e-06,3.832981941327339e-05,7.868162420687351e-06,3.0912093641413266e-05,6.422418853698748e-06,2.4974974723211377e-05,5.724072061348474e-06,2.2222577458887682e-05,5.4779532085450416e-06,1.7012104406665956e-05,5.411128706246088e-06,1.2695177883289617e-05,2.631985336267862e-06
2022-12-21,2022Q4,10:00,1.1242561005081535,15:00,1.3712812240417884,14:00,1.2018309805618395,15:00,1.2878632074821932,15:00,1.434084131664188,15:00,1.2480473116640882,15:00,1.3468456777674616,15:00,1.1242561005081535,1.0765783112854583,1.061191158581319,1.0746860995025131,1.035477570712667,1.05566761006775,1.0387103317932025,1.021022552834433,1.0179141971941439,0.9658148434939318,0.9562069572936982,6.146506588356286e-05,5.674214241678438e-05,4.2851830142721884e-05,3.073701556546495e-05,4.000598907293788e-05,1.6224340544850995e-05,3.426461519874179e-05,1.6122271155895533e-05,3.144748462103836e-05,1.4721543548415407e-05,2.9318494769021695e-05,1.397386285074505e-05,2.1448831151437834e-05,1.0485340841410385e-05,2.0139236171437836e-05,7.993474330967654e-06,1.6285256964051885e-05,5.468921313368627e-06,1.2131320644627657e-05,5.416300286488978e-06,9.82068863396188e-06,4.625221260769359e-06
2022-12-22,2022Q4,10:00,1.1242158971417018,15:00,1.3782003179131552,14:00,1.2018204843046663,15:00,1.2901340242801878,15:00,1.4408432355858727,15:00,1.2469863568638722,15:00,1.348774091634205,15:00,1.1242158971417018,1.0767688156312907,1.0616906857607535,1.0751018945066444,1.035907710903705,1.056092612300341,1.0390473513163119,1.0214399555829294,1.0183317778854273,0.9661347614850233,0.9565234328582278,5.6625571656420105e-05,0.00011765532944052751,4.834784928108814e-05,9.007901794670284e-05,4.37804576356238e-05,8.867126478687737e-05,3.685211432159238e-05,8.86679269445402e-05,3.283568326648968e-05,8.698246713750713e-05,4.3612200057872566e-05,6.170545455589879e-05,4.122106761490426e-05,6.135473897416124e-05,4.012707868738187e-05,5.4087319024533406e-05,3.483129661509859e-05,5.408528881628021e-05,3.3631503768833706e-05,3.397533575159056e-05,2.4891010458843338e-05,2.2275238838976597e-05
2022-12-23,2022Q4,10:00,1.1229120010481155,15:00,1.372535182729768,14:00,1.1971883458408181,15:00,1.2878780473416966,15:00,1.4346058510374855,15:00,1.2442511828372027,15:00,1.3461202345753598,15:00,1.1229120010481155,1.075821057456361,1.0605889244719433,1.0736695856778506,1.0343909277811774,1.0554648646398368,1.0383295736039917,1.0209140455596268,1.017544685623639,0.9661721066406335,0.9567332948887467,0.00012565337365183022,7.941154484077101e-05,7.652973820793433e-05,2.0745845745197547e-05,6.490134420657375e-05,1.884229290126919e-05,4.565865671991901e-05,1.8819308509027705e-05,3.733010484491994e-05,1.571965134174566e-05,3.2227963790378596e-05,1.307181182208271e-05,2.793299987257752e-05,1.2460307763588648e-05,2.2579621654957436e-05,1.2247370252836802e-05,1.888832846642425e-05,9.966619561276939e-06,1.41738780264613e-05,9.587379998848331e-06,1.0540087172756678e-05,5.208149691818872e-06
2022-12-27,2022Q4,10:00,1.1235399742284682,15:00,1.3782255746396288,14:00,1.1977046494151269,15:00,1.2901434445625557,15:00,1.4400639613450656,15:00,1.2437337097137287,15:00,1.3480297519264313,15:00,1.1235399742284682,1.0768767996133823,1.061571190142386,1.0742927529434243,1.0349487243299735,1.0560014443136647,1.0388071215029442,1.0212643706901152,1.0178846090227867,0.9663993316086058,0.9570585832537064,7.274849916304657e-05,4.0124637314714746e-05,5.7740531385903656e-05,1.627017224174404e-05,5.1333939624604535e-05,1.458624846272612e-05,4.210429231762636e-05,1.3671320810072804e-05,3.151155229612202e-05,1.3668872774257398e-05,2.739454135193372e-05,1.3472707459119894e-05,2.2418576303409533e-05,1.3437498529407866e-05,1.9326771215854908e-05,1.3350705054643428e-05,2.0587003029465372e-05,9.088834139580164e-06,1.4738578161569859e-05,7.883468109459922e-06,1.0469018095704765e-05,5.756718081260657e-06
2022-12-28,2022Q4,10:00,1.1240158922077568,15:00,1.3694699208349261,14:00,1.1987431752721946,15:00,1.2919551917527277,15:00,1.4304817053335843,15:00,1.2438987372532961,15:00,1.3495135875538438,15:00,1.1240158922077568,1.077659815933266,1.0623549084286907,1.0749637891097485,1.0354082729738854,1.0563846308051423,1.0390764188855526,1.0214621837128792,1.0183249826998368,0.9667286558713722,0.9573487837899819,5.019072990195511e-05,6.392184012366569e-05,4.170479099222826e-05,4.985782384211332e-05,4.124458669820584e-05,3.9585557543059526e-05,3.681628408364011e-05,3.894409923186174e-05,3.291635251200382e-05,3.342816904575906e-05,2.8455247649272194e-05,3.232875852601881e-05,2.4400372270653987e-05,1.5981780759959013e-05,1.937347235538967e-05,1.5959399302253105e-05,1.560313716921621e-05,1.333905772161809e-05,1.2042606626468346e-05,1.2823225415627444e-05,9.56294021747215e-06,1.282045639336311e-05
2022-12-29,2022Q4,10:00,1.12364373884985,15:00,1.3554137729640798,14:00,1.1987296992190852,15:00,1.2877720455205608,15:00,1.4160337706196287,15:00,1.2442478629236344,15:00,1.345366810999166,15:00,1.12364373884985,1.0774259340447352,1.0623372308497236,1.0748403765935104,1.0353634440325303,1.0562190153835507,1.0393244041903604,1.0215688663139215,1.0184034024408937,0.966712293125821,0.9571902881743967,5.069556531159679e-05,1.7894851921492083e-05,4.498844494521497e-05,1.3946200245050325e-05,3.507069814786304e-05,9.39227301180863e-06,3.444993784229297e-05,8.931627127920239e-06,2.828469079254942e-05,1.5473809951869342e-06,2.3655407014732203e-05,1.4598982388930562e-06,1.933689270139653e-05,1.4511774137964419e-06,1.6547601614420224e-05,1.0434445945706412e-06,1.403750867142906e-05,5.449982713795316e-07,1.0408197568657742e-05,1.1716435220021552e-07,7.020572870526832e-06,6.614189985973045e-08
2022-12-30,2022Q4,10:00,1.1241691681063528,15:00,1.362145928334981,14:00,1.1984516845253577,15:00,1.2919619613125528,15:00,1.4224624929752114,15:00,1.2434386140511184,15:00,1.3491707416137069,15:00,1.1241691681063528,1.0780085356029048,1.0628852079621476,1.0754478633479188,1.0360689222798138,1.0568619124183694,1.0398916344858988,1.0221065633155908,1.0189268964821625,0.9671881840468306,0.9575970790526275,7.611626073373925e-05,6.964885281074522e-05,5.541743214458345e-05,6.869607404405594e-05,5.0114861643379654e-05,6.760027823234229e-05,4.622927697102429e-05,6.547027114662837e-05,3.286924297891598e-05,6.034914262077416e-05,2.4736854205084276e-05,6.034612531362803e-05,2.2955344378564937e-05,6.017962185456015e-05,3.544276856050325e-05,4.24226062743437e-05,2.7061092506256098e-05,4.24017438802852e-05,2.3856866044891624e-05,4.207992060627201e-05,2.181233336686644e-05,4.2050740404019005e-05
2023-01-03,2023Q1,10:00,1.124131751504952,15:00,1.3133943977290947,14:00,1.1956941142017188,15:00,1.2725981813981777,15:00,1.3730957164857727,15:00,1.2386813243748902,15:00,1.330445077812679,15:00,1.124131751504952,1.0776466237490223,1.0624112286666216,1.0748576825414997,1.0352860606292336,1.0557288830142002,1.0386333498543205,1.0218319778535883,1.0183011236002093,0.9664111460651791,0.9565206430696075,9.200387835856032e-05,6.848441472607417e-05,8.555507005414066e-05,6.381654898931023e-05,6.352055659619818e-05,5.4829362046462905e-05,6.037449115628663e-05,2.841536824836215e-05,5.061463617496263e-05,2.177408644568669e-05,4.45478368521282e-05,2.163678113460339e-05,4.26962748829327e-05,2.0980727427377126e-05,3.6583101100972644e-05,1.5461982279937727e-05,2.581535848199685e-05,1.4743925177937314e-05,2.100065047351776e-05,9.973100974617618e-06,1.926839776736206e-05,2.959712361761615e-06
2023-01-04,2023Q1,10:00,1.1243891197678468,15:00,1.314876763549086,14:00,1.1961397658980815,15:00,1.2819154202091643,15:00,1.3732692531472097,15:00,1.2399447531634333,15:00,1.338844126317099,15:00,1.1243891197678468,1.077972127690579,1.0625259906978437,1.0755852943484965,1.036026672342518,1.0563584129101191,1.0392967430534645,1.0225523682338469,1.0187195967385165,0.9669351268446995,0.957479212860623,0.00012404193138684954,0.00015021110658569692,0.00010446415633742357,0.00013224624774464772,9.645786949723741e-05,0.00012021412888046542,8.233053081627163e-05,0.00011718119466951295,8.312874309772153e-05,9.153288177990905e-05,7.927133610639739e-05,9.081833219471755e-05,7.362916620909649e-05,8.617865350626852e-05,7.015855262842088e-05,8.464582657056082e-05,7.012014648002699e-05,8.234139020815198e-05,3.30804213790467e-05,2.9456526166722982e-05,1.9777773562549517e-05,8.167290739121903e-06
2023-01-05,2023Q1,10:00,1.1236224384865543,15:00,1.3157602787179419,14:00,1.193035464427801,15:00,1.2875438521341533,15:00,1.3731923807997712,15:00,1.2406210195136416,15:00,1.343744325082503,15:00,1.1236224384865543,1.0772352142492265,1.0618466587237982,1.0745222851722507,1.0357186958780102,1.0558763275799743,1.0387924128037822,1.0219857115956315,1.0181881032422813,0.9671468690511343,0.9581762155945113,8.361927697009788e-05,3.670688029429625e-05,6.801883243766127e-05,3.6576158099711244e-05,5.963452489259521e-05,3.0766106315898444e-05,5.3445073307689096e-05,3.070516521069863e-05,4.2908184153940527e-05,3.070293158431597e-05,3.936373529322455e-05,2.939292890591047e-05,3.580615187534514e-05,2.8619754335258633e-05,3.285790093084328e-05,1.5705901713517804e-05,2.51743322502915e-05,1.5287987128073876e-05,1.9576809971142237e-05,1.4270881301781919e-05,1.4792204011679073e-05,1.0940224572274914e-05
2023-01-06,2023Q1,10:00,1.1243462889041616,15:00,1.3236468402499457,14:00,1.193425834602424,15:00,1.2879727291955796,15:00,1.381061354296468,15:00,1.239922392306514,15:00,1.343839842766427,15:00,1.1243462889041616,1.0777884267276376,1.0624320365806494,1.0750193152387906,1.036010824495634,1.0561170426589848,1.038984532350394,1.022566238550614,1.0185589425276753,0.9674126354693947,0.9584272531644548,0.00011232194866362067,9.767072626880855e-05,7.25938230415735e-05,6.539409276845753e-05,5.806024333639436e-05,2.614650234649489e-05,5.15706979666035e-05,2.612161337228092e-05,4.011347122670283e-05,2.027889569521083e-05,3.7211576381066796e-05,1.7114989335746233e-05,3.150509938351496e-05,1.6924221872894615e-05,2.4951260072903628e-05,1.3920650816642798e-05,2.139849352697952e-05,1.135659431993237e-05,1.8665758864488597e-05,4.735393320348474e-06,1.225485883084316e-05,6.221727517405436e-07
2023-01-09,2023Q1,10:00,1.1243890294572527,15:00,1.3212362864927925,14:00,1.193973837731886,15:00,1.2950028939054563,15:00,1.3775701475047326,15:00,1.2409017251211485,15:00,1.35021823561317,15:00,1.1243890294572527,1.077829218478368,1.0630890202290582,1.075589808978065,1.0365129535497601,1.0566698571623716,1.0394244615749506,1.022936222753595,1.0189382165323158,0.9680606990408722,0.9591063575862321,5.467145106673548e-05,5.6566374163248684e-05,4.6153040188365795e-05,5.637477285220823e-05,3.575776443581672e-05,4.788985969645361e-05,2.9533615267782848e-05,4.2223212384269e-05,2.621496513058675e-05,4.195098333694593e-05,2.6775129626382016e-05,4.057346498791507e-05,2.5033428046074736e-05,3.848035582057317e-05,1.9817574703145946e-05,3.7831534787819264e-05,2.256661545814827e-05,2.2405753963336473e-05,1.6441849894062483e-05,2.2297439244040608e-05,1.1387241856551875e-05,3.804195585637223e-06
2023-01-10,2023Q1,10:00,1.1242368667236107,15:00,1.3192056843042692,14:00,1.1949963149022234,15:00,1.2990029576994517,15:00,1.374806964062826,15:00,1.2443570878587649,15:00,1.3537527421474556,15:00,1.1242368667236107,1.077547466774449,1.0627605932656827,1.0752044928494713,1.0360595952367149,1.056205365279746,1.038952149351999,1.022285186885984,1.018928061185138,0.9678242825902413,0.9595570278504816,8.031141659325502e-05,1.6554337788618648e-05,6.49178364574116e-05,1.628568849583095e-05,5.263879697218273e-05,1.620310135160824e-05,4.734888360627786e-05,1.5427919970336523e-05,4.025259181959567e-05,1.5376845097408756e-05,3.568159626186243e-05,1.532692550495663e-05,2.8307297650450293e-05,1.150496060427855e-05,2.094798324023752e-05,1.1355231595285134e-05,1.7083550768594718e-05,9.058278864137686e-06,1.3626399146454495e-05,8.094188249503258e-06,9.686355183048134e-06,6.918587911954472e-06
2023-01-11,2023Q1,10:00,1.125287778126698,15:00,1.312838151239073,14:00,1.1965350626683469,15:00,1.2994386849311304,15:00,1.3679181459412322,15:00,1.2455140603683255,15:00,1.3539565063505001,15:00,1.125287778126698,1.078460730102192,1.063527971114506,1.0759505405945569,1.036697882400262,1.0567675871044333,1.0394681533867614,1.0226070915662617,1.0192306852094584,0.9680904413938785,0.9597344366944851,4.8410924284360514e-05,3.940811379769071e-05,4.035412822299118e-05,3.60887869089727e-05,4.0823559171628324e-05,2.1880958173057628e-05,3.2241243659602374e-05,1.5213329775644089e-05,2.4759757146334763e-05,1.504225634842536e-05,2.3917267471443382e-05,1.1947420265532947e-05,2.072789478607486e-05,1.1469030825528377e-05,1.6975567666152233e-05,8.825713894911603e-06,1.4088478637231664e-05,8.532307889587427e-06,9.822881576456255e-06,8.313023788844622e-06,6.3773544160847905e-06,6.802495853978405e-06
2023-01-12,2023Q1,10:00,1.1253569764841393,15:00,1.3275706048211844,14:00,1.1968198444790552,15:00,1.2978937739446585,15:00,1.3832813822923347,15:00,1.2450859681743827,15:00,1.3523591793693,15:00,1.1253569764841393,1.0784883538598136,1.0639080817347741,1.0763353574119006,1.036938326353341,1.0570931469894793,1.0397459042952117,1.022881026563036,1.0194383854162767,0.9681719730534539,0.9597256363135402,0.00011567225873330212,9.890547578244312e-05,7.871187530354405e-05,6.642403677048172e-05,6.798180904657289e-05,6.51455618706303e-05,5.990337193972608e-05,6.490920663854301e-05,4.359960237978308e-05,6.210889860265348e-05,3.668481572852037e-05,4.853625894379386e-05,2.652181507755213e-05,4.85080921145163e-05,2.9094012248495142e-05,3.2795426044465915e-05,2.1120844487320917e-05,6.8799313408460095e-06,1.8103685796715053e-05,3.312536835124694e-06,1.4050768092077403e-05,3.1944805814504016e-06
2023-01-13,2023Q1,10:00,1.1254312044713428,15:00,1.331679714756812,14:00,1.1972442118852145,15:00,1.3041648460965807,15:00,1.386639544624073,15:00,1.2454909154316536,15:00,1.3579891082416415,15:00,1.1254312044713428,1.0786244755019618,1.06387938351781,1.0760942464038774,1.036393462720058,1.05667213950268,1.0389927913838883,1.0227278091243102,1.019981641987458,0.9688560712084728,0.9603647320745055,5.936171209421863e-05,3.4567842416249534e-05,4.577691131317653e-05,1.5294450671938522e-05,3.871437315094984e-05,1.5046709133764177e-05,3.4364514177394155e-05,1.4185050517146793e-05,2.9860691223143182e-05,1.398874973552753e-05,2.1628281654640915e-05,1.1339140048353835e-05,1.9501993806347307e-05,1.106322752877842e-05,1.6772549982748157e-05,1.0645989333392516e-05,1.4480690719962702e-05,3.0049947563114833e-06,1.1338059264979685e-05,3.0000658482519466e-06,8.326195892855452e-06,2.919850571374889e-06
2023-01-17,2023Q1,10:00,1.1257786317118108,15:00,1.3267078506363128,14:00,1.1974350903728075,15:00,1.307051782729934,15:00,1.381000579713307,15:00,1.2453780183659846,15:00,1.3605401285592913,15:00,1.1257786317118108,1.0791877039561308,1.0643702532818287,1.0765564281456097,1.0367956830416591,1.0569497887805592,1.0392448735005941,1.0229302647204386,1.0204211990559686,0.9692432157136798,0.9606859476566872,4.3453849904511425e-05,3.4904580089096065e-05,3.47690715780918e-05,2.6514215685464688e-05,3.728281007160125e-05,1.395049550557337e-05,2.919090905360804e-05,1.1840940359330465e-05,2.409928579234317e-05,1.0138544064614128e-05,2.2053838987268308e-05,8.06465182973793e-06,1.778208703114479e-05,6.606985906042025e-06,1.4604318229296165e-05,6.599305792068702e-06,1.1672306991023723e-05,4.997275842325522e-06,1.0669931850177341e-05,9.797213304622233e-07,6.6151253638154464e-06,5.021513070224464e-07
2023-01-18,2023Q1,10:00,1.1258492203231485,15:00,1.3277820782689211,14:00,1.197863905837143,15:00,1.310900041510935,15:00,1.3816057444365217,15:00,1.2458098995233673,15:00,1.3640393686401027,15:00,1.1258492203231485,1.0793060459943171,1.0648550930046392,1.0769542118620818,1.0371513329527413,1.0573391202595168,1.0395884451081796,1.0232004040864335,1.0206742415040535,0.9696895231083271,0.9610426734368044,3.9750670185762027e-05,7.708174589369023e-05,3.2902676199508447e-05,7.695089373448727e-05,3.33607109298814e-05,4.631653965737719e-05,3.5436337046798136e-05,2.541356684613948e-05,2.987982482231105e-05,2.3653378547650005e-05,2.539303167850108e-05,1.4996607581590781e-05,2.2253583829070577e-05,1.4179264967383933e-05,1.914726161788028e-05,1.4169493051351755e-05,1.6276788773479598e-05,1.362984598843063e-05,1.1336549703180994e-05,1.3514789285307911e-05,8.16151384092119e-06,1.1334018878939954e-05
2023-01-19,2023Q1,10:00,1.1250520207606165,15:00,1.3188027462905971,14:00,1.1983531154883966,15:00,1.3065597970852776,15:00,1.3724891350550876,15:00,1.244493383230231,15:00,1.3597477946138465,15:00,1.1250520207606165,1.0783432605763283,1.064510524686824,1.0771492428018234,1.0372912191093435,1.0576134215168325,1.0398248083529245,1.0233602365479868,1.0207652460315766,0.9696083686007507,0.9608839244018236,6.217398350196939e-05,3.893157210968433e-05,4.994335193887231e-05,3.8442669056725396e-05,4.187478994736479e-05,3.0418898964388975e-05,3.52272888383745e-05,3.029677243890617e-05,3.0168637450649245e-05,3.029528301479842e-05,2.6616541085061214e-05,2.8129216276644544e-05,2.3285968739375198e-05,2.7857881893004967e-05,2.0597272656485307e-05,2.5948585273892694e-05,1.583942111060307e-05,2.2486507919915177e-05,1.4253199843365474e-05,1.7915975784954527e-05,1.0237651464595022e-05,1.7749274681969467e-05
2023-01-20,2023Q1,10:00,1.1253632580835673,15:00,1.3058981914596337,14:00,1.19694306797824,15:00,1.2981690012148632,15:00,1.3596194121381002,15:00,1.2424499256218433,15:00,1.3515722633131582,11:00,1.1253632580835673,1.0785061095035582,1.0647153550958353,1.0772118890682612,1.037258380099044,1.0575233707400087,1.0396462260501524,1.0231556025707682,1.0204917550761488,0.9694653997883159,0.960488045258205,5.3387329771542094e-05,6.315333344520138e-05,4.0023285475861435e-05,5.374948611786659e-05,3.781126642932216e-05,5.321750688363982e-05,3.2132295298148086e-05,3.5442891062476196e-05,3.1171705174214185e-05,3.3379580562827434e-05,2.5041327722186143e-05,3.2793563935120995e-05,2.2412066874855823e-05,3.258405186757157e-05,2.0366570395598068e-05,3.2179480162693546e-05,1.6237708755813398e-05,1.1288876129506724e-05,1.2627780106008237e-05,9.984866708929636e-06,9.377633982732933e-06,8.834877352362372e-06
2023-01-23,2023Q1,10:00,1.1250640428330474,15:00,1.307083720262525,14:00,1.1969349811938053,15:00,1.2968070085295316,15:00,1.3607803760697397,15:00,1.2416345542267806,15:00,1.3500814839942004,11:00,1.1250640428330474,1.078162197555562,1.064309113871612,1.0770659230045998,1.0371682439331567,1.0572466177017779,1.0392862515049754,1.0227247213379171,1.020673035712207,0.9696004903534216,0.9605398073403266,4.305708984752231e-05,5.060577722088117e-05,4.1064550901147785e-05,3.944324174319125e-05,3.8634495670661664e-05,3.6557403010422176e-05,3.61149566899018e-05,3.1011293883517495e-05,3.145895738722134e-05,2.8223910300741867e-05,3.1012063327375754e-05,2.6675255757133765e-05,2.4526907553909206e-05,2.5253610117188322e-05,1.8927171185022046e-05,2.4455573454983168e-05,1.4798414491236111e-05,2.4336772722497363e-05,1.614429233897874e-05,1.3061696641450144e-05,1.4607223381784432e-05,5.038181869595071e-06
2023-01-24,2023Q1,10:00,1.124829420546782,15:00,1.3125105811946123,14:00,1.1954547820641241,15:00,1.3021051300828717,15:00,1.3656244063340426,15:00,1.2422339020369964,15:00,1.3547978741896882,11:00,1.124829420546782,1.0781342076460736,1.0643032160985455,1.077131377826615,1.03722528905889,1.0573272317082367,1.0392323216618389,1.0225161421004714,1.0202875301607655,0.9697598597520247,0.961106564225802,6.327719199354359e-05,2.2081349993559936e-05,5.184090854287332e-05,1.7727077088854646e-05,4.051158989556301e-05,9.015845139410543e-06,3.335046467500245e-05,8.74012448217563e-06,3.011233927043537e-05,6.395528746861026e-06,2.444564597587513e-05,5.891595170022674e-06,2.2724792644076597e-05,5.244311411047685e-06,1.7877534244581965e-05,4.021615223896625e-06,1.547407741276332e-05,3.3474474034357506e-06,1.3142330795611205e-05,2.400814797333526e-06,8.816485866118058e-06,8.778878302419379e-07
2023-01-25,2023Q1,10:00,1.1254790538319766,15:00,1.3142845413988233,14:00,1.1959788560200133,15:00,1.307193316285258,15:00,1.36681231322129,15:00,1.2423875765578472,15:00,1.3594376744001337,11:00,1.1254790538319766,1.0787607300934943,1.064968832867113,1.0777085902935575,1.037837876152745,1.057849785827938,1.0397742453358478,1.0229879869577125,1.0207504209653233,0.9702550941777291,0.961569140609606,6.607427266941694e-05,4.1026671900410326e-05,5.335350317264776e-05,3.974612142036569e-05,4.7339425162979166e-05,3.9722402288785526e-05,3.9904962889161345e-05,3.0606075248043085e-05,3.5161799347092265e-05,2.276920474212986e-05,3.084362740566509e-05,2.079164707051817e-05,2.538426390332761e-05,1.882819383409636e-05,2.324218360823737e-05,3.444601276344042e-06,1.828156529309255e-05,3.2046932040826894e-06,1.4039104885404031e-05,2.4231203730855273e-06,9.456264399293443e-06,1.0889609054816043e-06
2023-01-26,2023Q1,10:00,1.125815127763774,15:00,1.3284020343876008,15:00,1.210976949552913,15:00,1.3125748165741353,15:00,1.3807934719458181,15:00,1.2587372070612435,15:00,1.3643420374627533,12:30,1.125815127763774,1.0789611366070864,1.0650771710991385,1.0778753532417107,1.038138555992898,1.0581034829448728,1.0399563145607955,1.0236638080742853,1.021326544300899,0.9707902915915839,0.9620570066250479,8.676108827006978e-05,5.912435170438162e-05,5.863459140745893e-05,5.07824116169986e-05,5.627557407930489e-05,1.7432471804809168e-05,4.788189388143622e-05,1.4695134668495692e-05,3.868180178214425e-05,1.195882072069439e-05,3.3707229146508105e-05,9.408582087942509e-06,2.8932238790048773e-05,9.295012935849008e-06,2.2733236481016153e-05,9.20509864563006e-06,1.9117150760773847e-05,6.856205909395202e-06,1.3538623100074512e-05,6.752785976942146e-06,9.39706447995551e-06,5.633401665254893e-06
2023-01-27,2023Q1,10:00,1.1261559007072857,15:00,1.3223583695234984,15:00,1.2110831762983287,15:00,1.3139262663639013,15:00,1.374181952196992,15:00,1.2585458540095076,15:00,1.3654193926306644,12:30,1.1261559007072857,1.079034562880709,1.065888034791996,1.0786471997039646,1.038823268798807,1.0587842440289705,1.0405601679451295,1.0241198568689136,1.021791405486385,0.9711099488529398,0.9622876849818613,6.745955177166977e-05,5.259999741924461e-05,5.159142803727499e-05,5.000523514828364e-05,4.7421623218395577e-05,3.596430510851706e-05,3.9230031123829976e-05,3.188142328994851e-05,3.129408244448599e-05,2.6775374435725684e-05,2.7315343355115846e-05,2.671014153554047e-05,2.350792914356159e-05,2.5339927657210507e-05,2.0460954694092865e-05,2.4362047656378137e-05,1.6451961549866313e-05,2.351979770800432e-05,1.1950957110193681e-05,2.1299364415204037e-05,9.401525644547678e-06,2.0301870180774582e-05
2023-01-30,2023Q1,10:00,1.1262945257361883,15:00,1.3358218700836217,15:00,1.208093565638528,15:00,1.3023024286556668,15:00,1.3890205341192523,15:00,1.2562054922069918,15:00,1.3541661920259294,12:30,1.1262945257361883,1.078989393311683,1.0660833001469918,1.078763727085481,1.0389138996890714,1.0587566089893248,1.040470604016886,1.0239661895346515,1.0215007971401069,0.9707105738334323,0.9617005920870978,5.9424311856485154e-05,1.9429409578034604e-05,4.854254358346559e-05,1.7608486726212636e-05,4.281805309819958e-05,1.3185853381624828e-05,3.6679945382827705e-05,1.2730068237095677e-05,3.0580784655559855e-05,1.2678310046765203e-05,2.7924215020100695e-05,1.2067318833500183e-05,2.678969700683543e-05,8.761976660113624e-06,2.2221834341424613e-05,7.184054302972329e-06,1.8166932310981216e-05,6.070293325998881e-06,1.572229841586281e-05,2.790344057517649e-06,1.1321667701829767e-05,2.6363884354508866e-06
2023-01-31,2023Q1,10:00,1.1269271356651862,15:00,1.3357193432148218,15:00,1.2070320571410178,15:00,1.3076597632100389,15:00,1.388179345463849,15:00,1.2544379023538783,15:00,1.359017733331108,12:30,1.1269271356651862,1.0795532279238755,1.0667011026195845,1.0793158931520925,1.0393672459211383,1.0591902834973743,1.0410239451682533,1.0244749772149584,1.0219594354533925,0.9713056312175733,0.962209492296186,5.581339517648835e-05,6.451646291364413e-05,4.359830217384915e-05,5.096713721243915e-05,3.721494747685257e-05,5.06486465871467e-05,3.292384104146134e-05,5.022535311770806e-05,2.9211828152617014e-05,5.016295589907725e-05,2.4574793413395885e-05,4.933968620834086e-05,2.114538240553826e-05,4.889808374591807e-05,1.810662350243685e-05,4.889758875211891e-05,1.4798093290544512e-05,4.71540705429155e-05,1.3098647175795287e-05,4.710147703619152e-05,9.733611160356941e-06,4.691746857117324e-05
2023-02-01,2023Q1,10:00,1.1266427960361103,15:00,1.3064934435747813,15:00,1.2190888389320076,15:00,1.2733214963567643,15:00,1.3606981416340074,15:00,1.2696672346726516,15:00,1.326149933867702,11:30,1.1266427960361103,1.0793354223043212,1.0663403613746611,1.0788043378047196,1.0387710171358628,1.058398786767392,1.0400936317878802,1.0233819997036415,1.0206819145854047,0.9698158429265561,0.9601640537304373,0.000273905994875191,0.00017577235407317612,0.0002532761004182242,0.000173629560974813,0.00025419465192779296,0.00015969339348243192,0.00025015636055078424,0.00015184707017364547,0.00024332839923052363,0.00014942571781203134,0.00024889940377645185,0.00014865998149173547,0.00025165947239402586,0.00014858500945368904,0.00025560724504128027,0.000147548023834509,0.0002310866273934224,0.00014733350564942886,0.0001773764163377069,0.0001473268946028379,6.857720642150777e-05,2.9786837776116007e-05
2023-02-02,2023Q1,10:00,1.1279161921879701,15:00,1.316357814743234,15:00,1.225567277115741,15:00,1.2935308653736846,15:00,1.3676881352908012,15:00,1.2733572932362676,15:00,1.3439710672809102,11:30,1.1279161921879701,1.0805872223679085,1.0681346372819687,1.0808719105765965,1.0410535852090583,1.0610052602143685,1.0431156611965764,1.0269384264638046,1.0237523306975618,0.9713793117527647,0.9624692799307986,6.134357809744685e-05,0.0001242194555519889,5.029827454959554e-05,0.00011707756520167415,4.186495463292875e-05,9.411041095262901e-05,4.182079658455306e-05,9.402091847589684e-05,3.856181913642381e-05,9.134385757150533e-05,2.9453854180686195e-05,8.91158805649163e-05,2.7519702377661937e-05,8.891344480104319e-05,2.3966262491913985e-05,8.891287112368754e-05,1.750205837666389e-05,7.769651393257595e-05,2.7611420497011157e-05,4.213832493808082e-05,2.610564680426316e-05,2.4296116190817658e-05
2023-02-03,2023Q1,10:00,1.126597005635188,15:00,1.3131019315015848,15:00,1.221830250795465,15:00,1.2900392841419435,15:00,1.3640831962751974,15:00,1.269267886846294,15:00,1.3401251401866405,11:30,1.126597005635188,1.0791420888989391,1.0668828177377412,1.0794430654510028,1.0395925182436467,1.0591567209046306,1.041091559815686,1.0246558908312113,1.0213990108917996,0.9707767259853243,0.9626259857809089,9.441125369138359e-05,8.104480950794175e-05,7.171278864876006e-05,6.998700995145321e-05,6.14773113566624e-05,6.759040322184836e-05,4.8655546614451044e-05,6.484044150815042e-05,4.983400031093107e-05,4.966105789685782e-05,3.95885419041461e-05,3.7951877096637313e-05,4.128756619939574e-05,1.280702878066613e-05,4.2739476672026156e-05,5.710639420428954e-06,3.587348605696728e-05,5.697753145935938e-06,2.615233812549824e-05,4.489809174113999e-06,2.1536072774539665e-05,1.7839313186001604e-06
2023-02-06,2023Q1,10:00,1.1266489621610105,15:00,1.317858386857275,15:00,1.224814113181232,15:00,1.3027827483578773,15:00,1.3674033776215881,15:00,1.2708610970838632,15:00,1.351760969294971,11:30,1.1266489621610105,1.0790698820258486,1.0666562089502574,1.078934089026091,1.0395462308540364,1.059139462129551,1.0419586784615171,1.0259059611620593,1.0225387758302693,0.9717623914755752,0.9637670993247875,6.204683620423328e-05,5.210320963456763e-05,5.341885125392624e-05,3.849788767561891e-05,4.573716327727962e-05,2.5355159384348917e-05,4.0385879339246424e-05,2.2064969382113586e-05,3.560542236851209e-05,1.2040789155478545e-05,3.0760051879141564e-05,1.2010931126125747e-05,2.67406862555178e-05,1.140093432721264e-05,2.2961300049926873e-05,1.1104025507660929e-05,1.9125267263274606e-05,1.075744097234172e-05,1.4773934860115675e-05,9.754362371347615e-06,1.092704161243006e-05,9.560872962684839e-06
2023-02-07,2023Q1,10:00,1.1267048572703497,15:00,1.3138149469464817,15:00,1.225975272616359,15:00,1.3017652609959847,15:00,1.3630685410824914,15:00,1.271935846164842,15:00,1.3505671245875586,12:30,1.1267048572703497,1.079294623863135,1.0670543258502396,1.0793293829642028,1.040142000797563,1.059650966357676,1.0424195033814572,1.0262978874472997,1.022846797758882,0.9720017634459198,0.9638656511748891,0.00013510907837162832,0.0003326391677552558,0.00013118161220699085,0.0003316095374075999,0.00012261381206758897,0.00033143538002389954,0.0001154218788143969,0.0003247421592120714,0.00012308084726762118,0.00032362315505065964,0.00011385199058949215,0.00032264376568731326,7.141890577306862e-05,0.00020435054485499704,4.4727310278470926e-05,8.552699913289578e-05,3.2879577122995343e-05,8.064708696045769e-05,2.7309325238189335e-05,2.143755082910759e-05,1.6764998544400443e-05,8.364541912429501e-06
2023-02-08,2023Q1,10:00,1.122721754199687,15:00,1.3162688459279497,15:00,1.228238424997212,15:00,1.3056976245637857,15:00,1.3649056019338632,15:00,1.273622415341193,15:00,1.35394376894369,12:30,1.122721754199687,1.0750312062240996,1.0621678072798573,1.0737674567363702,1.0346776659925885,1.0532433991418408,1.0380563851201055,1.0248437990533572,1.0209718787642224,0.9722940597598627,0.9643662126252521,6.158068449896317e-05,3.3146663775737016e-05,5.565627215105389e-05,2.9467324033247765e-05,4.917690003773981e-05,2.4292882074674333e-05,4.685510615277565e-05,7.926356880676087e-06,4.379969961226162e-05,5.246155731814626e-06,3.9593724164674595e-05,4.902441901947638e-06,3.6275055444839415e-05,4.677210765509525e-06,3.261135820429712e-05,4.467853408654456e-06,2.711564576777551e-05,3.984320365771769e-06,1.9885876563901932e-05,3.7177176558414686e-06,1.3963406586980962e-05,3.624429984909585e-06
2023-02-09,2023Q1,10:00,1.1231264640134806,15:00,1.3150473735627768,15:00,1.2480052907178945,15:00,1.3119279504861263,15:00,1.3627883118408977,15:00,1.2933123608301387,15:00,1.3595556425135344,12:30,1.1231264640134806,1.075481851390963,1.0626618989220353,1.074674488576442,1.035659467612445,1.054210711704713,1.039024384194244,1.0257905275787529,1.0218427950500217,0.9730287956971346,0.9649681921518457,6.161956083572046e-05,5.43970119584199e-05,5.551286585189167e-05,4.796344483270312e-05,4.651484553230783e-05,4.524658243671134e-05,4.2819572972826836e-05,3.2875674872107355e-05,3.7938072880183376e-05,3.277014771313514e-05,3.009786255511335e-05,3.275037279996704e-05,3.1241457163538635e-05,2.417727759761678e-05,2.7582486902303037e-05,2.3544586078616014e-05,2.2119925522238746e-05,2.2032404531694402e-05,1.9529343571950372e-05,1.6105589690280875e-05,1.2734445439489939e-05,1.6043541620420875e-05
2023-02-10,2023Q1,10:00,1.1231351734129644,15:00,1.307494199854138,15:00,1.2447473881629565,15:00,1.3063162207060355,15:00,1.3551825796477535,15:00,1.2901471965907476,15:00,1.3539616359365882,12:30,1.1231351734129644,1.075555627974199,1.0626288067691718,1.0748515021001468,1.035761712129402,1.0540864240526566,1.0392128128328744,1.0259062980306686,1.021827929438479,0.9732028862035139,0.9648103654003501,9.125258394432218e-05,4.083973002044841e-05,7.184206751400408e-05,3.3357750698657594e-05,6.490374447059281e-05,2.814198420215823e-05,5.8487392312733946e-05,2.7650105617289025e-05,4.6709935746875076e-05,2.526885086731972e-05,4.081714640382395e-05,2.4158185331767678e-05,3.5621832549128355e-05,1.7851846522926168e-05,2.9605568377625576e-05,1.4827158000225505e-05,2.395200502121173e-05,1.0938016937436613e-05,1.8667125280978513e-05,1.037078225391135e-05,1.3292570010332052e-05,5.31778991794342e-06
2023-02-13,2023Q1,10:00,1.1238877880129248,15:00,1.3105967780947052,15:00,1.2433086987446844,15:00,1.3106314769497287,15:00,1.35773861994168,15:00,1.2880302050255084,15:00,1.3577745669059338,11:30,1.1238877880129248,1.076230507546896,1.0633675000817797,1.0755310302350518,1.0362864171258754,1.0545170567984585,1.0397380331534265,1.0263918005055015,1.0223100722355623,0.973589600252509,0.9652791478753107,4.9155669871308745e-05,1.487265411568179e-05,4.156881740490577e-05,1.3067325304935432e-05,3.715147155466006e-05,1.126047799532074e-05,3.352333116301896e-05,1.1050644329206767e-05,2.8615215774216897e-05,1.071815713563778e-05,2.4910053877849997e-05,1.0241909182004088e-05,2.2372104663333388e-05,1.0241697847416918e-05,1.7595509383023575e-05,9.953040088495914e-06,1.4549863259368815e-05,9.045374973723649e-06,1.3095435652433412e-05,4.0792733432026395e-06,9.887007954995282e-06,4.008242618850902e-06
2023-02-14,2023Q1,10:00,1.1244256235984191,15:00,1.3080731027199652,15:00,1.2449120188477114,15:00,1.3138085373699362,15:00,1.3546392177192677,15:00,1.2892296614268102,15:00,1.360578828197735,12:30,1.1244256235984191,1.0767465314133715,1.0638987681877532,1.0760420144225096,1.0367336051217366,1.0549127224923085,1.0400986337586529,1.02664062857083,1.0225101295561376,0.974001028693006,0.9656247107051107,8.478604636393575e-05,7.521301678673989e-05,6.459171101318796e-05,7.517847212556156e-05,7.671575145427158e-05,2.5571248627211344e-05,6.492783051724281e-05,2.364246383238416e-05,5.843261123768217e-05,2.2911881836005915e-05,4.331605744320019e-05,1.7657676023931174e-05,3.66465376566743e-05,1.5853805705054953e-05,3.224654560594445e-05,3.5615261075820006e-06,2.674341775868262e-05,3.5319935554350317e-06,1.7721494253135024e-05,3.5149286790022565e-06,1.1577706451454072e-05,1.0391689893180308e-06
2023-02-15,2023Q1,10:00,1.124429177104146,15:00,1.3138887512550463,15:00,1.2466833647272813,15:00,1.320883016049899,15:00,1.359806885173046,15:00,1.2902527869026428,15:00,1.3670455873962586,13:30,1.124429177104146,1.0764401028108188,1.0649429242183102,1.0769739967476448,1.0376188509806643,1.0556047001768851,1.0407183409943708,1.0276045007085486,1.0233827238732836,0.9746456710772378,0.9662318712909325,5.997815032078409e-05,4.1731411474585325e-05,4.779248300864208e-05,3.982572803909152e-05,4.236483701850386e-05,3.959205550574823e-05,3.253382878043829e-05,2.7826581702036923e-05,2.921120366398256e-05,2.781896691295239e-05,2.845896148392056e-05,2.008294089810408e-05,2.3547035953821585e-05,1.8557289022033945e-05,1.7880805031440386e-05,1.4464545464256094e-05,1.5495583554954308e-05,1.2280940268889756e-05,1.1650875374376405e-05,1.1930500198873175e-05,8.737059874498478e-06,8.338030562860022e-06
2023-02-16,2023Q1,10:00,1.1246451847703627,15:00,1.3096236620287007,15:00,1.2466580350512013,15:00,1.319297821152165,15:00,1.3553379490262922,15:00,1.2901744167832652,15:00,1.3653497985103182,13:30,1.1246451847703627,1.07653225372835,1.064947171437043,1.0770345036051687,1.0376276698183176,1.0558080501944462,1.0408484406919247,1.027706163695376,1.0234931047220583,0.9746467014224868,0.9662709311500989,7.693427599560093e-05,8.308469063276604e-05,5.445842487016467e-05,6.745118712806231e-05,4.368922241436438e-05,6.326872984289257e-05,3.959876855974956e-05,6.325401299889248e-05,3.334973624533128e-05,6.323809800359136e-05,2.8027077083303436e-05,6.186686227884556e-05,2.4275099769899818e-05,6.165275465854735e-05,2.358918556626996e-05,5.912462544808505e-05,1.4920171813502092e-05,5.6511178037107885e-05,1.1886429519941188e-05,5.566056308510946e-05,9.858463121348938e-06,5.5075478742415127e-05
2023-02-17,2023Q1,10:00,1.1243724251962934,15:00,1.2742966772182394,15:00,1.2352141006598667,15:00,1.2767332635449546,15:00,1.3221721018043162,15:00,1.2816211898260206,15:00,1.324700230867521,12:30,1.1243724251962934,1.076192813361254,1.0644486696588782,1.076362632366132,1.0368058850513573,1.0547652104824652,1.0396248931672845,1.0264560164796166,1.0218782962154092,0.9727425133039337,0.9637903231200059,9.02729608429277e-05,4.359012472276135e-05,6.903705219022677e-05,3.5457610348956905e-05,6.134294118548802e-05,2.922409904647656e-05,5.1264177754121666e-05,2.779857172943058e-05,4.581142011706946e-05,2.7151613730312503e-05,4.1168819915838284e-05,2.4107875528472016e-05,3.802665101927248e-05,1.782298974186755e-05,3.2623460531517566e-05,1.7569588065329448e-05,2.7464751614562753e-05,1.6186661902997344e-05,1.9580573816700436e-05,1.098115883391935e-05,1.570181731751852e-05,4.672032116526719e-06
2023-02-21,2023Q1,10:00,1.125053752790536,15:00,1.2753960422858415,15:00,1.2384020934617905,15:00,1.2833841731606292,15:00,1.3224338930402786,15:00,1.2840755712795795,15:00,1.330716633977696,12:30,1.125053752790536,1.0767697488476515,1.0650845497986687,1.0768649550463152,1.0372553438145353,1.0552050833475626,1.040222520801124,1.0269463567461103,1.022289058536875,0.9731423084422216,0.9644308490564341,6.745321738633695e-05,1.9715017269270527e-05,5.7989575544455136e-05,1.5272663760556354e-05,5.1162768879447384e-05,1.4519759965571372e-05,4.508086849653465e-05,1.2355523650461227e-05,3.979148617001535e-05,1.1909576725607354e-05,3.593491054074695e-05,1.1616859062630358e-05,3.151223787153041e-05,9.214161438346368e-06,2.6390101513409752e-05,4.423542118399899e-06,2.090592021777914e-05,3.5042592640196597e-06,1.7502508211590964e-05,2.690386454699086e-06,1.3868097401225618e-05,1.6355733111031772e-06
2023-02-22,2023Q1,10:00,1.125801074128832,15:00,1.2809620590807513,15:00,1.2399995767382792,15:00,1.2915029364292185,15:00,1.3272378641708231,15:00,1.2847955785543603,15:00,1.3381595393596308,12:30,1.125801074128832,1.0775457626603056,1.065835084827588,1.0776126056856608,1.0379534345743076,1.055866514873625,1.0408944430830285,1.0276805407757066,1.0229403727442552,0.9738109410206357,0.9651337515758849,8.04297595985626e-05,4.837499608367881e-05,7.35663525768709e-05,3.853675953166083e-05,7.179128063091203e-05,3.625060911024875e-05,6.553083420579868e-05,3.619764635458543e-05,6.249992015535612e-05,3.512070103888938e-05,5.954464635039434e-05,3.385149277981129e-05,5.950934688479931e-05,3.349570879061257e-05,5.712426935626225e-05,3.05964808257106e-05,5.097946630317641e-05,2.9123306989159857e-05,2.6678740329230003e-05,2.198345018086864e-05,1.725560525190301e-05,4.535380321209384e-06
2023-02-23,2023Q1,10:00,1.1262294068377483,15:00,1.2820597588907936,15:00,1.2459492913870605,15:00,1.299427770554238,15:00,1.3273625483356652,15:00,1.2899760834420033,15:00,1.3453442750541287,12:30,1.1262294068377483,1.0781438344174772,1.0665316048655598,1.0782361543434273,1.0386155194413926,1.056530817072848,1.0416488292921136,1.0285426637572623,1.023736109591825,0.9740474907582429,0.9658700710656065,5.034002733539447e-05,8.8280881988323e-05,4.562271229766279e-05,8.408116406279784e-05,4.761845873972928e-05,6.097879636347853e-05,4.687780660702514e-05,5.2851517831634986e-05,4.695644996895841e-05,3.8042289940513316e-05,3.8663409421995004e-05,3.701326393887606e-05,3.096333208978538e-05,3.3872871353650506e-05,2.4642357702563227e-05,3.384018388300489e-05,2.018591589793559e-05,3.175140799896627e-05,1.8685313128489997e-05,1.429186385911149e-05,1.2997717409079902e-05,1.3905573564880566e-05
2023-02-24,2023Q1,10:00,1.125420988492297,15:00,1.274771969875044,15:00,1.2445788914579785,15:00,1.295897142464101,15:00,1.31985106168638,15:00,1.2885902812910828,15:00,1.3417232726612636,12:30,1.125420988492297,1.0773046562940087,1.0661661595184384,1.0779988056194105,1.0388045887771822,1.056518486974201,1.0415167150982763,1.0282018485014568,1.0232740038663026,0.9742611659750567,0.965845319127343,8.908296866936973e-05,2.8673050654260806e-05,6.890448252350903e-05,2.839306058299624e-05,6.0346357675708334e-05,2.8163907622108057e-05,5.2275394663088285e-05,1.766476648233891e-05,4.4588525752375135e-05,1.6021201383156805e-05,3.83868798037471e-05,1.533208311279556e-05,3.400980093039222e-05,1.0159293882694968e-05,3.031557601191411e-05,8.66167032116152e-06,2.423079725361527e-05,7.482328112311683e-06,2.091645285783717e-05,7.159969019988301e-06,1.563668399477111e-05,8.500334040715495e-07
2023-02-27,2023Q1,10:00,1.1263562648488803,15:00,1.279827471911905,15:00,1.2521452496700025,15:00,1.3061217539207848,15:00,1.323925180741069,15:00,1.2952891404237161,15:00,1.3511254579855156,12:30,1.1263562648488803,1.0780183620535417,1.0668019263542745,1.0787787834096265,1.039513979668052,1.057136847126361,1.0422329391211604,1.028919559485617,1.0238955518992947,0.9748861905552834,0.96669169113886,5.000759077143135e-05,2.61226626665241e-05,4.407484724618182e-05,2.5365597263335274e-05,4.254546225188138e-05,1.0407079520477772e-05,3.762621426052517e-05,6.766098930757402e-06,3.1021564859207876e-05,6.667906050451103e-06,2.649695050069003e-05,6.566478677948264e-06,2.343221486074848e-05,4.6593604993502055e-06,1.9014305373892576e-05,4.633659557580239e-06,1.6022100187547704e-05,4.412150707413216e-06,1.2749373077463746e-05,3.877604681589343e-06,9.690944233639335e-06,6.911364107028513e-07
2023-02-28,2023Q1,10:00,1.1266949789805794,15:00,1.2823744066303,15:00,1.2524187902042199,15:00,1.3123690844547449,15:00,1.32585294890094,15:00,1.294881695755747,15:00,1.3568645878101833,12:30,1.1266949789805794,1.0783298426830146,1.0674611233706177,1.079490450885466,1.0401253978243943,1.0576817299170345,1.0428007351109079,1.0293970728030963,1.0243269074966486,0.9752882460685448,0.9672071157614565,5.437069322975062e-05,2.147188830826204e-05,4.6339520846621114e-05,2.1316129648283e-05,4.088907905114658e-05,2.1206023991398816e-05,3.511378624844436e-05,1.87573721977934e-05,2.9480142614946212e-05,1.7018909714246464e-05,2.6428248740558433e-05,1.1475026594645212e-05,2.1075297872709314e-05,9.718250823240994e-06,1.9309614321892077e-05,9.555835885457999e-06,1.6236678736362346e-05,9.510582247458178e-06,1.3187980587411626e-05,7.128748955901849e-06,1.028186384816361e-05,5.420171010092188e-06
2023-03-01,2023Q1,10:00,1.1271913920247216,15:00,1.295542350144243,15:00,1.251978851348078,15:00,1.3146376415837369,15:00,1.3390689165803507,15:00,1.2940418071779176,15:00,1.3588057559178082,11:30,1.1271913920247216,1.0787644645490322,1.06784361117194,1.0798391343318696,1.040424207633105,1.0580798119305248,1.0431350612216288,1.029714478872681,1.0245703371468633,0.9755676676783739,0.9674949019448053,5.921216612944667e-05,5.692721544883082e-05,4.979326493449737e-05,4.285813859130265e-05,4.1366301293563364e-05,3.395292674923008e-05,3.665479759791408e-05,1.9976175492429467e-05,3.495807177682175e-05,8.258418176714376e-06,3.094203101674643e-05,8.25061163866769e-06,2.64140466760821e-05,8.132759569892443e-06,2.2155300719005734e-05,5.0668586708883046e-06,1.8042476956668745e-05,4.955378248853355e-06,1.5011365944169336e-05,1.5199104283987558e-06,1.1416023335282451e-05,1.5168021880081247e-06
2023-03-02,2023Q1,10:00,1.1271099506233548,15:00,1.3064358793003163,15:00,1.2527289868390588,15:00,1.3214504504666242,15:00,1.3495360367920557,15:00,1.2940573195056013,15:00,1.365045948290172,11:30,1.1271099506233548,1.0788306541542025,1.0679506147122535,1.0801927739310544,1.0410929531323865,1.058698386984849,1.0436828250622796,1.0302819180132647,1.0250562020321745,0.9761738718979897,0.968062981412344,5.5048416574532945e-05,4.287843969510205e-05,4.877552058409998e-05,3.942743552351743e-05,4.2369876836032656e-05,3.8837684547318164e-05,3.874782792648247e-05,3.6727037194152674e-05,3.450087114661743e-05,3.646709408394103e-05,2.8554372919581603e-05,3.646564439654851e-05,2.4396606173981898e-05,3.499819728460861e-05,2.1182692147341755e-05,3.426901496491117e-05,1.9488549036624745e-05,7.168871927067742e-06,1.6062308838996484e-05,2.8914790032990347e-06,9.554628412558373e-06,2.803284486698792e-06
2023-03-03,2023Q1,10:00,1.127220303619939,15:00,1.3134977413501405,15:00,1.2606152531268153,15:00,1.325718662048605,15:00,1.3562836827480262,15:00,1.3016785976972625,15:00,1.368902688331125,11:30,1.127220303619939,1.0789466054185382,1.0679693024717716,1.0801711187161123,1.04100515368623,1.0584187458677226,1.043312645122054,1.0298092880695593,1.0255110176757891,0.9767670553464782,0.9684535455656332,6.385424594719268e-05,1.961891012914807e-05,4.2123597575876995e-05,1.6033185728981975e-05,3.8572389980229055e-05,1.382140517520594e-05,3.301269299151259e-05,1.236731671562113e-05,2.8741442163981937e-05,8.942038729442049e-06,2.3950967703522023e-05,8.632294175260821e-06,2.026662004992729e-05,4.9999732074405125e-06,1.8588918807787607e-05,4.999360391164518e-06,1.4226429632438537e-05,4.931576752730175e-06,1.0219759517558516e-05,4.037490846347897e-07,9.226691549579653e-06,3.2139289494024115e-07
2023-03-06,2023Q1,10:00,1.1279055403567149,15:00,1.3142131526000655,15:00,1.2545890847883847,15:00,1.332208914042708,15:00,1.3563095520289872,15:00,1.2947756276851206,15:00,1.3748817471804373,11:30,1.1279055403567149,1.0794077583560053,1.0684673790079755,1.0806313757079213,1.0414974807152464,1.058830785402048,1.0437718537530263,1.0302589702044644,1.0258544638053657,0.9772072574490047,0.9689625429785207,4.1194877379196455e-05,1.7698301547243914e-05,3.458162594281823e-05,1.3442087088180625e-05,3.251178525462168e-05,1.3430406855504043e-05,2.7559287099647097e-05,1.3301716198621912e-05,2.2659709571024938e-05,1.2758537464396133e-05,1.8717863242042133e-05,1.2753808595587527e-05,1.760987220463455e-05,7.229701243994863e-06,1.5389287473403756e-05,6.8354876480358245e-06,1.3161737858927181e-05,3.3067573994836067e-06,9.793166436328477e-06,3.2482960594112088e-06,6.725268759854178e-06,2.9345116412770566e-06
2023-03-07,2023Q1,10:00,1.1282540194608708,15:00,1.3189124517351223,15:00,1.297867269103131,15:00,1.3343039556765286,15:00,1.3608481770200687,15:00,1.3391338483835298,15:00,1.3767290643774552,11:30,1.1282540194608708,1.0797805335467743,1.0688471712213368,1.0809400484249312,1.0417348360270513,1.058975746149419,1.0440788503562108,1.030538172181151,1.0262203554799068,0.9775037579459558,0.9691841264932466,0.0001120958909095646,8.138125603234517e-05,8.084161092624114e-05,3.935820940907659e-05,6.14632473436475e-05,2.8871071645797315e-05,5.375609715867295e-05,2.8396504726638648e-05,4.0793574828020884e-05,2.812922297205275e-05,3.371544913737015e-05,1.934786844269699e-05,3.0422505056131937e-05,1.609918448889565e-05,2.6833987661668717e-05,1.1601889975215646e-05,2.394808740505466e-05,3.5244706066839696e-06,1.784862830860858e-05,3.455118434553871e-06,1.117541980791372e-05,1.56316357877153e-06
2023-03-08,2023Q1,10:00,1.1285863694193252,15:00,1.3354510874327254,15:00,1.285353963748544,15:00,1.3411335395976018,15:00,1.377129193238262,15:00,1.325468587940182,15:00,1.382988989107293,11:30,1.1285863694193252,1.0804921181928322,1.0694867724722315,1.0814795712475012,1.0420256428882655,1.059343293612254,1.0444939361136347,1.0310356343079004,1.026981709394764,0.9781519109361755,0.9697355150045637,6.840520710065895e-05,4.648438594117873e-05,5.008038341750922e-05,4.645784205292084e-05,4.1123172440394096e-05,4.593655608440766e-05,3.357408268731974e-05,4.569751358971219e-05,3.08977690650483e-05,4.2188358510232904e-05,2.6508930273260782e-05,3.104411695429889e-05,2.494699235247259e-05,3.1026409939149755e-05,2.0205651120367896e-05,2.3096681146188803e-05,1.665293083807285e-05,2.2957877943480465e-05,1.2862011122674648e-05,1.864482539624417e-05,8.21330678350057e-06,1.734304871429988e-05
2023-03-09,2023Q1,10:00,1.1288474911879445,15:00,1.3161332723998083,15:00,1.3038349115525805,15:00,1.3298521814388515,15:00,1.3578955390008234,15:00,1.345206938475572,15:00,1.37204976317761,11:30,1.1288474911879445,1.0804899497027016,1.0693196292630631,1.0811092257434596,1.04169537301912,1.0591662256449919,1.044266696156867,1.0309150933556186,1.0267226306447266,0.9779113500458532,0.9692448605938091,4.347729772597567e-05,7.834236330841729e-05,3.91550776969589e-05,7.512279107395216e-05,3.353150844632527e-05,7.50499872200301e-05,2.913521412674957e-05,7.209013274917787e-05,2.5064631701250644e-05,7.186629400711113e-05,2.1610792246516123e-05,7.179320314835036e-05,1.9712912400611478e-05,6.2033841431112e-05,2.2809139383984648e-05,4.830106390183931e-05,2.743244953365457e-05,3.709365731321769e-05,2.1281310991004296e-05,3.601741351284466e-05,1.8187931750452893e-05,2.5033647545474163e-05
2023-03-10,2023Q1,10:00,1.1281120969924514,15:00,1.2973838084401244,15:00,1.3071782956816294,15:00,1.3186159803561275,15:00,1.3390290741107194,15:00,1.3491379586960375,15:00,1.3609427863962364,11:30,1.1281120969924514,1.0797119939081699,1.068345674316511,1.0799706244912943,1.040438673183374,1.0576579948239855,1.0428964776887788,1.030014951875338,1.0263246175422376,0.9772884920036701,0.9688989085630926,0.00015092337367695,0.00017240830922292635,0.00012616853473133627,0.0001717283984438875,9.209083101502258e-05,0.00013357649949779656,7.597272997988077e-05,0.00012590446468715386,8.710865649342366e-05,8.404654015697766e-05,7.457456444950933e-05,7.834927924056491e-05,6.56596673230402e-05,7.102203131474126e-05,7.074143244518285e-05,4.627373770428032e-05,6.906323300498167e-05,3.815186873501498e-05,5.062914872191391e-05,3.59486377970968e-05,3.7289342232900474e-05,8.03418981518734e-06
2023-03-13,2023Q1,10:00,1.1274013900722284,15:00,1.3053972748890115,15:00,1.3098288521947083,15:00,1.3385754848838036,15:00,1.3449687625504727,15:00,1.349534677586182,15:00,1.3791527285344138,11:30,1.1274013900722284,1.0786183971336405,1.0672934714048834,1.0785748558308021,1.0404301964088782,1.0574287206900768,1.0426413621105293,1.030783602610206,1.0274404592997033,0.977979780585582,0.9705781362636099,0.0002553489557513644,0.00021917875481182347,0.0002446617126904902,0.0002014602171038665,0.000181722952899761,0.00011092406009749551,0.00015244958870290246,8.427371987176315e-05,0.00013465384312326433,7.970117914193099e-05,0.00012650435506693887,7.36511815342678e-05,0.00012014348612946157,6.208356742798173e-05,9.471851423032486e-05,6.18717639643511e-05,5.656089642268732e-05,4.809359448942283e-05,4.304865767050796e-05,4.534507857638167e-05,2.9085957687116377e-05,4.534377929637319e-05
2023-03-14,2023Q1,10:00,1.1275354190932023,15:00,1.2857533315716059,15:00,1.3122891374173393,15:00,1.315471779603982,15:00,1.3258866413801382,15:00,1.353250731851605,15:00,1.3565327165495598,11:30,1.1275354190932023,1.0791215855143312,1.0686070601812352,1.0800039655494482,1.0417302840022615,1.0587704009454237,1.0443193389662602,1.0318120260562622,1.027706660767433,0.9779220001673132,0.9697309645063193,0.00011976892513469458,0.00012718838186002228,8.147426307840686e-05,0.00011883304301944377,6.592666516195322e-05,0.00011855478886330377,5.527185784169013e-05,0.00011102558049103847,5.0461232835051115e-05,0.00010801500917581187,4.886685772927694e-05,0.00010404207181360537,4.95027664935551e-05,0.00010340386786398577,6.575623656580419e-05,8.483395623889e-05,5.136278184862391e-05,8.310103097862067e-05,3.685507276913494e-05,8.280207264633437e-05,2.518160291736279e-05,8.090725697853814e-05
2023-03-15,2023Q1,10:00,1.1271519879013636,15:00,1.2439518585052927,15:00,1.2985161008453328,15:00,1.2588171100515884,15:00,1.2867751617331287,15:00,1.3432177895421469,15:00,1.3021521526768718,11:30,1.1271519879013636,1.0782635549206245,1.0673499198021774,1.0785071557623886,1.040174781564156,1.0570840566885151,1.0425538864927293,1.0310902766568923,1.0264427769361426,0.9759651299932486,0.9667204461965536,0.00017964538927005324,7.177219301311389e-05,0.00014598416651724036,7.08279720301382e-05,0.00011844292221123934,7.06563513354284e-05,0.00010424405926747146,7.057228341504852e-05,9.640837991144456e-05,6.868805616552654e-05,9.733291573669274e-05,6.322248700504083e-05,8.966275120649078e-05,6.007801416614661e-05,8.054640236287736e-05,2.6981759414466998e-05,7.14445145074739e-05,2.6948020366351567e-05,6.215812881353639e-05,1.2902580054236636e-06,3.991992457839563e-05,8.698116097956219e-07
2023-03-16,2023Q1,10:00,1.1287517328714611,15:00,1.2579222213151315,15:00,1.3041765060671129,15:00,1.2861721782636701,15:00,1.2982610244334483,15:00,1.3459985825185279,15:00,1.3274168954616796,11:30,1.1287517328714611,1.0795392432251354,1.068238851630799,1.0791575431038498,1.0407993232192874,1.0579218239907073,1.0433683089050343,1.03283623510485,1.0280667877854748,0.978666112966743,0.9689285880426702,0.0001297771171641682,0.00013702517453722211,0.0001031270384786664,0.0001332334513343854,8.804774887229723e-05,3.753242741029357e-05,7.874831050580459e-05,2.5198267650904378e-05,6.115377870898074e-05,2.021966794495998e-05,4.8122824153799227e-05,2.0161474112497084e-05,5.4395728776040705e-05,6.450945829698655e-06,4.1431938256899045e-05,6.380367051293029e-06,3.383737077668699e-05,6.288146108167957e-06,2.42869101592733e-05,5.598302837507787e-06,1.5307537954307867e-05,3.91813554561571e-06
2023-03-17,2023Q1,10:00,1.1283493932894124,15:00,1.266037453223226,15:00,1.2891816572449792,15:00,1.2934665186160548,15:00,1.3057601454761154,15:00,1.3296305129233295,15:00,1.334049814416343,11:30,1.1283493932894124,1.078795146496863,1.069228790069089,1.0803487929751052,1.0418023832041878,1.0586573417586587,1.0448042882213258,1.0339897496570734,1.0290818467813336,0.9795000788162788,0.9695788752700784,0.00011098943531681512,7.113699012344285e-05,8.942017233455741e-05,5.579963146962607e-05,9.539959657580026e-05,5.0453042936187727e-05,8.193977171587969e-05,4.7153900401444255e-05,7.041552144187924e-05,4.7152960907237486e-05,6.340250200337122e-05,3.841148740673865e-05,5.5271025256746937e-05,3.7563718249902756e-05,4.631156829417303e-05,3.5524662427407294e-05,4.0597798695171934e-05,3.5490045554887784e-05,4.465711868423333e-05,1.2290825454539785e-05,3.135385935825023e-05,1.0253134842726777e-05
2023-03-20,2023Q1,10:00,1.128845430250622,15:00,1.2872219116183703,15:00,1.281262037222506,15:00,1.3063658451754356,15:00,1.3259559803045333,15:00,1.3198167660589302,15:00,1.3456759780434073,11:30,1.128845430250622,1.0793288369257958,1.0700836475398503,1.081064239095203,1.0423342180901412,1.0592808689080224,1.0452864980673184,1.0343065228776962,1.0292327843614926,0.9809456144413976,0.9707878170455803,0.00011979705753472758,4.563377326907609e-05,9.211198302264932e-05,4.248826279656576e-05,6.663368459193557e-05,3.906949843032263e-05,6.416390584157787e-05,3.3276238965704095e-05,5.697286830946891e-05,1.7218944641637157e-05,6.079376076513932e-05,1.3974937089273666e-05,4.509804760468732e-05,5.030469197560333e-06,3.4375623767822275e-05,4.043992856709747e-06,2.5874192369741278e-05,3.511679931525066e-06,1.8747371324893328e-05,3.4908037587859026e-06,1.2613959435030534e-05,3.0427573998133363e-06
2023-03-21,2023Q1,10:00,1.1299471222239061,15:00,1.2961946720609836,15:00,1.2805577006125337,15:00,1.3125799178737594,15:00,1.3344491595229473,15:00,1.3183506954136253,15:00,1.3513179817567784,11:30,1.1299471222239061,1.0801728660303092,1.0705951971972987,1.0817143982917543,1.043308595826097,1.0605415510733383,1.0464851919330325,1.035304809879758,1.030057051066213,0.9816245789155994,0.9713331248410847,5.4889430651466916e-05,4.0447034906650074e-05,5.4585237071823544e-05,2.638729688955632e-05,4.5708014713735e-05,2.6159271933052236e-05,3.511627123962336e-05,2.3369091987398292e-05,3.606563399580425e-05,1.6991038525853755e-05,2.734329496283143e-05,1.4513979502289253e-05,2.604733519568396e-05,1.443477460300004e-05,1.745235412728597e-05,1.2670004618625465e-05,1.4968136073893204e-05,9.863521562282196e-06,9.35680161612739e-06,6.114552001913713e-06,9.155030875865485e-06,3.659581486104598e-06
2023-03-22,2023Q1,10:00,1.1300952398945774,15:00,1.2840124625050773,15:00,1.2811955088926266,15:00,1.315736225152324,15:00,1.3214774076865423,15:00,1.3185782609367576,15:00,1.3541268070104067,11:30,1.1300952398945774,1.0806485891556559,1.070959757189584,1.0819411637404712,1.0437662842933764,1.060869009521596,1.0468142572153596,1.035448081972844,1.0302350283066624,0.9817731810049498,0.9716491973577865,0.00028021848766020035,0.00032872761727763505,0.0002941769672468465,0.0003197884297044313,0.00029115902324336707,0.0003182464374348941,0.000285324123351867,0.0003172294330169486,0.0002905320335809375,0.0003172189525834798,0.0002980272152208575,0.0003145552099420057,0.00030710155143414357,0.0003139456957911345,0.00030241582190295726,0.0003135385164642745,0.00031093093589230886,0.0003126638760889671,0.00017468678228936302,0.0003012325818531747,6.40359364783974e-05,0.0002902862173383649
2023-03-23,2023Q1,10:00,1.1286313218644533,13:30,1.1752594691792417,14:00,1.2412320825276182,14:00,1.2282131665262415,15:00,1.2066636898451037,15:00,1.2699757330341421,14:30,1.20607249377944,11:30,1.1286313218644533,1.079716493196141,1.0699434990054846,1.0806162165622064,1.0427617027105676,1.0598998427458541,1.0461724669884485,1.034720690107321,1.0298256946686857,0.9764812992513222,0.9595429184259497,7.59464551823766e-05,8.763720367144574e-05,6.224525572630557e-05,8.408313734524679e-05,5.6538714422528894e-05,6.606275732022222e-05,5.3096386708575495e-05,6.470915813714e-05,4.760423934204164e-05,6.46291651867109e-05,4.013536512550639e-05,6.352303235081512e-05,4.0819904733853865e-05,5.836999700325402e-05,4.465094215168481e-05,4.531982149333632e-05,3.7634104821809116e-05,4.367854324950415e-05,5.2089362367666156e-05,1.916919678851223e-05,4.4481952916601065e-05,1.671710173780272e-05
2023-03-24,2023Q1,10:00,1.1282635356296502,13:30,1.169592927177209,14:00,1.2371429300561065,14:00,1.2231238043779646,15:00,1.2052737376828329,15:00,1.2686897598841864,14:30,1.2168028783844176,11:30,1.1282635356296502,1.0791997391216293,1.069654486784092,1.0802316694685943,1.0422724920276991,1.0591623767715719,1.0455703392497802,1.0346474474318834,1.0295572736325032,0.9779388772868641,0.9611207406760328,0.00013593198295249265,6.582114065609878e-05,0.00012569837284506037,6.185122414367624e-05,0.00011248855686007305,5.6477421169498875e-05,0.0001070890094563571,5.3343991046487084e-05,8.305806743683065e-05,1.895849928614074e-05,7.901586903669803e-05,1.487038091827006e-05,6.15964531983676e-05,8.805064871469781e-06,5.232439885071819e-05,8.247039009325859e-06,4.070781573786821e-05,8.240474217715185e-06,2.9864122132568027e-05,5.9214514965769194e-06,2.21799538526799e-05,4.228977381988027e-06
2023-03-27,2023Q1,10:00,1.1292501780945723,15:00,1.3203423519006572,14:00,1.2356681955585502,14:00,1.232940460830026,15:00,1.372318236638267,15:00,1.2652544731360151,14:30,1.2252544475064877,11:30,1.1292501780945723,1.0802658598892128,1.0707173303900053,1.0813605595498952,1.043836607476196,1.0608774521747055,1.0471281074801109,1.036077402189716,1.0307341788472317,0.9789900788331083,0.962125487113737,6.96798968522602e-05,3.717960977776046e-05,6.708118447320221e-05,3.201412173602672e-05,6.456739282095421e-05,2.8429471407976323e-05,5.02270609025124e-05,2.8179433008274956e-05,4.764845548680437e-05,2.5239221267535368e-05,3.6115505937562274e-05,2.0555085847535744e-05,3.273204790149811e-05,1.9723554993669224e-05,2.5446074660242842e-05,1.757248455024032e-05,1.88388297301501e-05,1.7445456691097838e-05,1.5936800806223543e-05,1.5520694216726033e-05,9.987540495361485e-06,1.3006208290825518e-05
2023-03-28,2023Q1,10:00,1.1296930084820935,15:00,1.3167935530469415,14:00,1.2439918855238974,14:00,1.232079986115679,15:00,1.3688289229770958,15:00,1.265545694175554,14:30,1.2240625292196121,11:30,1.1296930084820935,1.080853255661981,1.0714134335547487,1.081811115540504,1.0443626785232651,1.061265142085014,1.0474870527082616,1.0363136664054728,1.0307654663739867,0.9790224660893059,0.961985483315927,5.864300368534994e-05,3.6293916570580786e-05,4.798056762905869e-05,3.566082407958779e-05,4.692637832945988e-05,2.836067099327702e-05,3.8233072195409134e-05,2.1904982721855615e-05,3.2153408859122775e-05,2.140846277431601e-05,2.882671318152198e-05,1.8916607903780242e-05,2.4502951594866314e-05,1.885437203294527e-05,2.083671177095803e-05,1.7721923332968672e-05,2.2371470637803448e-05,9.98452798770105e-06,1.4160372443029225e-05,8.379972788741086e-06,9.702120805178013e-06,6.785859916659724e-06
2023-03-29,2023Q1,10:00,1.1299749345798697,15:00,1.344532376482037,14:00,1.2413413995133908,14:00,1.2353500098568027,15:00,1.3974084330699017,15:00,1.259334198438532,14:30,1.2255193702582756,11:30,1.1299749345798697,1.0810237110368957,1.0717506150695038,1.08214247680986,1.0446044422992595,1.0615021248379994,1.0476282236289831,1.036394268447321,1.0312062126426642,0.9792822820722247,0.9621613442880805,4.4607472662250155e-05,2.262459301777456e-05,4.1695553004461024e-05,2.1443380885337174e-05,3.425985708558846e-05,1.8712497524601073e-05,2.819475511754747e-05,1.701402057810612e-05,2.2722858500578986e-05,1.462476425891461e-05,2.0141440104264924e-05,1.4620247271909695e-05,1.784526745024948e-05,1.4225831823903783e-05,1.4988145092962513e-05,1.100101778335566e-05,1.2648629707620962e-05,6.6848090435847575e-06,9.332513646098692e-06,6.1293149536541875e-06,6.658730742185543e-06,2.339728983810512e-06
2023-03-30,2023Q1,10:00,1.1302791268940917,15:00,1.3312290766368178,14:00,1.2419364163919546,14:00,1.2367884044113004,15:00,1.3832309489324541,15:00,1.2575763179715163,14:30,1.2261998592023016,11:30,1.1302791268940917,1.0813580228517512,1.0720400731363269,1.0823654060637178,1.0447881511514898,1.0616272399814324,1.0477155604904413,1.0365112121260032,1.0314161480490158,0.9794275097538602,0.962405502612727,2.980788058118006e-05,8.388864378931128e-06,2.4703891966597304e-05,7.97756882995603e-06,2.4102357826178404e-05,7.5101396767320345e-06,1.9868652883146804e-05,7.450379061705122e-06,1.7861917286101894e-05,6.526634281362809e-06,1.845610135779421e-05,6.019378764282038e-06,1.4765918208687913e-05,4.87621276479031e-06,1.2714552778442536e-05,4.856303186521606e-06,1.0853497877951016e-05,4.755819292180066e-06,6.830728576617105e-06,7.88235261847131e-07,5.766126671531715e-06,7.717138303651717e-07
2023-03-31,2023Q1,10:00,1.1306037850524953,15:00,1.319411812041805,14:00,1.2381845427088802,14:00,1.2384325716319027,15:00,1.3705557916528608,15:00,1.2545318991727603,14:30,1.2284627352545112,11:30,1.1306037850524953,1.0816482807216532,1.072367107572107,1.0826343527337288,1.0450605696663082,1.0619537996007695,1.0480022110965947,1.0367616043632353,1.0316330880070763,0.9796917179861624,0.9626837667444553,3.0140853445061664e-05,2.1572495009397495e-05,2.3449241348326363e-05,2.1513345326087504e-05,2.1846374784344547e-05,1.9623869792421693e-05,2.6816911177876716e-05,1.8168991523700397e-05,2.477003166493294e-05,1.7044838739102224e-05,2.6134689417470243e-05,1.5896868938117652e-05,2.262391431219239e-05,1.5155634111443373e-05,2.0997385314826834e-05,1.4855047282408348e-05,1.6596856380936696e-05,1.4755326796094224e-05,1.5188023735835435e-05,1.474152811300314e-05,1.3137529106241842e-05,1.412108605927101e-05
2023-04-03,2023Q2,10:00,1.1306956095711302,15:00,1.3109119612854374,14:00,1.2340972611456245,14:00,1.237874706315822,15:00,1.3617622141167245,15:00,1.252026425418967,14:30,1.2272912633773412,11:30,1.1306956095711302,1.081651517765052,1.0723834491525797,1.0827971061242478,1.0452321230092185,1.0622041227297834,1.048202208186112,1.036943948901736,1.0316832005339196,0.9797242230259655,0.962658493308048,3.8418831374027154e-05,4.2746902613100114e-05,3.230545151167418e-05,3.641463344590514e-05,3.137251378722307e-05,7.98939652990805e-06,2.496117903837394e-05,7.957725928330126e-06,1.930678475305359e-05,6.93675673926694e-06,1.5920137848697494e-05,6.744996454636076e-06,1.464007298377031e-05,5.91212766954756e-06,1.234075250647326e-05,5.900137720582566e-06,1.0035005930023653e-05,5.8975115530648494e-06,6.82955183371331e-06,5.046497467117584e-06,6.771131339032664e-06,1.3591690976977056e-06
2023-04-04,2023Q2,10:00,1.1305374067039078,15:00,1.3148254088347446,14:00,1.2363814393859804,14:00,1.2387928482271846,15:00,1.3653986384672037,15:00,1.2544959945452707,14:30,1.2275285480833973,11:30,1.1305374067039078,1.0815237846635495,1.0728478239632304,1.0831692658575394,1.0455293626515318,1.0624409470125014,1.0484526649232189,1.037146664628557,1.0318271763864673,0.9798063696298335,0.9629608319448506,3.279025089816495e-05,2.1940251551844015e-05,3.02437170404734e-05,2.0007360428966827e-05,2.5779898291147448e-05,1.6971439763805623e-05,2.7218469034827388e-05,1.2808205246088527e-05,2.3719159530962758e-05,1.0695160396790781e-05,1.9687794079240903e-05,1.0693440232750465e-05,1.757266736094712e-05,1.0668279886628548e-05,1.3377544718277135e-05,8.186706817304338e-06,1.1207793706843616e-05,7.65561657749975e-06,1.0267130105333921e-05,4.498766225029448e-06,6.634867190181492e-06,4.446035860000915e-06
2023-04-05,2023Q2,10:00,1.1306647868748256,15:00,1.3160424872404153,14:00,1.231483330182652,14:00,1.2393765863834916,15:00,1.3664777363356613,15:00,1.2474477554864307,14:30,1.2293970423852578,11:30,1.1306647868748256,1.081678925358799,1.0730019620036286,1.0834730381311333,1.0458383744269975,1.0626661043144,1.0486420866469868,1.037305817759836,1.0319477173394995,0.980061607787235,0.9630910568433462,3.5752050263367964e-05,2.532184424907041e-05,3.224418747545846e-05,1.77632692476413e-05,2.9200311121942457e-05,1.2425395619680854e-05,2.3338743453481343e-05,1.210734828982792e-05,1.733831048929417e-05,1.0809262649041233e-05,1.6656851490541736e-05,6.375373229787082e-06,1.4576954279521332e-05,6.37464322494225e-06,1.154811373256963e-05,3.4712609958598106e-06,8.76613662589776e-06,2.997747141302971e-06,7.684210181072079e-06,2.9716275260982895e-06,5.830963878187997e-06,1.915208919509126e-06
2023-04-06,2023Q2,10:00,1.1307783328988914,15:00,1.3188707888596953,14:00,1.2565579479104179,14:00,1.2411038392296005,15:00,1.369100893256779,15:00,1.2586743328549042,14:30,1.2310030559556315,11:30,1.1307783328988914,1.0819137627009807,1.073324885690217,1.0837056289162532,1.0459870494678107,1.0629332721246287,1.0488760878518402,1.0375646214224448,1.0321543680613194,0.9802694508128579,0.9633116122818403,4.0210152195810435e-05,1.6983273131136384e-05,3.0177169869700526e-05,1.4331343286086239e-05,2.4840169638682786e-05,1.3270901074875591e-05,2.0149516115476264e-05,9.532167839580558e-06,1.85378785710999e-05,4.2256480590319075e-06,1.8095151713557446e-05,3.5036094337938956e-06,1.6217062521576987e-05,3.415021907364503e-06,1.2293683268375294e-05,2.5197713125976763e-06,9.8518272082804e-06,2.4491817689674977e-06,6.930630495415107e-06,1.4749294212778244e-06,4.558280464299232e-06,8.322117940971924e-07
2023-04-10,2023Q2,10:00,1.13111316017343,15:00,1.3185562331404597,14:00,1.2566631602293903,14:00,1.2434572076674661,15:00,1.3684791151160636,15:00,1.2594564367055057,14:30,1.2330698767766286,11:30,1.13111316017343,1.0821781226115876,1.0735404685693262,1.0839290388399756,1.046334896935249,1.0633217698063109,1.0492506757506799,1.0378797982283994,1.0324211501328857,0.9805083327834703,0.963519441821098,3.844371661340077e-05,2.334187234254686e-05,3.1261194684480476e-05,2.2814454533873666e-05,2.7413315213744168e-05,2.2432680041926686e-05,2.04355410022292e-05,1.9756198810454382e-05,1.84933840285468e-05,1.886317306580761e-05,1.714229316029931e-05,1.8808990766326325e-05,1.3603683524524951e-05,6.8825979431062576e-06,1.1672573620880563e-05,6.0934059495597594e-06,9.33451600140844e-06,6.0791031531787975e-06,6.7553219318272416e-06,5.97383941992303e-06,4.552278180585261e-06,5.391591011033627e-06
2023-04-11,2023Q2,10:00,1.1313050256972819,15:00,1.3214741243196364,14:00,1.258002105305088,14:00,1.2440760250876217,15:00,1.3715580762224706,15:00,1.2591570774006142,14:30,1.2328042327301978,11:30,1.1313050256972819,1.0822964870750054,1.0736082064530548,1.0839067799447022,1.0463042652001358,1.0632445554070773,1.0494398447598352,1.038053917127009,1.03253252868611,0.9805474302235307,0.9634838999739808,2.909963167840626e-05,1.729168642767526e-05,2.552311240792609e-05,1.5978735183527207e-05,2.398023454908733e-05,1.3422986741781978e-05,1.8113935105924084e-05,1.2046861765645016e-05,1.5525691511808096e-05,1.1755359739523692e-05,1.2416421226903095e-05,1.1464300258307598e-05,1.0820506011037685e-05,1.1353505460856467e-05,8.986896133295131e-06,1.1332261282211608e-05,5.792178967489011e-06,1.0602044537033454e-05,5.239951725471586e-06,1.0539617130445242e-05,3.864969946018097e-06,1.053770662897931e-05
2023-04-12,2023Q2,10:00,1.1314569518042374,15:00,1.3096664027269875,14:00,1.2569284119331265,14:00,1.24147878973213,15:00,1.3597933723129965,15:00,1.258843054407782,14:30,1.2295858071595192,11:30,1.1314569518042374,1.0824446615191448,1.073802753249837,1.0840217356325124,1.0463836900810939,1.0632506887544333,1.04940741962981,1.0379635564478753,1.03234487345348,0.9803257005096448,0.9631363333528069,5.045719546084477e-05,6.856406419020041e-05,3.679850005492004e-05,6.46503230149561e-05,4.697893186365364e-05,3.091721494525539e-05,3.553931691406267e-05,3.0182446109312048e-05,2.7741787934041266e-05,2.650140838790251e-05,2.422450085153175e-05,2.627938719021191e-05,2.0943493757112717e-05,2.554104872385893e-05,1.9108729777472387e-05,2.5079754310587155e-05,1.8431827563383307e-05,2.4458334120514278e-05,1.550495521777686e-05,1.539223331601517e-05,1.1109580446141035e-05,1.3417351346044183e-05
2023-04-13,2023Q2,10:00,1.131025416069633,15:00,1.3029975309771258,14:00,1.2603012249822045,14:00,1.2372794216428724,15:00,1.3530099399407336,15:00,1.2680582467623331,14:30,1.228136059126514,11:30,1.131025416069633,1.0818478984130062,1.074082730446982,1.0840858254742025,1.0463839643292383,1.0631503571104726,1.049233931673276,1.0377384361211017,1.032096905057096,0.9803437741679627,0.963036185110511,3.1907978438795816e-05,2.7370439050463324e-05,2.990361135732275e-05,1.0928007123394323e-05,2.4813095480824938e-05,9.749203885854813e-06,2.2093716296384345e-05,8.303835377348537e-06,1.769664228480601e-05,8.15870830138435e-06,1.3938944268591173e-05,6.898235962104298e-06,1.1919311938322373e-05,6.855798055605483e-06,1.1287530468884677e-05,5.811193157759881e-06,1.1164128761975449e-05,2.591174913406744e-06,8.64855920530214e-06,1.2921451227490525e-06,5.185039498153798e-06,1.9596565862590904e-07
2023-04-14,2023Q2,10:00,1.1310405468529938,15:00,1.294122929967635,14:00,1.2625581338436718,14:00,1.2401084330583392,15:00,1.3434097459462184,15:00,1.2692292467015809,14:30,1.2310876719011308,11:30,1.1310405468529938,1.0821730171015793,1.0743740624615659,1.0843832080266842,1.0466092805347578,1.0633286088995295,1.049373830538325,1.0379093471471112,1.03240566436637,0.9806648132772446,0.9633121494560329,3.5094526590696544e-05,5.4675604201133475e-05,3.945091500832769e-05,1.8376671178612744e-05,3.055516900402351e-05,1.8327173302737377e-05,2.6893048218814532e-05,1.5934555784330264e-05,2.0664603602611663e-05,1.578058182648265e-05,1.5672541926168398e-05,1.3595340023249236e-05,1.628035548051562e-05,9.795876742222959e-06,1.4158888492549264e-05,9.250798026225608e-06,1.0808327430489593e-05,8.46169586576415e-06,8.65946623192111e-06,4.108237256356826e-06,6.1826428862647976e-06,3.819506834741724e-06
2023-04-17,2023Q2,10:00,1.1306155217573992,13:30,1.276213394652824,14:00,1.262868890538593,14:00,1.2402212738005063,15:00,1.3224315623338372,15:00,1.270462585755546,14:30,1.2325998332152586,11:30,1.1306155217573992,1.0825246856416855,1.074594687362822,1.0846015126408257,1.0467112906379819,1.0633614192846708,1.0495514159449777,1.0380574678952788,1.0324810118043812,0.9808661673680675,0.9634503845331992,2.7958745859900178e-05,1.6881029305100833e-05,2.2873924240118405e-05,1.6845537199084616e-05,1.9090802719580675e-05,1.5877975905219758e-05,1.761172086081017e-05,1.562722432231581e-05,1.577901035044094e-05,1.4568911747453257e-05,1.4352571857716895e-05,1.4568700184535809e-05,1.1583778311709155e-05,1.455784737417456e-05,9.17170344912373e-06,1.4255834423558623e-05,7.530888908717268e-06,1.190505627021811e-05,5.728627303918876e-06,1.1348051671632727e-05,4.826562954673359e-06,4.660940302327686e-06
2023-04-18,2023Q2,10:00,1.1307564840061712,13:30,1.2656368770396715,14:00,1.2711139081317833,14:00,1.2376116848635097,15:00,1.3096192559789637,15:00,1.288024383201001,14:30,1.2290602571008982,11:30,1.1307564840061712,1.0826080328890717,1.0746358633720803,1.0846165487917339,1.0467243078072825,1.0633306983795905,1.0494421021931992,1.0378746792195048,1.0323079955888446,0.980631376508189,0.9634689331148245,2.4898836659868398e-05,1.751274709008722e-05,2.664198911450683e-05,9.710289861907233e-06,2.388273140622132e-05,9.495857804949488e-06,2.0715414840642975e-05,9.313596525395129e-06,1.8000758844233643e-05,8.952915060854741e-06,1.3669904233786715e-05,3.950509964885999e-06,1.3342637631259411e-05,3.24405494949023e-06,1.1281893983907648e-05,3.144381278000822e-06,8.450244565752023e-06,2.635755530277067e-06,6.09106984953827e-06,2.0384720505917305e-06,5.829943422601606e-06,6.630578805634164e-07
2023-04-19,2023Q2,10:00,1.1308374246821717,13:30,1.268997300583335,14:00,1.2740954737827728,14:00,1.2395021582897472,15:00,1.2919263258879798,15:00,1.2908277284512162,14:30,1.2305985691229249,11:30,1.1308374246821717,1.0828978252653494,1.0749134707604069,1.0848574208194974,1.0469363820098596,1.0635860231729823,1.04973605344451,1.0381351398859164,1.0325161876991844,0.9808092080286527,0.9637555116883011,2.9106196524071118e-05,6.028532268268073e-06,2.2197821779789224e-05,3.0691255810447957e-06,1.8592152713629612e-05,2.5589201334423878e-06,1.708548197186169e-05,2.553689296439671e-06,1.5156644725821864e-05,1.646617069484857e-06,1.178390187032072e-05,1.4072881901246295e-06,1.0355260447784453e-05,1.249375336952896e-06,9.08550027597836e-06,1.0105852251167182e-06,6.3490775167861856e-06,4.6852979601645703e-07,6.752797514295123e-06,4.633301636265118e-07,4.4751739755667354e-06,4.627505154410076e-07
2023-04-20,2023Q2,10:00,1.1311913966597602,13:30,1.2634049687943245,14:00,1.2738580469038168,14:00,1.2416269057645561,15:00,1.2778545227087943,15:00,1.2900933049095586,14:30,1.233288381525109,11:30,1.1311913966597602,1.0832369121095502,1.0752349690131584,1.0851822740453727,1.0472664839148176,1.0638633916991933,1.0500035390035616,1.0383961752433744,1.0327293174077194,0.9810829133706516,0.9639779404432666,2.8311614053792315e-05,3.831966534134806e-05,2.3877284687213326e-05,3.623845677163025e-05,1.8586269250038563e-05,3.514781812009038e-05,1.88787752037567e-05,3.376170645954696e-05,1.5116862698138518e-05,3.370205062435176e-05,1.228142223069015e-05,3.3053916513699064e-05,9.546398538391324e-06,3.083409216006635e-05,7.864793857342115e-06,3.036806346459475e-05,6.821854295885083e-06,2.9840783891582646e-05,6.647754527475912e-06,2.5850254134950712e-05,8.206403014473841e-06,2.2213174397846027e-05
2023-04-21,2023Q2,10:00,1.130952765640418,13:30,1.2447470442176733,14:00,1.2777965896320496,14:00,1.2304926051921734,15:00,1.2568027606076586,15:00,1.289283902107233,14:30,1.2222563300229772,11:30,1.130952765640418,1.082960825592116,1.0748454701416899,1.0847795804256928,1.046771027431808,1.063246942645937,1.04932892922358,1.0376281136070498,1.0318583263062011,0.9802706011082769,0.963249772420518,3.293783847325792e-05,2.466250214731832e-05,2.2161181825959515e-05,1.749297147438873e-05,2.5828928159259917e-05,7.70253459286648e-06,2.0704516414011153e-05,6.183723273644613e-06,1.7723267663024574e-05,5.152855914421553e-06,1.5118083148059062e-05,4.743711530888908e-06,1.3229912677258455e-05,4.563909950438983e-06,1.0963816971215054e-05,4.4862894976306805e-06,8.103980192412868e-06,1.6546473996607017e-06,7.369754121228548e-06,1.594992142215024e-06,5.562901403897882e-06,1.0855287392138963e-06
2023-04-24,2023Q2,10:00,1.1310328169657244,13:30,1.2507677711081109,14:00,1.2781677692258184,14:00,1.23275093815822,14:30,1.262029728600452,15:00,1.2901444932392223,14:30,1.2246404815553513,11:30,1.1310328169657244,1.0830185646800345,1.0752013294538112,1.085096917038015,1.0470737265085184,1.0635182974167956,1.0495783224967707,1.037832799877506,1.032090496522198,0.9805226196229943,0.96349882441651,2.5383615156190524e-05,1.703512907216994e-05,1.989036339090868e-05,1.6712928702265557e-05,1.914805506467989e-05,5.765108881445533e-06,1.715411520235519e-05,4.782398431932696e-06,1.477348930805719e-05,4.194648289210241e-06,1.1267708271316404e-05,2.4216348584754365e-06,8.970405181119309e-06,2.027879361386051e-06,7.883724354859459e-06,2.008832261132228e-06,5.7877777816523785e-06,8.589237498766025e-07,5.014967436189968e-06,6.692550827401557e-07,3.4236192931047146e-06,6.46768047794714e-07
2023-04-25,2023Q2,10:00,1.1311298275559667,13:30,1.245014990357372,14:00,1.27994680887387,14:00,1.2345298222979249,14:30,1.2577973200066093,15:00,1.2922743242392065,14:30,1.2265078782704169,11:30,1.1311298275559667,1.083050681509303,1.075463873879751,1.0853681584654067,1.0473285734331654,1.0637524099851072,1.0497804631891645,1.0380209326335275,1.0322683871149647,0.9807118048893531,0.9636532175892015,2.5543019094794894e-05,2.1297811440849283e-05,2.6061781881078965e-05,1.8858838352632657e-05,1.9271133347238547e-05,1.8683527261478497e-05,1.6468830185861623e-05,1.8439304657431218e-05,1.7496567731912294e-05,1.659783877579202e-05,1.4521227191902903e-05,1.648131519259271e-05,1.3429746657365965e-05,1.611527745418332e-05,2.1279808504545303e-05,8.313191595323677e-06,1.6705601358828047e-05,6.698107844063702e-06,1.0301330857799898e-05,6.524681865900815e-06,7.968306408301801e-06,4.837568856715295e-06
2023-04-26,2023Q2,10:00,1.1311528566528615,13:30,1.2444131975890984,14:00,1.2796558014825021,14:00,1.2377303683851402,14:30,1.2508040897917991,15:00,1.2909770419977245,14:30,1.227530866132005,11:30,1.1311528566528615,1.083151785837507,1.0754472078471093,1.0852878357048883,1.0473313506202864,1.0636713543726393,1.049677469414827,1.038431241947793,1.0326236745169841,0.9808811393442048,0.9638354646206532,3.368612005720328e-05,3.74001107736706e-05,3.5393487871238056e-05,2.3780144317049067e-05,2.468856714672608e-05,1.9282881302533314e-05,2.1523930464883304e-05,1.4094124978490751e-05,1.7784307691588728e-05,1.3914677429126405e-05,1.5550920209040852e-05,1.3627090565161582e-05,1.4130637225436558e-05,1.2399937768599628e-05,1.1613613030006597e-05,1.1307556555075957e-05,1.519709638520007e-05,5.5183296450628685e-06,1.076528342213029e-05,5.517304424055466e-06,8.570441942875719e-06,2.4616907154504035e-07
2023-04-27,2023Q2,10:00,1.1310162765379297,13:30,1.2415768152086724,14:00,1.2809670204320656,14:00,1.2409328115698564,14:30,1.2532212366209485,15:00,1.2905129612313093,14:30,1.2293317778575934,11:30,1.1310162765379297,1.083324550647441,1.0755272482082816,1.0854289149934382,1.047410117442635,1.0636997777596153,1.0497103746150707,1.0384270754641534,1.0329682750391447,0.981113377460978,0.9642947553602261,2.7114153480029523e-05,2.4312844776286678e-05,2.591374647926791e-05,2.2537437442377045e-05,2.3491537286257974e-05,2.1206002727616625e-05,2.1186533110767527e-05,1.4116983508201316e-05,1.6754243069591543e-05,1.3359070741379731e-05,1.2525640405817075e-05,1.2602682745517366e-05,1.045378001917962e-05,1.2214262003790622e-05,8.541998064626976e-06,1.1612034879111472e-05,1.1220054703179985e-05,8.448704164463536e-06,8.621033277462248e-06,3.8121835222516906e-06,5.712683690220985e-06,1.6692159421967935e-07
2023-04-28,2023Q2,10:00,1.1310101928463197,13:30,1.237276787748219,14:00,1.279813934762813,14:00,1.2412166205665247,14:30,1.2550962765530889,15:00,1.2905305446246975,14:30,1.2311260082015638,11:30,1.1310101928463197,1.0833514045804506,1.0755410974887671,1.0855617015379675,1.0474778428504556,1.0636761081046113,1.0496405082563218,1.0383131135615289,1.0330586829251514,0.9813250781188677,0.9646007408863647,2.820321233209801e-05,5.535844861637101e-05,3.631502344433824e-05,2.8934392370983358e-05,3.422182133398914e-05,1.5943620353633544e-05,2.6872793622139176e-05,1.4228200707341878e-05,2.0699053901128748e-05,8.581610495573714e-06,1.7278468413572974e-05,8.398522787790297e-06,1.4645388128326216e-05,6.691029170759534e-06,1.2468112875951871e-05,6.68956005689892e-06,1.0667900365509133e-05,5.12922362731207e-06,9.390116490427403e-06,4.937811095910145e-06,7.545886769218827e-06,4.932614163972473e-06
2023-05-01,2023Q2,10:00,1.1304656489889469,13:30,1.236131989675009,14:00,1.2830611095359632,14:00,1.2428907938032943,14:30,1.2561984721441628,15:00,1.2912983794120312,14:30,1.2326464716820273,11:30,1.1304656489889469,1.0834404106716924,1.0758867362365436,1.0858203997476992,1.0477649357624244,1.0639005632280338,1.0498653850082795,1.0384920512553522,1.0332533706336828,0.9815221486640661,0.9647543545103334,2.9661019581383037e-05,2.120403360085475e-05,2.082760621369498e-05,2.045981121338537e-05,1.6648998252239877e-05,1.4896858089158744e-05,1.7418455495863648e-05,7.521322984926234e-06,1.271489981076286e-05,6.263250531772144e-06,9.60924176453931e-06,4.835974865783578e-06,9.431348272143905e-06,4.1471648699394165e-06,8.55556605491704e-06,3.5012954352556937e-06,6.552302323816305e-06,3.27007972479283e-06,5.285456807364803e-06,1.8386624846184678e-06,4.494989885695594e-06,5.87104635746687e-07
2023-05-02,2023Q2,10:00,1.13055567912847,13:30,1.2315775151769393,14:00,1.286510032152846,14:00,1.2438685930987656,14:30,1.2486376872427964,15:00,1.2959386427624664,14:30,1.2340526266389562,11:30,1.13055567912847,1.0834164276780744,1.0758993173330351,1.086029810356746,1.0479157523919411,1.0640206199298357,1.050015163796911,1.038651439744242,1.0333684296320396,0.9816730782526213,0.9649708139153584,2.6832827661953347e-05,9.181535762915765e-05,3.782890845520293e-05,3.855347510477078e-05,4.1958419822514664e-05,1.8630281606647777e-05,3.7933456020661293e-05,1.6068560454658475e-05,3.246322862226413e-05,1.5525171309644812e-05,2.58146746288119e-05,1.362046188258003e-05,1.9997456980998336e-05,1.2652370467559292e-05,1.509338188271877e-05,1.0702988723469566e-05,1.5377492839358037e-05,8.731509770875238e-06,1.3076193382572545e-05,6.359161225007638e-06,7.962810345112705e-06,1.7606091173242932e-06
2023-05-03,2023Q2,10:00,1.1293397190698906,13:30,1.2286016253054695,14:00,1.2898498024787375,14:00,1.2456571292982024,14:30,1.2484029735948767,15:00,1.2940811020389837,14:30,1.236501898309361,11:30,1.1293397190698906,1.0833459165304609,1.0763426414902661,1.0864932625821537,1.0483125707256375,1.0643249963315828,1.0502130967495529,1.038780237756152,1.033598752563691,0.981969307201438,0.9653159115212069,0.00014528134289247888,8.547745014019542e-05,0.00013998122220191148,8.16292523706653e-05,0.00015802435297398862,7.998897377208743e-05,0.00015997767993260515,7.961459180422085e-05,0.00014191152788471808,7.548063835856328e-05,0.00014161683240109576,7.508683319827068e-05,0.00013176086435103272,7.416283255671183e-05,0.00012194238002031869,7.369748801954557e-05,0.00013141174520473197,7.326133369189455e-05,9.894564773944792e-05,7.207676501027075e-05,5.0616920962215714e-05,7.126305917805833e-05
2023-05-04,2023Q2,10:00,1.1301088025274257,13:30,1.231995894637609,14:00,1.296758529273236,14:00,1.2612751375588263,14:30,1.2471739213373316,15:00,1.2940467584641155,14:30,1.2408129665462502,11:30,1.1301088025274257,1.084266964064828,1.0777954159037904,1.0881528155893325,1.0498481824287864,1.0659803430383359,1.051798279992036,1.0402467325780511,1.0356118477009129,0.9831865802622748,0.9643185368898253,7.809480406286593e-05,4.1678489077166796e-05,6.814632875779126e-05,2.5451617194605408e-05,5.5600788791430715e-05,2.1401506125942484e-05,4.909273147354622e-05,2.049331836873902e-05,3.9999401765509e-05,1.6168675810495762e-05,3.109863504254602e-05,1.0002387982686155e-05,2.7366627730398134e-05,9.205466998463736e-06,2.2883503625035895e-05,6.121712142383654e-06,1.8925269741850685e-05,5.29661794027082e-06,1.570313199014292e-05,2.568416300711495e-07,9.709627475046744e-06,2.4108154830236613e-07
2023-05-05,2023Q2,10:00,1.1305974554982832,13:30,1.2280109014723628,14:00,1.2963464544009933,14:00,1.2660805480062296,14:30,1.2443285659452632,15:00,1.288234509465009,14:30,1.2479176699585506,11:30,1.1305974554982832,1.084991165149868,1.078452240901303,1.088757680219841,1.0504111119446773,1.0665284798579706,1.0523184803312808,1.0407802562347999,1.0360975974256734,0.9838542557361584,0.9648386156348713,4.558114487096407e-05,1.4018768700051409e-05,3.4113028871649493e-05,1.1569473217362352e-05,2.7671402940581325e-05,1.1049815244773448e-05,2.5361607829022395e-05,1.0757171810338428e-05,2.187071885016806e-05,1.0241485559988129e-05,2.0044154807841313e-05,9.910419243274194e-06,1.7543294669740927e-05,9.257013389187552e-06,1.3239157295682449e-05,8.473191657966173e-06,8.760708267742001e-06,7.656280726666752e-06,7.833794844075747e-06,5.043041138219011e-06,6.627661776535968e-06,1.7070725476102351e-06
2023-05-08,2023Q2,10:00,1.1310661076056407,13:30,1.2244529548685765,14:00,1.2953548368063796,14:00,1.2657115616236276,14:30,1.2416744054162083,15:00,1.2890256058618081,14:30,1.248615278501149,11:30,1.1310661076056407,1.0853761402446198,1.078770236438807,1.0890657543018694,1.0506827431945647,1.0667825325320162,1.0525479196695318,1.0409230172370274,1.0361275166926793,0.9839783456400173,0.965111911770031,3.0100836784993588e-05,8.81806514062976e-06,2.5566519599990234e-05,8.020018163972613e-06,1.9038725040031976e-05,6.1631359484468945e-06,1.6204388753705692e-05,5.663972021237486e-06,1.2693982619289821e-05,4.0634626252617895e-06,1.1698250816522918e-05,3.58842554169877e-06,1.085099366844772e-05,3.5471405113274113e-06,9.310937828421752e-06,3.3800123611003426e-06,7.221220267689705e-06,2.758915640704355e-06,6.642555381477418e-06,2.75833047137837e-06,3.88203302131853e-06,2.091720346316918e-06
2023-05-09,2023Q2,10:00,1.131383321375437,14:30,1.3583425449897384,14:00,1.317951232788747,14:00,1.26720146748805,14:30,1.380221752205563,15:00,1.3359497475895814,14:30,1.2501100261889053,11:30,1.131383321375437,1.0856771774009573,1.079020289486381,1.08929223777464,1.0508886426357988,1.0669935481094124,1.0527572071862512,1.0411100733544074,1.036285131661374,0.9841480492675454,0.9652141424114662,2.4247428318824524e-05,6.520970824200961e-06,2.1115269332524416e-05,6.063331610857878e-06,1.6515341200417377e-05,6.027566113469982e-06,1.3612586488152652e-05,5.920338958054503e-06,1.2526669176416793e-05,5.658250685752705e-06,1.1702979654016079e-05,5.5035739631952765e-06,8.626177746672102e-06,4.078291998027927e-06,6.634773028116652e-06,4.078001245419669e-06,5.769958035240727e-06,2.6618003029803213e-06,5.163395433994623e-06,2.627883510209125e-06,3.7240093480616118e-06,2.015085731226246e-06
2023-05-10,2023Q2,10:00,1.131649170667875,14:30,1.3709447260658951,14:00,1.3223467062136316,14:00,1.2681686424012504,14:30,1.392869370686248,15:00,1.3271673372052484,14:30,1.2509928861364665,11:30,1.131649170667875,1.0859366003464563,1.079222313024598,1.0894538788523622,1.0510494495308587,1.0671498580273076,1.0528845949125192,1.0411872133566464,1.0363939245890827,0.984259367689627,0.9653117388018185,4.916740257602749e-05,5.732949171402255e-05,3.522418119655865e-05,5.633578334311365e-05,3.772725731150836e-05,4.72111025334351e-05,2.458965430886624e-05,4.085106663022039e-05,1.8033023345748462e-05,4.0463467115053095e-05,1.6160499241414035e-05,3.996223148101144e-05,1.657792487283804e-05,3.69927616871649e-05,2.381097852604625e-05,2.4763579664297824e-05,1.4942655881153928e-05,2.0108653032287592e-05,9.192688288038734e-06,1.547374785762034e-05,5.707622614887079e-06,9.430481039710113e-06
2023-05-11,2023Q2,10:00,1.1314018290502637,14:30,1.3756994489848247,14:00,1.320536834151485,14:00,1.2638961252789853,14:30,1.3980703103954764,15:00,1.3250589604934373,14:30,1.2460759374491461,11:30,1.1314018290502637,1.0854737729274622,1.078955716928348,1.0890049108573125,1.050451431007034,1.0664406007629934,1.0522275679552,1.0411235747902872,1.036181020496122,0.9839987579706749,0.9651255465477222,4.51981659530477e-05,1.0351120581280632e-05,3.522413827288726e-05,8.862835828912576e-06,2.68163792248956e-05,7.413466496728196e-06,2.2924344882571404e-05,7.332949003041583e-06,1.8223473601695206e-05,6.4800148936969806e-06,1.665981625261648e-05,6.460259525354177e-06,1.3776735159611169e-05,6.163160311398462e-06,1.3254555329678773e-05,4.055760352264824e-06,1.1201257300278523e-05,3.969615200206585e-06,8.340814432991154e-06,3.7199501514924845e-06,4.917986584605161e-06,5.833868141244279e-07
2023-05-12,2023Q2,10:00,1.1319289857345025,14:30,1.371474102652736,14:00,1.3145052888234188,14:00,1.2664221035039174,14:30,1.3934901949199943,15:00,1.3206164645828438,14:30,1.2478498268069012,11:30,1.1319289857345025,1.0859303017560158,1.0793350224440168,1.0893416252275712,1.0507300967253972,1.0667021990770758,1.0524416812776944,1.0414149289112313,1.0364368521674012,0.9842007555219846,0.9653643260616991,2.8845879423748747e-05,4.372581414429819e-05,2.626366366617559e-05,3.771859834805919e-05,2.5549360353842715e-05,3.623212420240129e-05,2.2885315554279215e-05,3.405417770439556e-05,1.8398893649308317e-05,3.212657560262006e-05,2.1563702170013662e-05,2.1288319703202043e-05,2.0195225878509025e-05,1.9829490344624695e-05,1.631050902556364e-05,1.694185136179025e-05,1.533355510939071e-05,1.1441924729034124e-05,1.1824109326460024e-05,1.1234219950886329e-05,7.568151999440804e-06,1.048212033449124e-05
2023-05-15,2023Q2,10:00,1.131604154738758,14:30,1.4048217199463047,14:00,1.308066022719548,14:00,1.2667687137354169,14:30,1.4273251301302317,15:00,1.3132638995021586,14:30,1.246743067658774,11:30,1.131604154738758,1.085668438425171,1.0790619488654773,1.0890215521288233,1.0503555306334265,1.066671570272941,1.0524218968544798,1.0413719529303198,1.0365622154523209,0.9842338583488166,0.9652245410828142,3.17811136067033e-05,8.941712340747896e-06,2.3646323429338765e-05,8.666338576797124e-06,1.9594861770214446e-05,7.457406252617928e-06,1.4974754177170438e-05,5.685776521807699e-06,1.4268816525115203e-05,5.685682424589431e-06,1.1186479058961807e-05,5.6679057467112195e-06,9.427711940248642e-06,2.056757832413507e-06,8.6978494114399e-06,9.385684433725935e-07,7.114901841398946e-06,9.354685538724648e-07,5.551491153387402e-06,8.951268530536085e-07,3.464230781598303e-06,6.653912920366255e-07
2023-05-16,2023Q2,10:00,1.1319448893612674,14:30,1.4121079147539135,14:00,1.3049370118653874,14:00,1.2692321481376714,14:30,1.4344344236797688,15:00,1.305596715719414,14:30,1.2489160607775909,11:30,1.1319448893612674,1.0859220918522265,1.0792945140022665,1.0892193370806393,1.0505578608680952,1.0668091116071183,1.052635034768521,1.0416208553356896,1.0367839195580653,0.9844353226907502,0.9653791742890327,2.8186903480565448e-05,2.0172595613518005e-05,2.1106412146261178e-05,1.9977811507277106e-05,2.0700737877425626e-05,1.9368023670895872e-05,1.714203379401914e-05,1.824027594639062e-05,1.4989149261346394e-05,1.8229919589416376e-05,1.3035841171572292e-05,1.8229629205947027e-05,1.0573166649625227e-05,1.805192894383866e-05,1.0193473660426491e-05,1.6641263994124472e-05,7.272601576381277e-06,1.600124346960679e-05,6.311581671002278e-06,1.3883836234187835e-05,3.504318719653706e-06,1.292801137740406e-05
2023-05-17,2023Q2,10:00,1.1320290550338175,14:30,1.4083245145178702,14:00,1.3022372704958591,14:00,1.2637929901316902,14:30,1.4310521999908112,15:00,1.2953347735841965,14:30,1.2434299071632955,11:30,1.1320290550338175,1.0859116210505482,1.0792904260450706,1.089157982448288,1.050456398915161,1.0666376475084611,1.0523878174750363,1.0413907763783103,1.0364479717952615,0.9841181995505915,0.9648876671373818,2.8788531298863485e-05,3.2062080904878736e-05,2.0324370357897396e-05,2.706293866983244e-05,1.7147437263093823e-05,2.694270189698568e-05,1.5812300752554778e-05,2.654568083885223e-05,1.4351151643523429e-05,2.5234139836470148e-05,1.1965423932735079e-05,2.472148289082452e-05,1.6559315311423573e-05,1.120867207126031e-05,1.578730607358738e-05,7.835883939363148e-06,1.2113701348672124e-05,5.952988807272512e-06,9.208504980496811e-06,4.206107833862213e-06,7.5942307118103185e-06,1.8636479032249898e-06
2023-05-18,2023Q2,10:00,1.1319110784062327,14:30,1.401224892058903,14:00,1.3036463550427024,14:00,1.2657245122380998,14:30,1.423521954161758,15:00,1.2905722304139644,14:30,1.2453959850866685,11:30,1.1319110784062327,1.085750281153732,1.079050357293037,1.0888632707727788,1.0501602658812466,1.0662527193566036,1.0525274816550771,1.0416364749729958,1.0366622368676723,0.9843366924987225,0.9652050087445797,3.02371929330964e-05,4.670418057289388e-05,2.7381517117537367e-05,2.9953205879431595e-05,2.0378994033745497e-05,2.8979976851142614e-05,1.9805965562727122e-05,2.897694766810103e-05,1.8007121389036554e-05,2.8733787184628236e-05,1.891581461414056e-05,2.3710899569367105e-05,1.5747273369182648e-05,2.3689451352185034e-05,1.3763528727822692e-05,2.3689082201558084e-05,1.088027372363965e-05,2.1592620563692392e-05,7.534617876949902e-06,1.6642262109812808e-05,4.4135269417175694e-06,1.5207007628339873e-05
2023-05-19,2023Q2,10:00,1.131555715800799,14:30,1.430567543023049,14:00,1.3014502838951847,14:00,1.2587898213074398,14:30,1.4538943429094664,15:00,1.289157444394747,14:30,1.238759148441443,11:30,1.131555715800799,1.085658830087497,1.0788313355641748,1.0885991958061274,1.0498640539945803,1.0660826975132545,1.0522583197629647,1.041285228241414,1.0362478538640476,0.9839556429941553,0.9646434860855106,4.051587919824057e-05,2.787815494585405e-05,3.4816998143032176e-05,2.787769487428042e-05,3.221179098535986e-05,2.756611787515929e-05,3.8839788212488224e-05,1.0583772315506532e-05,2.9148243898697916e-05,1.0563935621708227e-05,2.308328258894348e-05,1.018473338015269e-05,1.869205374550991e-05,9.264469651923371e-06,1.4784201057636138e-05,9.199314355001227e-06,1.2740466503628133e-05,5.8656467823993e-06,1.0929669584896276e-05,5.767670500416984e-06,7.287908228102425e-06,2.264370969807064e-06
2023-05-22,2023Q2,10:00,1.1316965283532219,14:30,1.4117373989857773,14:00,1.3016965107076357,14:00,1.2610673486433552,14:30,1.4344273050366096,15:00,1.2844811179692088,14:30,1.2406483987618275,11:30,1.1316965283532219,1.0857397645108942,1.0788810289050632,1.089213224663081,1.0503035265914373,1.0664091254745254,1.0525202881909792,1.0414527272773686,1.036487781281356,0.9841819059277784,0.9649226493897617,3.282303293077134e-05,8.719703552471951e-06,2.963805975085146e-05,8.6365574823278e-06,2.1804817813744933e-05,7.754369358922944e-06,1.927175942105373e-05,6.091534378745177e-06,1.5055421758800296e-05,6.080033842789164e-06,1.4327625712914126e-05,5.388150110941707e-06,1.1626631422877204e-05,5.212092985689012e-06,1.0262011590845499e-05,5.20628386570007e-06,8.524419228229392e-06,5.199324066235759e-06,6.2520566398387995e-06,3.5335827220793883e-06,4.906161613955246e-06,3.5008562033529805e-06
2023-05-23,2023Q2,10:00,1.1320568222697536,14:30,1.4052951235915145,14:00,1.2975894776054744,14:00,1.261911317471359,14:30,1.42770821023001,15:00,1.2756634803182334,14:30,1.2415876835776822,11:30,1.1320568222697536,1.086100002091498,1.079151074128229,1.0894972205366382,1.0505144888983673,1.066638227375568,1.0527001350798586,1.0416084488563129,1.0366006754163897,0.9843013534012774,0.965006219752026,3.0197605449518587e-05,2.463171077779157e-05,2.1073550732221034e-05,2.4606796008505443e-05,1.8434574812148915e-05,2.3827832601416788e-05,1.4761797253646605e-05,2.226353872138228e-05,1.3893409928289478e-05,2.203951064382325e-05,1.4042625526940938e-05,2.082835985472013e-05,1.644617162313803e-05,1.5882642411601042e-05,1.4824740948991313e-05,1.4245461996145242e-05,1.059883042991029e-05,1.4197704026727302e-05,1.3144406303598112e-05,3.73668502435325e-06,7.428882335676608e-06,2.862878071269928e-06
2023-05-24,2023Q2,10:00,1.132093114058965,14:30,1.4242579469461325,14:00,1.3020903015563443,14:00,1.2587575263808444,14:30,1.446374674969949,15:00,1.283791026630771,14:30,1.2459401499377212,11:30,1.132093114058965,1.0859995562903704,1.079004871254442,1.0892839554397173,1.050289293513378,1.0664201377711002,1.0526921290954903,1.0416080162237193,1.0364524577871774,0.9847088528259276,0.9652613681943072,5.145713811270695e-05,3.722688429568792e-05,4.600390850421659e-05,3.643098142448364e-05,4.479034713659567e-05,3.616755130257962e-05,3.778996316900993e-05,3.317975201074979e-05,3.915716788551161e-05,2.9692916219117847e-05,3.460633061934785e-05,2.886819389755482e-05,3.0084099177753648e-05,2.7082157247397614e-05,2.5459345512251105e-05,2.6992609503848405e-05,1.9886188680402376e-05,2.410477134016601e-05,1.1786233565002209e-05,2.005132439415073e-05,8.535992376308418e-06,1.9964613096160192e-05
2023-05-25,2023Q2,10:00,1.1322391436054668,14:30,1.4127877230832315,14:00,1.312765087370478,14:00,1.2542485715913798,14:30,1.4352252314937701,15:00,1.3105127855172671,14:30,1.2391029806927414,11:30,1.1322391436054668,1.086113932224092,1.0791205841339566,1.0893209414184808,1.050483014236932,1.0665220029346818,1.0527381963130678,1.0415226621137845,1.0362691761109206,0.9843665593955689,0.9646750112198799,4.943356245253705e-05,3.517667018375684e-05,4.1823384392396056e-05,3.5174982960121426e-05,3.198795715145467e-05,3.321862925804921e-05,2.904620175212618e-05,3.312896598603027e-05,2.7991764044339383e-05,3.117837158221835e-05,2.5347745446020924e-05,2.418628872517244e-05,2.1181634554799893e-05,2.29702951321244e-05,1.6975717518891005e-05,1.6897071026352793e-05,1.4089400447811241e-05,1.6554703982571413e-05,1.2048799051890349e-05,1.64328993259044e-05,1.0898361567989836e-05,1.0961354374197215e-05
2023-05-26,2023Q2,10:00,1.1323896738444112,14:30,1.4002303856812537,14:00,1.3064053704585157,14:00,1.2513593760577946,14:30,1.42272483988406,15:00,1.3036477101562056,14:30,1.234781481803711,11:30,1.1323896738444112,1.0861781737350786,1.079043185522392,1.0891629984547446,1.0503674046518812,1.0665100806436771,1.0526505018759542,1.0415026559773486,1.0361590075907785,0.9841891744825096,0.9646927095643032,4.252075233354644e-05,3.687207909062232e-05,3.599830437613906e-05,1.0246222931115423e-05,3.184103770647779e-05,9.935420358441481e-06,2.7569393219466333e-05,5.663576428154344e-06,2.0062898370995974e-05,4.095895893936028e-06,1.782132107121863e-05,1.1315992747803513e-06,1.5730296082994846e-05,1.1022296532738459e-06,1.3486110147359432e-05,1.0736806513408003e-06,1.2716131799478147e-05,1.0442910299902294e-06,1.0188635135763312e-05,7.314863660794318e-07,6.8518042007534275e-06,9.670026425419396e-08
2023-05-30,2023Q2,10:00,1.132401690168223,14:30,1.4028663182586034,14:00,1.3066113867074727,14:00,1.256350645167995,14:30,1.4248139784539071,15:00,1.3047496558830143,14:30,1.2396117343460649,11:30,1.132401690168223,1.0866195068137419,1.0794667089349588,1.08964293912438,1.050750111151188,1.0669527455260497,1.0530763814888988,1.0418998288354133,1.036577068450915,0.9845961223519721,0.9650616414293778,3.5448590003944535e-05,2.0678236821085238e-05,2.6350129806541902e-05,1.768658424663735e-05,2.180749626437519e-05,1.7685317166408972e-05,2.2743525433129517e-05,1.7459665734451632e-05,1.8603435116387112e-05,1.7155970464678895e-05,1.7626360805821032e-05,1.5230293579620177e-05,1.6719835142664934e-05,1.4294572432170528e-05,1.8121650318657643e-05,7.683934903881485e-06,1.3459729631436986e-05,6.57478399867884e-06,8.943917525265724e-06,4.1918851397793383e-07,6.1137710020237155e-06,2.08588557004467e-07
2023-05-31,2023Q2,10:00,1.1325900916126002,14:30,1.3991254230651835,14:00,1.2986430428667008,14:00,1.2586437740482355,14:30,1.420485591055015,15:00,1.3015656682089687,14:30,1.2440433495018919,11:30,1.1325900916126002,1.0867460252815382,1.0795211690866842,1.089726303547877,1.0507641112967108,1.066989401422605,1.0531250743674627,1.0422245989423475,1.0368157750948803,0.9849627703903938,0.9653843858186852,3.6164614835198854e-05,2.1017915822863552e-05,3.255382409089453e-05,1.2125958826244865e-05,2.540735208240707e-05,1.2125958826244865e-05,2.5280486548323005e-05,1.0315668742938183e-05,2.2220816730630637e-05,9.103548706036114e-06,1.77704600438727e-05,9.101475267090108e-06,1.553073239698286e-05,8.63177039951593e-06,1.2085881500317849e-05,6.910595186543107e-06,1.0082381368674478e-05,3.823710334860682e-06,7.321608082807753e-06,3.4471135440151856e-06,6.244528907828055e-06,2.240274324874374e-06
2023-06-01,2023Q2,10:00,1.132783555903736,14:30,1.3986243304745838,14:00,1.2964131900408216,14:00,1.2609895736275827,14:30,1.4197336563041754,15:00,1.298598980937197,14:30,1.245643791865988,11:30,1.132783555903736,1.0870896946819482,1.079768015756282,1.0900409549784238,1.05107121155735,1.0672039886087532,1.0533132000579406,1.0423813503409025,1.0370355344897664,0.9851314887578682,0.9656071722192835,2.8500782725753673e-05,2.9295164490265237e-05,2.2270106492154056e-05,2.5217048514423564e-05,1.916517926853798e-05,1.4806901852523747e-05,1.6813656432749432e-05,1.1602391120918434e-05,1.3250278431883767e-05,6.731337973091568e-06,1.18650068903164e-05,4.413795450619444e-06,1.1018275083692699e-05,4.3986109683673324e-06,9.923206513210544e-06,4.240013378351452e-06,7.615881538091266e-06,2.390622634152506e-06,5.229900823151362e-06,2.3898139078845867e-06,3.7389810229076755e-06,1.6189797732628429e-06
2023-06-02,2023Q2,10:00,1.1327102683619243,14:30,1.3944954632488589,14:00,1.2966543955143741,14:00,1.2630582873111842,14:30,1.415364956728589,15:00,1.2994486031304968,14:30,1.2468453075268653,11:30,1.1327102683619243,1.086998513185688,1.0798316701319508,1.0901343132216148,1.0512210388397687,1.0673944649019613,1.0534996882578829,1.0425579788150734,1.037220033433617,0.9852550443752918,0.9657259113275428,3.727419369170111e-05,2.4130183439474413e-05,2.9427152628836986e-05,1.6339034417617296e-05,1.9760188951110066e-05,6.7016751426306384e-06,1.8351765323223765e-05,3.8022203811844994e-06,1.5302793444358657e-05,3.7084524714544e-06,1.2857065885678106e-05,3.7083648566187846e-06,1.1955745884658069e-05,1.9038264147857374e-06,9.77473680209962e-06,1.5183553755782516e-06,7.987784419319203e-06,1.4386342985670333e-06,6.747713205840569e-06,1.2006257348125627e-06,4.491863613131258e-06,4.3875381702543657e-07
2023-06-05,2023Q2,10:00,1.1328657509697078,14:30,1.428454461424242,14:00,1.300995896501443,14:00,1.265861435364748,14:30,1.4494804329776239,15:00,1.296901023423915,14:30,1.2496905608562916,11:30,1.1328657509697078,1.0872052905955063,1.0800825448111813,1.090452611137174,1.0514977173815294,1.0676313533382986,1.0537902787174938,1.0428208713911746,1.0374533282132312,0.9854941321903954,0.9659479274776003,2.435817002351071e-05,1.3505779966551735e-05,2.2273928636151762e-05,1.3060074018686415e-05,1.7193047776229637e-05,1.0940008661460538e-05,1.541685467894353e-05,1.0278190029766026e-05,1.2872068201871759e-05,1.0273623774772693e-05,1.055890618141391e-05,9.616844474704978e-06,1.0076793103366584e-05,9.204386811280472e-06,9.233908227809569e-06,3.348286162575198e-06,7.928100887599249e-06,3.348017300091489e-06,6.9000520984089965e-06,1.8301291994499107e-06,5.292907863432561e-06,1.203052469239987e-06
2023-06-06,2023Q2,10:00,1.1330073822480435,14:30,1.426463077869142,14:00,1.3032411098311032,14:00,1.2675536115402048,14:30,1.4471382234328143,15:00,1.2992303565058563,14:30,1.2522136339014198,11:30,1.1330073822480435,1.08734837629118,1.0801902335986457,1.09054688968378,1.0515479093974565,1.0676391154777114,1.0538012947502708,1.0430051334935715,1.0376133026768377,0.9857130817022939,0.9661733492223005,2.4187396595134545e-05,2.0450656552251086e-05,2.0940964728806426e-05,1.6812237934982265e-05,1.8209902270663085e-05,1.4347624231525106e-05,1.6603945453280014e-05,1.2174568551739826e-05,1.396970074925075e-05,9.242879878605153e-06,1.2629732636945687e-05,7.76811153530005e-06,1.2129594566890903e-05,4.5588157481685225e-06,9.67247226077609e-06,3.9333150826757396e-06,7.836155617068997e-06,3.0658592401182955e-06,5.520588191976128e-06,1.2560142421916771e-06,3.3970688919086728e-06,8.399257114668382e-07
2023-06-07,2023Q2,10:00,1.1330232736920314,14:30,1.4294631989200794,14:00,1.3046346622080416,14:00,1.2693824788888732,14:30,1.449911219879659,15:00,1.3041243110087624,14:30,1.254397414541337,11:30,1.1330232736920314,1.0873955003075098,1.080244528460324,1.090621392356415,1.0516509775610527,1.067754492985316,1.054015149387643,1.0431838460195588,1.03778045145013,0.9858970530890321,0.9663144382459128,2.0783072475363592e-05,1.3368052027924916e-05,1.819957686214373e-05,9.133284564662631e-06,1.7959829254207716e-05,6.033681877957003e-06,1.3325873807638734e-05,5.9341603785333884e-06,1.3278898104145034e-05,1.8132986225272578e-06,1.0962841343262516e-05,1.8080295783676276e-06,9.817968423942298e-06,1.807480399955257e-06,9.286601032219295e-06,1.3462508351724392e-06,8.029631033113996e-06,1.2340286547376257e-06,4.821874659987582e-06,8.968976261356265e-07,3.4537082405941706e-06,8.947018997962231e-07
2023-06-08,2023Q2,10:00,1.133111364345207,14:30,1.4263323077908454,14:00,1.3012357010897597,14:00,1.2724063060927782,14:30,1.4464873708799004,15:00,1.297907303317159,14:30,1.2564662172349779,11:30,1.133111364345207,1.0875419410130782,1.0804735938713252,1.090774854543783,1.051926726165432,1.067994813299389,1.0542461383741921,1.0434367344204079,1.0380227798711965,0.9860662018246349,0.9664557162620936,2.2686440700333695e-05,1.695315058348628e-05,1.749601813428361e-05,1.2058449605281957e-05,1.3682814270916734e-05,1.0164079328128096e-05,1.1976445883211721e-05,9.730571490812805e-06,1.0686664526698946e-05,9.478589633606251e-06,1.0420183378344599e-05,3.55026910485714e-06,8.817786723761297e-06,2.4552286498880135e-06,7.0418479609075005e-06,2.1206529749671327e-06,6.486338085680741e-06,1.8782312648364446e-06,4.476613705313004e-06,6.139294839789866e-07,3.2594048069173874e-06,1.6641325998489845e-07
2023-06-09,2023Q2,10:00,1.1331656824018752,14:30,1.4375090958457082,14:00,1.3030783278532239,14:00,1.2743423390166768,14:30,1.4575762855614889,15:00,1.2947807355811107,14:30,1.2585644041939843,11:30,1.1331656824018752,1.087619535601704,1.080527652083674,1.0908053565754714,1.0519440810141456,1.068171159800391,1.0544279706907018,1.0435916573187496,1.0381856630113213,0.9862324943712635,0.9666247899909421,2.3206062182155798e-05,2.1053105243826762e-05,1.8548678265467157e-05,1.6915176042637583e-05,1.7339965077781868e-05,1.424827347885799e-05,2.0624472280226928e-05,5.826914626513513e-06,1.692692783521038e-05,4.952564965808011e-06,1.3088112360829112e-05,4.733723845107119e-06,1.0645694554536591e-05,2.9687815086820035e-06,8.535952544657738e-06,2.436265771859478e-06,6.8849035808464246e-06,1.5427577424651809e-06,5.394078679244363e-06,1.3924459188816346e-06,4.026051120564971e-06,1.283692896804471e-06
2023-06-12,2023Q2,10:00,1.1331555210214108,14:30,1.432074752064371,14:00,1.3031954307503297,14:00,1.2766910517588992,14:30,1.4518118418433124,15:00,1.293226141674256,14:30,1.2606456684713447,11:30,1.1331555210214108,1.0876222157988,1.0805665576815389,1.0911247203639671,1.0522280998616715,1.068384809666215,1.0546473204541753,1.0437839207516049,1.038375339172441,0.9864052012732711,0.9667767539262048,2.1279524411209347e-05,1.1532322186648396e-05,1.784270725380512e-05,1.1179646102024573e-05,1.509080116558533e-05,1.0955455854459923e-05,1.1937207390476487e-05,1.084374641482216e-05,9.696628345698652e-06,9.58865082530806e-06,7.939272918356944e-06,9.577282994805824e-06,6.486975651955947e-06,9.047899383079388e-06,5.660858005610284e-06,8.905241961116479e-06,4.4091251508139095e-06,7.596307192839133e-06,3.865275854288527e-06,7.480482504385386e-06,3.919451442490727e-06,3.7681353491514683e-06
2023-06-13,2023Q2,10:00,1.133283751901482,14:30,1.422076443184268,14:00,1.2997670832827501,14:00,1.2741470067213092,14:30,1.4418962695272082,15:00,1.2891343959331116,14:30,1.2574026962826972,11:30,1.133283751901482,1.0877228075060659,1.0806316298535716,1.0911270772900268,1.0522185802575885,1.0683238307008125,1.0545581670459396,1.043667370616972,1.0382504828548451,0.9862543327409822,0.9667918373109838,3.900947881231258e-05,1.40081839297363e-05,2.908903268395263e-05,1.4007424617121391e-05,2.2964719857144223e-05,1.3325883161850353e-05,1.88806981795181e-05,1.092872887395674e-05,1.572466848062035e-05,8.692029544991017e-06,1.206507859151863e-05,6.969385177115403e-06,1.034600866434898e-05,6.268002705055258e-06,8.989608040917593e-06,6.262652346400438e-06,8.13261701408606e-06,6.077735390209287e-06,8.141010070604529e-06,1.1615166881850079e-06,4.076966293484994e-06,9.319824992725653e-07
2023-06-14,2023Q2,10:00,1.133644932491442,14:30,1.4417213529156154,14:00,1.314194956098171,14:00,1.2743354794698147,14:30,1.4613699104546682,15:00,1.3126261849169574,14:30,1.2612967853507706,11:30,1.133644932491442,1.0879679277880476,1.0808029189140693,1.0912826957863648,1.0523779764704289,1.0684466598750066,1.0546671619211423,1.0437460369382578,1.0383158778746775,0.9865546995333032,0.966965075596596,8.06925796106219e-05,6.746809154165103e-05,8.01933569028465e-05,6.725088431042375e-05,7.983289935965462e-05,6.704646573159066e-05,7.833500839098536e-05,6.407272228702993e-05,7.816091950665491e-05,6.323256861300078e-05,7.496513724291977e-05,6.321849546224751e-05,7.279304986560919e-05,6.316949101246408e-05,7.739954031994174e-05,5.9880839293266406e-05,7.52107954334937e-05,5.9873698613828416e-05,6.019639785757206e-05,1.9570667031068588e-05,2.6737369865696733e-05,1.7042615008615247e-06
2023-06-15,2023Q2,10:00,1.1337105559159746,14:30,1.4704843364203875,14:00,1.3211396238317772,14:00,1.2738171067725828,14:30,1.4878793018122756,15:00,1.331424806027008,14:30,1.2818647107640078,11:30,1.1337105559159746,1.0880921119639255,1.0809501010105678,1.091470651263286,1.0526589979245642,1.0686436084392863,1.0548468416568564,1.0442228349653822,1.0387829076465975,0.9883088867687718,0.9683335055339729,3.0982099120501306e-05,3.465784175648301e-05,2.7837764271001176e-05,3.2146356416879836e-05,1.9706610873430132e-05,3.213633654823716e-05,1.846688279763305e-05,2.3169788805921255e-05,1.73593429827671e-05,2.3167509572492885e-05,1.4254433547111747e-05,2.304712145315294e-05,1.1441651405298191e-05,2.303669783870695e-05,9.185245309688252e-06,2.303636801592843e-05,9.036318863794338e-06,1.8997768708644283e-05,7.397031335987753e-06,1.8941325296245375e-05,1.0029856461228867e-05,3.1793771471718314e-06
2023-06-16,2023Q2,10:00,1.1335810256576544,14:30,1.4433842786073698,14:00,1.3140697240713861,14:00,1.2665814296045717,14:30,1.4611762684199732,15:00,1.3242009043393137,14:30,1.2719378235043517,11:30,1.1335810256576544,1.0879659867637728,1.0806500692195167,1.0913183234977304,1.0524890691722828,1.0683683843533176,1.0544726485421154,1.0437473249881777,1.038400096504295,0.9878235157543022,0.968712570863786,4.089787972792078e-05,2.638339280786404e-05,2.8793559345872466e-05,1.9602045281493734e-05,2.2380249704423577e-05,1.582745981986021e-05,2.2081153868664772e-05,1.2685456482516718e-05,1.6825143436782063e-05,1.1624445412552669e-05,1.4422609146424555e-05,1.0392004816049899e-05,1.2593171515020732e-05,9.44813547794366e-06,1.1243097210452897e-05,6.956955577528493e-06,9.750510176690407e-06,6.8884002443253865e-06,6.683809736919726e-06,6.450825895015472e-06,5.278785183488155e-06,1.8368377409868108e-06
2023-06-20,2023Q2,10:00,1.1337522648292837,13:30,1.3007287634516942,14:00,1.3082021696027815,14:00,1.2670746937548463,14:30,1.281665113959948,15:00,1.3159504466858005,14:30,1.2710104452921727,11:30,1.1337522648292837,1.088097838189983,1.0807553544036759,1.091502193838051,1.05260002958993,1.0684564372933265,1.0545491732845222,1.0438746269171293,1.0384930223768265,0.9878368663617428,0.9689033843572794,2.230736975105923e-05,3.582417700101557e-05,2.521063611493485e-05,1.4929014185092973e-05,1.8653412906588267e-05,1.3631645840641035e-05,1.508425576315456e-05,1.350932524757127e-05,1.156942079168583e-05,1.3372401132912004e-05,1.0739789429879438e-05,6.970952597584511e-06,9.74913904734713e-06,5.060912314890404e-06,8.375525536374201e-06,4.760344521577086e-06,6.645739406605803e-06,2.871090640605645e-06,4.814879466106664e-06,1.3215663033576023e-06,3.2920285585535572e-06,5.096715912529026e-07
2023-06-21,2023Q2,10:00,1.1334671589071756,13:30,1.3016930794584523,15:00,1.2935527342260618,14:00,1.2685350204515982,14:30,1.2889500149226745,15:00,1.334858655860496,14:30,1.2728580649153782,11:30,1.1334671589071756,1.0882561200088832,1.0808335728835843,1.0915097541046674,1.0525394663908938,1.0685437185267126,1.0546775162259119,1.043983513896943,1.038624088888996,0.9879872514548831,0.9690559585068526,2.9201507884587563e-05,1.8530202344533134e-05,2.6134757700478868e-05,1.8460927315735768e-05,2.1196205232074785e-05,1.8432260504689295e-05,1.7931428981831548e-05,1.8381953902466476e-05,1.6272583867810053e-05,1.8172373079112527e-05,1.347249773892419e-05,1.5236884641175665e-05,1.2206927361630114e-05,1.3806273062420841e-05,9.008433084768249e-06,1.352916342975235e-05,6.340264984937068e-06,1.067149634133011e-05,5.327321105816247e-06,7.026896370668786e-06,3.547681021562349e-06,6.911277523185475e-06
2023-06-22,2023Q2,10:00,1.1335947869524463,13:30,1.2942620571005718,15:00,1.2877933479058425,14:00,1.2650206448679202,14:30,1.2811377608793664,15:00,1.3291508306478164,14:30,1.2706623276503992,11:30,1.1335947869524463,1.0883627880506077,1.0808589784471603,1.091462183480122,1.05247051997495,1.0684692706925913,1.0546090625174025,1.043820052526376,1.038454481251477,0.9879180589519122,0.9688842817622011,2.3420899943096264e-05,2.6274243072533092e-05,2.1234329001585287e-05,2.2443151355229963e-05,1.8677834877080827e-05,1.606358651541124e-05,1.6323838606079814e-05,1.553911431810758e-05,1.2905077846781138e-05,1.2707849884670353e-05,1.0783259294566136e-05,1.2137727717308972e-05,9.111121012244392e-06,1.2137202719773486e-05,8.066275797885313e-06,1.1812094792564563e-05,5.430250398569178e-06,9.592143496116217e-06,4.214863123437476e-06,9.155724452011302e-06,2.880401968304545e-06,8.08488055235364e-06
2023-06-23,2023Q2,10:00,1.1334957617136674,13:30,1.2984518629954003,15:00,1.280445522887228,14:00,1.261726341775487,14:30,1.272978512322543,15:00,1.321935197475669,14:30,1.2661646634209045,11:30,1.1334957617136674,1.0883064817832981,1.0808852004728737,1.0914479903501049,1.052459182130159,1.0684113609768273,1.0545018394627894,1.0436838775862811,1.0382925329267434,0.9877112157165107,0.9686144414131127,2.5445366326445396e-05,1.4699610874733872e-05,1.9068927770980973e-05,1.4145255933500104e-05,1.4976582581075182e-05,1.407300006929234e-05,1.3929745940912073e-05,1.3153930740147411e-05,1.0613141005695091e-05,1.062451391696374e-05,8.7177439318577e-06,8.036919533150714e-06,7.860330889684309e-06,8.036392803245779e-06,7.208899224764795e-06,7.636245595588882e-06,5.949565621133018e-06,7.4525391220454235e-06,5.2817245333853734e-06,5.520302781686824e-06,5.054309266185588e-06,1.4258269698066805e-07
2023-06-26,2023Q2,10:00,1.1336324143149614,13:30,1.2907475016874745,15:00,1.2790247711139142,14:00,1.2600168716500555,14:30,1.2662924213916127,15:00,1.3201033788609242,14:30,1.2651045360899686,11:30,1.1336324143149614,1.0883712848177653,1.0808805226967093,1.0914384699447452,1.052445453357815,1.068414831535309,1.0544839950301255,1.0436595792973264,1.0382286267484768,0.9877039059057225,0.9688822796723273,2.2101314127228238e-05,2.689057713417964e-05,1.9106642055319145e-05,2.6384701797502263e-05,1.5020948776462802e-05,2.489141431812705e-05,1.4721499295755672e-05,1.9393963521276798e-05,1.0643576724997021e-05,1.673078090991631e-05,1.1160772208047863e-05,1.2937618917196134e-05,9.339816349623967e-06,1.2924344953737321e-05,8.072419654742581e-06,1.2699147426756773e-05,6.883622412733295e-06,1.1671309307779588e-05,4.533303257868194e-06,1.1638986655763045e-05,3.7718803320651776e-06,9.858992228701396e-06
2023-06-27,2023Q2,10:00,1.1335020504124753,13:30,1.283857642368727,15:00,1.2788025224423465,14:00,1.256124696697931,14:30,1.2580242774250705,15:00,1.3203029004078615,14:30,1.2588615658333715,11:30,1.1335020504124753,1.0882018904611443,1.0806438027314644,1.0912948445786592,1.0522773978094278,1.068344336773812,1.0543594133156988,1.043494198865743,1.0380416740545721,0.9874059699460731,0.9685675325315919,2.1103727834830858e-05,1.3302011532554199e-05,1.6763160945242033e-05,1.3226964677075306e-05,1.3136593818249065e-05,1.1700828343356728e-05,1.1831943652102482e-05,1.0322356308010181e-05,1.0748800363645784e-05,9.600999783267139e-06,9.655983682647644e-06,8.703992565980629e-06,8.473329423833008e-06,7.737931037401294e-06,7.676821329357035e-06,6.605319720745203e-06,6.687618683634014e-06,3.949564651587404e-06,4.913888016348935e-06,3.7218788340120905e-06,3.425743558807196e-06,3.271197042337392e-06
2023-06-28,2023Q2,10:00,1.133595742426429,13:30,1.2948846110923118,15:00,1.2764351415555684,14:00,1.256991512820538,14:30,1.2630260152947215,15:00,1.3178396277539979,14:30,1.2589859253669766,11:30,1.133595742426429,1.0882436498220678,1.0806536042622064,1.0913074802009612,1.052292979259865,1.0683537919700694,1.0543685549347745,1.0435192251580234,1.0381340969684199,0.98745897464794,0.9685815441223334,2.073986299796387e-05,1.9685309080438932e-05,1.609416069719571e-05,1.8937134074915465e-05,1.410527123076652e-05,1.8332783995319497e-05,1.1504172509051676e-05,1.826004046744355e-05,1.0204125542077469e-05,1.6463259395518548e-05,1.0896156312652568e-05,1.642562010458642e-05,1.304469324567804e-05,7.099133973490963e-06,9.701320800874427e-06,5.314032934241143e-06,7.3566585308037906e-06,4.5058782352535486e-06,5.92940908153243e-06,3.310537786768678e-06,3.5362471827278092e-06,2.7270626533552592e-06
2023-06-29,2023Q2,10:00,1.1335712563871287,13:30,1.293371957520716,15:00,1.2783722348249322,14:00,1.2578488681970597,14:30,1.2626416583414348,15:00,1.3197731831439226,14:30,1.2600619752956101,11:30,1.1335712563871287,1.0881641237794506,1.0805400079207848,1.0911199155858418,1.0521212821920756,1.0681777440463092,1.054529984983116,1.0436518330869355,1.0382297597722798,0.9875727813498006,0.9686302549197384,2.601931987060292e-05,1.2924820128579334e-05,2.047934959942806e-05,1.2913308469116624e-05,1.7425469158991726e-05,1.266346159345422e-05,1.4831852413706366e-05,5.363908798656594e-06,1.3012837948921486e-05,5.34462982248726e-06,1.1243913024260275e-05,4.469826546445354e-06,1.0162271771063289e-05,3.5520891226181024e-06,9.51066905731056e-06,3.538101291588115e-06,8.551662745442125e-06,1.4655236194040428e-06,6.422944729210691e-06,1.3955967244276564e-06,4.109154408554237e-06,1.2274187627995707e-06
2023-06-30,2023Q2,10:00,1.1337479216258863,13:30,1.2944912864183111,15:00,1.2729917992925812,14:00,1.261281405540852,14:30,1.2622359040933036,15:00,1.3140028753001192,14:30,1.2629730025178436,11:30,1.1337479216258863,1.0882773349340389,1.0806144860269487,1.091319838053735,1.0522994574092295,1.0683489320573447,1.054716276976065,1.0438374532703125,1.0384807851382354,0.9877885713908486,0.9687892037540854,3.082409793155497e-05,9.155142900581807e-06,2.5162090282781536e-05,6.714776965553448e-06,2.0431822149860715e-05,5.916633473483463e-06,1.8803803657753446e-05,5.901288183131933e-06,1.7417242708663788e-05,5.584435161179691e-06,1.3543206818381757e-05,3.6746779628317983e-06,1.1631870081306156e-05,2.5914747725257483e-06,9.957640895904128e-06,2.590340492743672e-06,8.442931802044852e-06,2.2545234391941795e-06,7.2051926781649884e-06,1.8763083035421456e-06,5.894374246729401e-06,1.7131243739802005e-06
2023-07-05,2023Q3,10:00,1.1340655920522882,13:30,1.2975790398216303,15:00,1.2677694923802205,14:00,1.2641748474556327,14:30,1.2670489715243751,15:00,1.3083010808139923,14:30,1.2660193740587504,11:30,1.1340655920522882,1.088591777462587,1.0808938530309602,1.0915950789509599,1.0525776845044685,1.06860339652428,1.054974613513978,1.0440688561558698,1.038698640295427,0.9880174796976186,0.9690196782467274,1.6946167567947236e-05,8.07584583618689e-06,1.3850984462766591e-05,7.887715886393193e-06,1.1419168301163677e-05,7.226432399479635e-06,1.0670913608571465e-05,6.853129791602619e-06,9.894736332601865e-06,6.471138234544858e-06,8.268158112308957e-06,6.465300443247163e-06,7.452775485886286e-06,6.437633526021236e-06,6.683463151766709e-06,6.437505621144063e-06,6.758281558447768e-06,6.3774574862148275e-06,4.276659791002619e-06,4.824516790293346e-06,2.206155764085992e-06,1.763101460697417e-06
2023-07-06,2023Q3,10:00,1.1341865826418984,13:30,1.2909937109139114,15:00,1.2692351590972746,14:00,1.263495848971928,14:30,1.2601272068448348,15:00,1.3097769987272228,14:30,1.2648301050195805,11:30,1.1341865826418984,1.088684479153956,1.0809656467688096,1.091666086041074,1.0526520073221706,1.0686393563072942,1.0549938063524762,1.0440676525817643,1.0387034244781725,0.9879965236113133,0.969046761647712,3.3308535424791255e-05,1.62120426434349e-05,2.6937482241420567e-05,1.3647037090180695e-05,2.1192498134152033e-05,1.2071440084410063e-05,1.9138792306279513e-05,1.198764487863365e-05,1.5041009185729025e-05,8.60347440750929e-06,1.1054850281365197e-05,6.352741889285454e-06,9.683970148533301e-06,5.572700173239536e-06,7.761912952923628e-06,5.532837399345672e-06,5.721062011287436e-06,4.55964057618742e-06,4.656799359862063e-06,3.6654280374332676e-06,2.4163944764748443e-06,5.393838345934248e-07
2023-07-07,2023Q3,10:00,1.1344183415792237,13:30,1.298895745334114,14:00,1.2521081433941703,14:00,1.2634748267421527,14:30,1.2769831334868083,15:00,1.2899241757624005,14:30,1.264826664198322,11:30,1.1344183415792237,1.0888971463645034,1.081127647609008,1.0918007666368588,1.052796231772913,1.0687521930678026,1.0551042257291672,1.0441309603772329,1.0387385776079316,0.9880407925900038,0.9691498136886049,2.008540723440055e-05,4.030570174160531e-05,1.7744021754034634e-05,3.81686024491456e-05,1.4161715034759144e-05,3.748002502329993e-05,1.1822535817785652e-05,3.744115068229834e-05,9.484799466032647e-06,3.6370195167662595e-05,8.44717924511415e-06,3.415537365671589e-05,1.0361458492646487e-05,2.7133825779930915e-05,7.638306622011141e-06,2.6381535596554273e-05,5.671677085736626e-06,2.2710020736574558e-05,3.832049770778569e-06,2.270969425424827e-05,2.632372819146703e-06,2.101245005047119e-05
2023-07-10,2023Q3,10:00,1.1340203706405438,13:30,1.2818811656236708,14:00,1.245911784684681,14:00,1.2513950004226644,14:30,1.258502913981812,15:00,1.2797577450495392,14:30,1.2487869210468228,11:30,1.1340203706405438,1.0884781260741367,1.0806036840316446,1.0911547320250983,1.0521026394237951,1.0680107732456534,1.0545744996361817,1.0434966650984676,1.038099592341194,0.9872460306549312,0.96818598146972,1.8985043084108704e-05,7.592251976638264e-06,1.6406143068481983e-05,7.502451977872325e-06,1.6190934993073337e-05,5.242095521127695e-06,1.404235737832184e-05,5.160081080613505e-06,1.14354754800384e-05,4.710464227513186e-06,1.0136378234616624e-05,4.693067701617071e-06,9.039235188088281e-06,3.417197317506975e-06,7.568696514245288e-06,3.0949426684999493e-06,6.2850820762109256e-06,2.966240587894493e-06,4.908026823656165e-06,2.035683252024366e-06,2.8396726460265098e-06,1.9539146343786445e-06
2023-07-11,2023Q3,10:00,1.1341814031667614,13:30,1.2989805659862084,14:00,1.2465872471261559,14:00,1.2527579494065375,14:30,1.2618614273177244,15:00,1.2772090153353746,14:30,1.2503127331231239,11:30,1.1341814031667614,1.0886230699775705,1.080812904105233,1.0913417436683186,1.0522586396177072,1.068146166757397,1.0547321050274636,1.0436349057049807,1.0382139047442194,0.9873698217299312,0.9682375011509446,1.9646228115749256e-05,1.587006239813533e-05,1.5765617289056285e-05,1.5833066019493213e-05,1.3115064987678061e-05,1.516938243209145e-05,1.196005817701301e-05,1.5159932162327865e-05,9.64722539871593e-06,1.1122758830591997e-05,9.752578443804078e-06,9.038188068411532e-06,8.593933426984153e-06,8.620261870908413e-06,7.390712517731051e-06,8.266867796156627e-06,5.858056091733839e-06,8.17370501110069e-06,4.193910240149825e-06,7.656581740319862e-06,3.4880555847367475e-06,5.167567905035363e-06
2023-07-12,2023Q3,10:00,1.1342069549447795,13:30,1.2925188295396195,14:00,1.2437443323136605,14:00,1.250421634191603,14:30,1.2577689623893695,15:00,1.2805156296137838,14:30,1.2467846818353883,11:30,1.1342069549447795,1.0885972081483266,1.0807477267676897,1.0912398540526893,1.0522091342279751,1.0681487680480253,1.054717665096309,1.0435955103064705,1.038120223748294,0.9872261031476938,0.9681551631356657,2.4710974501744066e-05,1.694660121308294e-05,1.7664727927226114e-05,1.664317030679283e-05,1.4933559557358887e-05,1.645793158447987e-05,1.386333618015075e-05,1.5765304443531317e-05,1.5640816595874734e-05,5.714807366261337e-06,1.3607472574130471e-05,5.576661464641395e-06,1.0433484312583964e-05,4.4186522747647395e-06,8.67220735147871e-06,3.820584399643816e-06,6.747720269825741e-06,3.733653058428218e-06,4.87355332750356e-06,3.080356519176335e-06,3.6244158995085727e-06,2.2666328330213004e-06
2023-07-13,2023Q3,10:00,1.1342921210729404,13:30,1.2911949618113263,14:00,1.2404210914664526,14:00,1.2515402296432319,14:30,1.2506355212165043,15:00,1.2754941267088424,14:30,1.2474560702714654,11:30,1.1342921210729404,1.0885892445306589,1.0806910501742455,1.09116564224715,1.0524408321019,1.0683508441621752,1.0548849933686444,1.043744714400716,1.038222579840811,0.9873043380470709,0.9682328506236655,1.691114977550702e-05,5.876356534420294e-06,1.4823996604631611e-05,4.56403818622452e-06,1.2312669164937227e-05,3.6146571322956884e-06,1.1441864952371099e-05,3.23505759160987e-06,9.55464077665628e-06,2.4671054466443953e-06,8.976742572343096e-06,2.420646280744686e-06,7.630766508401349e-06,2.399786357911768e-06,6.164633772265799e-06,2.3813932555356674e-06,5.257630386126056e-06,2.3813141134244247e-06,4.220595656616299e-06,2.1819988188999392e-06,2.8541776514279232e-06,1.353581816289572e-06
2023-07-14,2023Q3,10:00,1.1344510461990969,13:30,1.3045770204828349,14:00,1.2393058183926764,14:00,1.2527774356105532,14:30,1.2581749021152704,15:00,1.272279215399284,14:30,1.2484461871145514,11:30,1.1344510461990969,1.0887624973509795,1.0808580170177375,1.0913414038753801,1.0526082764681188,1.0685196263908772,1.0550327821102117,1.0438618719069999,1.038321846452075,0.9873925441325571,0.968316705359273,1.7980733679150196e-05,5.994728501297436e-06,1.6924654056641437e-05,4.515099877766325e-06,1.5233136816386425e-05,3.96842507132341e-06,1.2500249449241747e-05,3.7397787668181466e-06,1.0111783314722473e-05,3.642373715060677e-06,1.0501519513160657e-05,1.0855189360951401e-06,9.361339099998402e-06,1.0807965873215747e-06,8.212081743993661e-06,1.0509244940253558e-06,6.1441014446173895e-06,1.0162741989204626e-06,5.4880016209115076e-06,6.499960478312577e-07,3.624838089837658e-06,1.617346237486013e-07
2023-07-17,2023Q3,10:00,1.134624448551963,13:30,1.3048727865369811,14:00,1.2386728933378923,14:00,1.2554514655667057,14:30,1.2585871425268382,15:00,1.2688272465797659,14:30,1.2515868996992898,11:30,1.134624448551963,1.0889735837606274,1.0810753664064123,1.0915284127596325,1.0527593349087943,1.0687663393475784,1.0552710403393866,1.0440884388492078,1.038503205163926,0.9875994128160352,0.9685051127555767,1.4766949100005168e-05,8.406704999571993e-06,1.291240002221889e-05,8.21791875580759e-06,1.1532413363868299e-05,8.141184984817497e-06,9.518162000215645e-06,7.300612961115607e-06,8.405374412002087e-06,6.734398868408634e-06,7.5527931808983896e-06,5.803165872546494e-06,6.296206256706714e-06,5.196169301252368e-06,5.425097545658444e-06,5.0677162452008046e-06,4.1849843878656075e-06,4.464756888694754e-06,3.412613615777024e-06,4.234573265997605e-06,2.3302788289777397e-06,4.188614373357465e-06
2023-07-18,2023Q3,10:00,1.1347055321567427,13:30,1.3020872557151884,14:00,1.2440063800050467,14:00,1.2546650762162157,14:30,1.2578103539207057,15:00,1.2773265729089638,14:30,1.2502955936012778,11:30,1.1347055321567427,1.0890432393383938,1.0811296000643111,1.0915628226494742,1.0527909879767616,1.0688020024060745,1.055294594042734,1.0440927036837946,1.0384871106531461,0.9875665734760318,0.9684113485920798,1.4039409009798986e-05,1.141141420511704e-05,1.1937680076728264e-05,1.1405785827379016e-05,1.0766385990563132e-05,9.659823018139405e-06,9.343016086753784e-06,9.608246651405914e-06,8.871816416524785e-06,5.707501000471332e-06,7.672270969911518e-06,5.485874898160627e-06,6.636173219496277e-06,5.410177659068801e-06,5.296633674587221e-06,4.88601368483141e-06,4.113236801096056e-06,4.490494045456761e-06,4.1881967242364615e-06,1.3798796982530252e-06,3.182901683193567e-06,1.3116714266328623e-06
2023-07-19,2023Q3,10:00,1.134722445528221,13:30,1.3074060446153095,14:00,1.241598146033044,14:00,1.2538158458267241,13:30,1.2521859982542163,15:00,1.2765968451692389,14:30,1.2519788977373274,11:30,1.134722445528221,1.089034739707852,1.0811360100485563,1.0915373985044503,1.0528598581472528,1.0688497628614502,1.0553214470012406,1.0440989169644768,1.0384675129123584,0.9876871549463695,0.9685152207894256,1.61440576431083e-05,1.1179693394075277e-05,1.506345174066545e-05,1.0941958796579795e-05,1.6179970743775025e-05,9.49849621854753e-06,1.3251650074405258e-05,8.48495262582768e-06,1.0662510794482917e-05,8.174036821861437e-06,1.090083674656527e-05,6.268343281072164e-06,1.027140952371615e-05,6.26623036208276e-06,8.98478169018566e-06,5.999161093687508e-06,7.4390463633027965e-06,5.969980186231839e-06,4.724623142704877e-06,5.261502577810976e-06,2.8469181588906118e-06,2.7661389182932886e-06
2023-07-20,2023Q3,10:00,1.1347760567030682,13:30,1.3066784511272034,14:00,1.2415820496943784,14:00,1.2537898446946756,13:30,1.2513853384860356,15:00,1.2716450775846506,14:30,1.2506784284991095,11:30,1.1347760567030682,1.0890900318213232,1.081253337642341,1.0916259787694567,1.052909315337589,1.068960658057534,1.0554274244115969,1.0441855205911739,1.0385116600122235,0.987667012067271,0.9685243360644393,1.9695564813584114e-05,2.6971936587269542e-05,1.794527193152382e-05,1.775111853207043e-05,1.5701849089692387e-05,1.7481972701383162e-05,1.2477875325523918e-05,1.7475356147527313e-05,9.935900015574875e-06,1.6993371056670644e-05,9.7821798024465e-06,1.685059858581493e-05,8.878866712260006e-06,1.6130892040936292e-05,6.6898414494047545e-06,1.590335029106961e-05,6.121961599180048e-06,1.552434957311668e-05,7.109443573447318e-06,7.327815536998233e-06,3.831889145456554e-06,6.66592263406865e-06
2023-07-21,2023Q3,10:00,1.1346069702748622,13:30,1.2981839376383224,14:00,1.236674349407042,14:00,1.2462657807940904,13:30,1.2436259717651557,15:00,1.2689693588929212,14:30,1.2492316404303778,11:30,1.1346069702748622,1.0890656671135135,1.0811898289395219,1.0914795414521898,1.0527180344016394,1.0687434886418417,1.055191563769227,1.043870075980907,1.0381556549498872,0.9876615524829824,0.9683818939900296,2.2063756082069348e-05,1.634649204819618e-05,1.8726009340782955e-05,1.5195667094051671e-05,1.6299463687447164e-05,1.245281712151441e-05,1.1969606574306456e-05,1.0042982181823572e-05,1.0033248504519573e-05,9.983453870214425e-06,1.0155636030112807e-05,8.406859249589285e-06,8.695130879189143e-06,8.335957415054384e-06,6.896885065612012e-06,5.416296255747564e-06,6.192556727077948e-06,4.946628851700299e-06,5.032816995347712e-06,2.22281833059088e-06,3.811699816060605e-06,2.14477664670347e-06
2023-07-24,2023Q3,10:00,1.1346614549190293,13:30,1.2978071094612016,13:30,1.2377714585133757,14:00,1.246281554055124,13:30,1.2432178970979504,15:00,1.2655587904264174,14:30,1.2508086325387737,11:30,1.1346614549190293,1.0891038897976075,1.0812460813641689,1.091501903636902,1.0527065814810161,1.068774376219891,1.0551886430107478,1.0439096094825204,1.0381932837155923,0.9877825674891416,0.9684760441930198,1.787423347244403e-05,1.1537576899354783e-05,1.3558227490006053e-05,7.351024170435791e-06,1.1375893642285646e-05,7.303816072170016e-06,9.963850582286888e-06,7.297560125727533e-06,8.086054404437822e-06,7.083215101621871e-06,7.227420219537386e-06,7.083095719467356e-06,6.88897768950274e-06,6.884720327673762e-06,6.092817859192657e-06,6.772027524534669e-06,4.717000565971964e-06,6.297689982858062e-06,4.304192760245974e-06,6.1791832995089615e-06,2.721463392363446e-06,5.7225082993437704e-06
2023-07-25,2023Q3,10:00,1.1347355406224635,13:30,1.3022538133101655,13:30,1.2365578153175634,14:00,1.2444877923531852,13:30,1.2475146710289202,15:00,1.260269377209404,14:30,1.2483738623950773,11:30,1.1347355406224635,1.0892013630919493,1.0813150808804064,1.0915462382322916,1.052721709007121,1.0687653344697856,1.0551777698518718,1.0438785559420298,1.0381284750067499,0.987705839908497,0.9683230053100397,1.3758494064607728e-05,7.341139078753878e-06,1.2173095296519369e-05,7.254874976506797e-06,1.0020103376931814e-05,7.1301813925535235e-06,8.313155296736926e-06,6.493320094840785e-06,7.840978444107677e-06,5.678822012481301e-06,6.7826029389969454e-06,5.678013344909526e-06,5.988674979914846e-06,4.461706634558705e-06,4.709033852646176e-06,4.420331626692873e-06,4.160148406068121e-06,4.30092542476072e-06,3.1489812534818333e-06,3.0531017493730383e-06,3.3065601915683836e-06,1.6491565294276061e-06
2023-07-26,2023Q3,10:00,1.1348196113559523,13:30,1.3111354135950186,13:30,1.2394516767185035,13:30,1.2438884407536404,13:30,1.256019316224236,15:00,1.2616238262902526,14:30,1.247894597306482,11:30,1.1348196113559523,1.0892763356982407,1.0813608958928222,1.091573417749552,1.0527664663851755,1.0687841672980203,1.0552148321445647,1.0438815682679699,1.0381176315065732,0.9877115277566084,0.9684157565224331,5.5887630820577336e-05,3.098453629623075e-05,5.243311072790433e-05,3.090699041538361e-05,5.394370084555769e-05,2.9348096190984496e-05,5.280352109982476e-05,2.899169876338207e-05,4.7999886089599887e-05,2.7720877331871633e-05,4.733000081424064e-05,2.7349399587917332e-05,4.819681589647816e-05,2.6756219485474188e-05,4.37030667193756e-05,2.6756219485474188e-05,4.494137343774139e-05,2.6751291184725097e-05,3.610719207900746e-05,2.6700205397652356e-05,1.4838083296684306e-05,1.39490885555739e-05
2023-07-27,2023Q3,10:00,1.135140450928548,13:30,1.3205569857431605,13:30,1.2395364647777345,14:00,1.2505091478615995,13:30,1.2644379132265642,15:00,1.2613730422988896,14:30,1.249799674896411,11:30,1.135140450928548,1.0896055823400848,1.0818010699354366,1.0920423813861375,1.0532182728254242,1.069261129190932,1.0557920670083731,1.0443826240336254,1.0387279712662185,0.9881260901020325,0.9684878332945217,1.4849873783452546e-05,6.352841752783684e-05,1.5997705249146977e-05,5.456536964665278e-05,1.4857415022124972e-05,5.437350966389261e-05,1.2834124111815407e-05,5.4067084672337944e-05,1.1547736949409684e-05,5.373098425183829e-05,8.519717586375453e-06,4.9194875932540114e-05,7.273947692206735e-06,4.919464522478458e-05,1.392583536692761e-05,2.9004271212359214e-05,1.1691140584523996e-05,2.853005741738463e-05,1.5963387697774244e-05,7.468634223465025e-06,1.023684070018578e-05,4.0832287031172017e-07
2023-07-28,2023Q3,10:00,1.134254865380478,13:30,1.3047324138096175,13:30,1.2347510815483655,14:30,1.2400451112352768,13:30,1.2499074609150087,15:00,1.2622378483972987,14:30,1.254482328983086,13:30,1.134254865380478,1.0888438993595537,1.0809306135265946,1.091019332409944,1.0521381245462096,1.0681009563648258,1.0545024083818422,1.0438632095647093,1.03809078488495,0.988491493730715,0.9690213303003513,2.2041058345079552e-05,1.1023657533653127e-05,1.836512129618905e-05,1.078391456979203e-05,1.4206943377180211e-05,9.930378693174007e-06,1.2299888793650023e-05,8.083123513619238e-06,1.1723100188515097e-05,7.744507338839924e-06,1.0887433931901161e-05,7.7279881899669e-06,1.0440158725836707e-05,6.199242002902564e-06,1.273150112361904e-05,2.745533819130202e-06,9.146483649688704e-06,2.7289121115287313e-06,6.398980031351442e-06,9.769511399532801e-07,4.396896158888109e-06,9.182792911729562e-07
2023-07-31,2023Q3,10:00,1.1344023365972662,13:30,1.300619586664566,13:30,1.2372468652426667,14:30,1.2439995791383323,13:30,1.2455938654970555,15:00,1.2687037560023813,14:30,1.258188443492231,13:30,1.1344023365972662,1.0889599626569384,1.0809993610069235,1.0910963868677517,1.0522238344404233,1.0681702424897184,1.0546150838740667,1.0441762942895936,1.038314960358128,0.9887227828015046,0.9692114371789361,2.0040862411628037e-05,1.1006816226610278e-05,1.6326391082976464e-05,9.202700693999063e-06,1.4019494873472226e-05,9.040122597745976e-06,1.2656615026266176e-05,8.886140930956163e-06,1.1931968661054903e-05,8.1434637756225e-06,1.0148720278338138e-05,7.73199586021777e-06,9.43173310431118e-06,6.135044054141051e-06,8.360779619289166e-06,6.1345661563620305e-06,6.81166409256313e-06,5.848368711977898e-06,5.292279279489164e-06,5.688727582081749e-06,3.337387788952289e-06,4.9970858894587996e-06
2023-08-01,2023Q3,10:00,1.1345191304190951,13:30,1.2961665662889936,13:30,1.234785403065069,13:30,1.243047576523509,13:30,1.2412554946162664,15:00,1.2634101294821174,14:30,1.2568214268627957,13:30,1.1345191304190951,1.0890704337117643,1.0810834197763735,1.091161916545973,1.0523044555723238,1.0682199540746098,1.0547005667243916,1.0442383311984476,1.038341201946193,0.9887086407414929,0.9691298321737525,1.876600365968922e-05,8.099423985493395e-06,1.657220828542587e-05,3.8083004864487702e-06,1.298425649188469e-05,2.8143522717838577e-06,1.1142018934571051e-05,2.740881396614602e-06,1.0333977113737297e-05,2.6851322420241733e-06,9.315102972849866e-06,2.0617493630301664e-06,7.02314676168402e-06,5.995466387819949e-07,6.348206068175527e-06,5.990727506269775e-07,4.9953158059583635e-06,5.444204816165888e-07,4.268938390501891e-06,4.561646743470717e-07,2.9686591158753646e-06,3.3097659590272907e-07
2023-08-02,2023Q3,10:00,1.1346671706909461,13:30,1.3034002651657521,15:00,1.2369730289633425,13:30,1.2459467886681566,13:30,1.2479657498958592,15:00,1.276185980794871,14:30,1.2595185327073857,13:30,1.1346671706909461,1.0892881139978392,1.0812801741664024,1.0913423021467383,1.0524844308427577,1.0684070616163834,1.0548850246106931,1.0444199011667739,1.0384984613328874,0.9888711235408454,0.9692733250312742,2.5875368702559686e-05,3.199809165257736e-05,2.3774072651523086e-05,2.723661285956631e-05,2.6014530803644357e-05,1.786827638039899e-05,1.9581453551999412e-05,1.6654710846873287e-05,1.8412841989392873e-05,1.3598860401630694e-05,1.6812519475067635e-05,1.3532822613184203e-05,1.3340460015303914e-05,1.1313340354478257e-05,1.0558131786248744e-05,1.1080879000321019e-05,9.163281174936074e-06,9.876976418888321e-06,6.578497114518225e-06,9.677161278289618e-06,5.197058735847227e-06,9.51140811650669e-06
2023-08-03,2023Q3,10:00,1.1345059973696539,13:30,1.296155050557004,15:00,1.232238132892564,13:30,1.2442574776851447,13:30,1.2410669321506316,15:00,1.2715867816462751,14:30,1.2553715709586395,13:30,1.1345059973696539,1.0891848927835261,1.0814126053618884,1.0913733932264271,1.0525826812896466,1.0684689630253847,1.0549255981491703,1.044387709461335,1.0384596415200515,0.988743886651932,0.9690554751577647,2.9217518207188293e-05,2.9594384373547495e-05,2.62797838294884e-05,2.2855834277052397e-05,1.9435139148535904e-05,1.685782866297783e-05,1.595742977260884e-05,1.2816136295728246e-05,1.4240190052862585e-05,1.2771705639060043e-05,1.1520442502487458e-05,1.2175476472609128e-05,1.0499185771870596e-05,8.118875804610203e-06,8.109389518971465e-06,8.029538051091573e-06,8.517906864501613e-06,3.576807493020823e-06,5.5731618890781544e-06,3.053862398062028e-06,3.569269710621597e-06,2.9280341573325967e-06
2023-08-04,2023Q3,10:00,1.1344387042029875,13:30,1.3150862670039616,15:00,1.2307529441193883,13:30,1.2432722848134563,14:30,1.2647933945326866,15:00,1.2700022259505324,14:30,1.256648753543204,13:30,1.1344387042029875,1.0892091463589737,1.0814364343478362,1.0914169657085304,1.0526017711332258,1.0684298282024258,1.0549813987708638,1.0443789399284888,1.0386300787539657,0.9888525067770377,0.969095107843793,2.7302143662696967e-05,5.5904275715282215e-05,2.319868045461293e-05,5.5874447405586145e-05,1.7048256099555838e-05,5.154983597749932e-05,1.4178596821725728e-05,5.127323205452245e-05,1.2625439544493986e-05,5.088282630522043e-05,1.1853062021934946e-05,4.887693096817499e-05,9.758362287522794e-06,4.855876270827012e-05,9.544524391483809e-06,4.2799482165376176e-05,9.49021496133581e-06,3.9177209076248916e-05,1.8386400126534614e-05,7.1869145397864126e-06,1.4244272570537177e-05,1.0495151755836472e-06
2023-08-07,2023Q3,10:00,1.1338814137472435,13:30,1.2650649493178274,15:00,1.23157309370654,14:30,1.2501023825466349,14:30,1.2755048809601317,15:00,1.2699099196215098,14:30,1.2635821042939253,13:30,1.1338814137472435,1.088550562392551,1.0806718433082856,1.0904939926223347,1.0516224047087575,1.067369969018435,1.053786787275157,1.0432657350149168,1.03752457447265,0.9893321362327914,0.9698113816400489,2.91179180176085e-05,2.1059330623904105e-05,1.972864247710244e-05,1.4868943384561374e-05,1.8420830044850466e-05,1.3592007066099555e-05,1.7972283363914493e-05,1.2766014896776276e-05,1.3317877389549506e-05,9.243316370973065e-06,1.1384463113581446e-05,9.21562290945606e-06,1.0539271753553212e-05,9.19420536485796e-06,9.382701485930173e-06,9.194083297212793e-06,6.9929296983273845e-06,7.734306471436298e-06,6.447294745089431e-06,6.182020272280134e-06,3.7156826178614556e-06,5.020898539618832e-06
2023-08-08,2023Q3,10:00,1.1339622262200388,13:30,1.3064286599050534,15:00,1.2302770752637462,14:30,1.2490853975825533,14:30,1.2927515976152735,15:00,1.2686552580216175,14:30,1.2625361844215772,13:30,1.1339622262200388,1.0886125052846258,1.0807455634349215,1.0905834555473248,1.0517084554259493,1.0674106008924582,1.0538112818437606,1.043259113304503,1.0374880323454103,0.9893462167619487,0.9697489270507422,3.339940113902023e-05,1.318841816848812e-05,3.105304110719189e-05,1.2627992222920062e-05,2.7943915591473942e-05,1.0667104786414449e-05,2.1550470509180996e-05,8.749688664197907e-06,1.865123080916611e-05,7.639915859107299e-06,1.5046812174398923e-05,4.902187786807742e-06,1.3322363881864272e-05,4.862646853452594e-06,1.2281962753659103e-05,4.248513062206562e-06,9.848041188908097e-06,3.669638387647637e-06,6.570160214910647e-06,2.8302510504067146e-06,5.064105054472715e-06,5.446643977350929e-07
2023-08-09,2023Q3,10:00,1.134246666512846,13:30,1.2927308605763297,15:00,1.2285159466679088,14:30,1.251516222626961,14:30,1.280078192510699,15:00,1.2665184922634594,14:30,1.2647883227295058,13:30,1.134246666512846,1.0889149993215912,1.0810697300570835,1.0908485940478756,1.051962352893813,1.067668172428508,1.0540473433036628,1.0435075765597077,1.0377019869478616,0.9895064653396684,0.9699944802798462,2.531339678685677e-05,5.343067130131624e-05,2.0892848560240736e-05,5.3354597168300647e-05,1.9880146046185476e-05,4.734185486501173e-05,2.662787405274301e-05,3.8545893040377614e-05,2.6677794677143475e-05,3.6557857730634615e-05,1.9546305071848946e-05,3.472437459092904e-05,1.7060089959023113e-05,3.437587469048651e-05,1.1532557644715637e-05,2.8067645119647895e-05,8.452257634993715e-06,2.7973007742538203e-05,6.554710282994812e-06,2.3403520613700678e-05,4.562561873435763e-06,2.3015447135445242e-05
2023-08-10,2023Q3,10:00,1.1337028824375392,13:30,1.2768539460213504,15:00,1.2187694737575312,14:30,1.2334475191940413,14:30,1.2629424355803787,15:00,1.257715761997498,14:30,1.2474167942327379,11:30,1.1337028824375392,1.088265282158332,1.0804522132094467,1.0905084164950711,1.0516808770921948,1.0672085762317005,1.053495785668049,1.0429460418845187,1.0369739681201489,0.9888014374158809,0.9690341097593367,3.307424215851311e-05,5.706255547249575e-05,3.151908393597691e-05,5.652337478702996e-05,3.286544247764034e-05,4.7467420901151536e-05,3.3971355487437566e-05,4.514613069806839e-05,3.243871243847304e-05,3.7516313723812104e-05,3.1388186011420044e-05,3.456609810221627e-05,2.9967186100025614e-05,3.300629792827945e-05,2.557791869818601e-05,3.270624187308884e-05,2.44513206116477e-05,2.575742372603115e-05,1.6803284510521287e-05,1.2960661514278818e-05,9.939545493771011e-06,8.282262463686858e-06
2023-08-11,2023Q3,10:00,1.1332161145091402,11:00,1.325588721999501,15:00,1.218205493115776,14:30,1.2340972350537969,14:30,1.262783167606313,15:00,1.2569995979787816,14:30,1.2478602880633531,11:30,1.1332161145091402,1.0877420307366643,1.0800891255562157,1.0901720811615818,1.051513368542208,1.0670644639226237,1.0533576999399918,1.0426764700222013,1.036894129902945,0.9889706779346941,0.9691375359822029,4.4430528189201964e-05,3.659427788917124e-05,3.761309378171268e-05,1.7676809032378723e-05,3.580900334789889e-05,1.4579375464303873e-05,3.0343731080156588e-05,1.228773007966869e-05,2.5241393257507428e-05,9.787816679506592e-06,2.109113192264015e-05,9.557717318582266e-06,2.0256685063250547e-05,8.760842235101054e-06,1.6283294106507787e-05,6.008214905495215e-06,1.3986182726031425e-05,4.772226789697525e-06,1.1052107819033326e-05,1.9851378130429536e-06,8.792178344342368e-06,1.1837886952251727e-06
2023-08-14,2023Q3,10:00,1.1332616792937915,11:00,1.3254458395607562,15:00,1.2168070407373692,14:30,1.2410028969390683,14:30,1.2575401115006561,15:00,1.2550216081279302,14:30,1.2543537662146953,11:30,1.1332616792937915,1.0880626739290133,1.0804844476475912,1.090545497693311,1.0518701804740602,1.0673497440796993,1.0536745655958928,1.0429929193484642,1.0372135723936438,0.9893563764583605,0.969550669770886,2.978426940071639e-05,2.1221053294344787e-05,2.3725853717392197e-05,1.8671165372239883e-05,1.9423765201304986e-05,1.0062370893003136e-05,1.716723912728147e-05,1.0035836593817359e-05,1.531175522184173e-05,1.0034219757051197e-05,1.4627636120343274e-05,8.95143123496775e-06,1.2164945277893623e-05,7.42684654584268e-06,9.663564717539594e-06,7.358719034896141e-06,7.940455618499255e-06,7.081452277238681e-06,6.461220590337443e-06,6.6822214642756255e-06,4.442391708798749e-06,6.665436096207697e-06
2023-08-15,2023Q3,10:00,1.1333498974657008,11:00,1.3311827122760123,15:00,1.2133934606715684,14:30,1.2395244225037212,14:30,1.2565845247201513,15:00,1.2516416996496533,14:30,1.2528674381825058,11:30,1.1333498974657008,1.0881221336197648,1.0806529224836205,1.090682572724619,1.0519836948574124,1.0674825868397877,1.053799219790567,1.0430557125823054,1.0372346141575965,0.9893500179890213,0.9694415430639687,3.496476463964563e-05,3.106750923176496e-05,3.259718730687572e-05,2.252830631191045e-05,2.7274989520733178e-05,2.24917902369762e-05,2.2264137110224455e-05,1.8213732972764565e-05,1.8100137279811074e-05,1.7865836902784367e-05,1.6047600136550905e-05,1.6682232581823162e-05,1.3796603587853938e-05,1.55103447666597e-05,1.1864907179423943e-05,1.4892327680287832e-05,1.0023651277343233e-05,1.3815169010882823e-05,8.106865958133291e-06,1.3656929948042113e-05,5.36640474028862e-06,1.2931533307164254e-05
2023-08-16,2023Q3,10:00,1.133346121617133,11:00,1.322330299663629,15:00,1.2098449520096783,14:30,1.2324038415425314,14:30,1.2463964293119756,15:00,1.2484798007494584,14:30,1.2459587975577264,11:30,1.133346121617133,1.08826301272666,1.0807113926034706,1.0907353914038933,1.05196713117479,1.0674365118967364,1.0537260539751576,1.0429399170639984,1.0370825345357813,0.9891208633529737,0.969054486330826,3.574128768277601e-05,3.525486953598422e-05,2.9019703284294897e-05,3.517315332437773e-05,2.3587469177065566e-05,3.383067798190103e-05,2.200572532381233e-05,3.281490865968222e-05,2.168318924587155e-05,2.8116156362603133e-05,2.063742695187629e-05,2.5654435926667335e-05,1.7919455079343596e-05,2.5640108184429617e-05,1.75534867322914e-05,2.460992490152872e-05,1.587853760538565e-05,2.000283548478531e-05,1.1706455696946631e-05,1.936146568147199e-05,9.025011114086332e-06,1.600198387473644e-05
2023-08-17,2023Q3,10:00,1.133281358653829,11:00,1.3096508778899365,13:30,1.2075782100226409,14:30,1.2226382319214855,14:30,1.2324697311053558,15:00,1.2423248800923012,14:30,1.2364800293671623,11:30,1.133281358653829,1.0881017671316258,1.0804560787139976,1.0904320369571407,1.0517789666198347,1.0672600390159268,1.0534650105359578,1.0426840330139884,1.0369107930428239,0.9888054824041428,0.9687048815672462,3.5141620549656204e-05,2.5891371891462283e-05,3.3295654754467955e-05,2.5519244010989515e-05,2.7758554503320424e-05,2.5366906661370463e-05,2.4848004708691766e-05,2.3181243598605504e-05,2.282394441660483e-05,2.287390814203358e-05,1.8742804303945597e-05,1.9511520657528193e-05,1.6274392119078788e-05,1.9415048733903733e-05,1.5711346092574988e-05,1.2168777981878534e-05,1.3859163209808302e-05,1.0844998422385746e-05,1.0333004740745974e-05,1.0369278551996614e-05,9.05396212249859e-06,2.1021177705495495e-06
2023-08-18,2023Q3,10:00,1.1333704371905278,11:00,1.2954282776737829,13:30,1.207570353030836,14:30,1.220749327568184,14:30,1.2213722687391346,15:00,1.244263341211997,14:30,1.2345655208425972,11:30,1.1333704371905278,1.0881980076737703,1.0804629773115046,1.0904225898291093,1.051749560475069,1.0672056354725779,1.0533451834353307,1.0427793445828772,1.0370030110367858,0.9888088618698961,0.9690833451497395,4.9848991808386526e-05,1.9416112983889455e-05,4.303030425468618e-05,1.8767874360897346e-05,3.542059948238138e-05,1.2165052715765694e-05,3.3054408897100524e-05,1.1734405039713398e-05,2.6505849427601253e-05,4.451828451928678e-06,2.5667152797447045e-05,1.8685146793013574e-06,2.0795531837169017e-05,1.7878393438584033e-06,1.8583796729341896e-05,1.0649699727299104e-06,1.5020078296809064e-05,3.342814710385942e-07,1.1954828617674593e-05,2.9456077170954076e-07,9.303603454531468e-06,2.939276764789049e-07
2023-08-21,2023Q3,10:00,1.1337979814072148,11:00,1.3038457528617184,13:30,1.2081295272843189,14:30,1.2301909113075191,14:30,1.2309573648138972,15:00,1.2444541071178683,14:30,1.2434928456125607,11:30,1.1337979814072148,1.0885914529557936,1.0809010437630537,1.0908680150187007,1.0522694134663346,1.067824471253301,1.0538874817156252,1.043330208945022,1.037520687693154,0.9893027657119419,0.9695697228984935,3.089368389459618e-05,4.2313578942973544e-05,3.383939650531862e-05,1.8572678805273358e-05,3.0336130788499563e-05,1.854779177404011e-05,2.8901391358554308e-05,1.5878459268461067e-05,2.4930683280722492e-05,1.5179221475012417e-05,1.8996416632719202e-05,6.409137399365994e-06,1.737765196464381e-05,5.698699406003203e-06,1.3004369252441682e-05,3.7231214581880715e-06,1.1223591945799405e-05,3.6298226678435077e-06,7.853334639842172e-06,3.171768504542656e-06,4.986147111011616e-06,1.0564809921052138e-06
2023-08-22,2023Q3,10:00,1.133535861396188,11:00,1.3172604940019104,13:30,1.2125605864534525,14:30,1.233435559177277,14:30,1.2748547895034736,15:00,1.2418038457032232,14:30,1.2465210123886266,11:30,1.133535861396188,1.088828436444976,1.081103277316523,1.0911225328069292,1.0524827228480804,1.0681420977984595,1.0542135091293587,1.0436176910341672,1.0377837563335575,0.9895024206721756,0.9697833695962396,3.713736533952638e-05,6.9244794467847e-06,3.2742618649525806e-05,6.9115802986792445e-06,2.6757852271007824e-05,6.6386763852582754e-06,2.333549028464721e-05,5.869809614008808e-06,2.105424487224656e-05,3.603604555061466e-06,1.750006070213918e-05,3.4164676652344182e-06,1.6891764157234904e-05,3.2050345731044457e-06,1.4088478630404156e-05,1.882793513447488e-06,1.1688432347269753e-05,1.850386707800047e-06,8.564616767259536e-06,9.176103603688516e-07,5.905759764381563e-06,8.810034295263788e-07
2023-08-23,2023Q3,10:00,1.1339852524195537,11:00,1.3158081974810703,13:30,1.21389370337481,14:30,1.2396016630875601,14:30,1.2756836336851556,15:00,1.2405024309920523,14:30,1.25234225224918,11:30,1.1339852524195537,1.089267109700028,1.081488137849756,1.091494605637882,1.0528937191765941,1.0685040772314056,1.054600885815631,1.0439998323799666,1.0381283081421488,0.9898265916216289,0.9700557595922205,3.3080052959923395e-05,1.7595611778090088e-05,2.767431644684514e-05,1.6249557599237077e-05,2.1155152855784433e-05,1.0597681220885388e-05,1.7293836383111906e-05,1.0327851197937137e-05,1.4087156616919907e-05,1.0229345467545946e-05,1.2603301668064616e-05,9.959570263588164e-06,1.0752912257252096e-05,9.892137579500932e-06,7.5141882970704225e-06,4.390193571547294e-06,6.127054538481309e-06,3.861161180637159e-06,6.204298550549542e-06,1.92950660456209e-06,5.692663663235593e-06,1.6014843413292947e-06
2023-08-24,2023Q3,10:00,1.1341866137110983,11:00,1.3083348567104058,13:30,1.212939641897162,14:30,1.2427942417474924,14:30,1.267772413492265,15:00,1.241255055608428,14:30,1.255337072249895,11:30,1.1341866137110983,1.0894405706794283,1.0816786318748857,1.091626894533093,1.0529726715398633,1.0685553251112074,1.0546100754389516,1.0440922008759155,1.0382030300598748,0.9900083963266355,0.970278938622974,3.355638779397965e-05,7.702975847515128e-05,3.215076501479293e-05,3.997495240702719e-05,2.9970478101652302e-05,3.395757379401073e-05,2.6539647484358123e-05,3.275601702594704e-05,2.3931907425635936e-05,2.2087459843017953e-05,1.8950258376234355e-05,1.859299725076292e-05,1.6493351152134225e-05,1.8526040047278765e-05,1.4576351381533591e-05,1.5545272843582737e-05,1.1755690337682603e-05,1.5427467380164955e-05,9.230643714551524e-06,1.528843391637447e-05,6.204847113203539e-06,1.5251958428231334e-05
2023-08-25,2023Q3,10:00,1.1333621678134231,11:00,1.2966504721111751,13:30,1.210304586369999,14:30,1.2346282372143151,14:30,1.261340236028916,15:00,1.234810085783799,14:30,1.2474034347968403,11:30,1.1333621678134231,1.089242459021708,1.0815458662507627,1.0914245171851258,1.0529887170224306,1.0685313677790844,1.0545228726788995,1.0440400877025788,1.0380528283738548,0.9897585678969965,0.9698159477509006,9.385246157820782e-05,0.00013035384272318753,7.451104579403723e-05,0.00011872357850475947,6.826527647681561e-05,8.846129494382294e-05,4.873370776471427e-05,4.7911548075796115e-05,4.200223908123608e-05,4.288729846443478e-05,3.1791747597879417e-05,2.6149355875624125e-05,2.6940207018781054e-05,2.6023254481114656e-05,2.5063654498571805e-05,2.4307335343997193e-05,2.0309351128282725e-05,2.322784274929369e-05,1.6682214297040054e-05,5.838117769568851e-06,1.123446253049861e-05,5.024209281496759e-06
2023-08-28,2023Q3,10:00,1.1325382043551313,11:00,1.2921762350911425,13:30,1.2075753652304981,14:30,1.2425956121452342,14:30,1.2671729949877095,15:00,1.2326775767366829,14:30,1.2548685118066072,11:30,1.1325382043551313,1.0882919239929854,1.0810085329451098,1.0913464794743228,1.0529136689488714,1.0686318497508915,1.054508506833499,1.0440301984294833,1.0379189077752857,0.9902197723937595,0.9701586022404131,3.165647306313173e-05,3.784631116222057e-05,2.567165363411576e-05,3.639648812035828e-05,2.3325220935149537e-05,3.0135074715915006e-05,2.0949815934439078e-05,2.8373997940259682e-05,1.7744455539522748e-05,2.8365389598180167e-05,1.6327974245280954e-05,2.8040275362379927e-05,1.2834297307491081e-05,1.9235697578145416e-05,1.1536665613859046e-05,1.9051969771963854e-05,1.165885047848957e-05,5.980155531332591e-06,9.368407239997901e-06,5.922582101953864e-06,5.5603584446499095e-06,4.093344009013178e-06
2023-08-29,2023Q3,10:00,1.1323669541588066,11:00,1.2803715188825733,13:30,1.2047821779681593,14:30,1.2442952307839537,14:30,1.2594726932063014,15:00,1.2313583496400557,14:30,1.256396928599859,11:30,1.1323669541588066,1.0880503424543013,1.0808272843856175,1.091126941920871,1.0526257578778198,1.0682762328280857,1.0542953902514374,1.0437673948306385,1.038110885731293,0.9903679342567386,0.9702441764113202,2.8968679989950562e-05,3.6377594055043344e-05,2.257317983697563e-05,1.4499508675889035e-05,2.494927498631539e-05,1.4357991168716314e-05,1.8808646297341555e-05,8.901693696996686e-06,1.834893537133617e-05,5.899544521416689e-06,1.6167557360453143e-05,3.5947884256157283e-06,1.3318376683381622e-05,3.1886899826926213e-06,1.2077610244077618e-05,2.8759085330120247e-06,9.633846902708726e-06,2.6966919538078897e-06,7.753202195213807e-06,2.3129798730656678e-06,4.883410201846304e-06,2.187632115897319e-06
2023-08-30,2023Q3,10:00,1.1321802477315792,11:00,1.2736206767079339,13:30,1.2044447061877306,14:30,1.248456965056403,14:30,1.2568891696747213,15:00,1.2307222697226443,14:30,1.2603052171540305,11:30,1.1321802477315792,1.0881681191897572,1.0810120019857221,1.0913262693856551,1.0529140340379208,1.0685976726199056,1.0545801874786582,1.0440528745725786,1.0383515207137455,0.9905989026020358,0.9703928277464081,3.1722458170256914e-05,3.748545772997317e-05,2.5663891866513684e-05,1.8926391978667506e-05,2.2201259538510627e-05,1.0340236178288485e-05,1.7492053129251054e-05,1.025844702593554e-05,1.3942243095035587e-05,8.53189922163901e-06,1.2335102148837437e-05,8.215737371228687e-06,1.031114599880117e-05,8.184413493933253e-06,9.435336178731195e-06,7.295188477183637e-06,8.352081751110141e-06,7.028738944691265e-06,8.113575725654e-06,5.258717958579753e-06,4.1187604087115354e-06,2.9734947045906045e-07
2023-08-31,2023Q3,10:00,1.1320166411625239,11:00,1.2721710657696172,13:30,1.2067361191335526,14:30,1.2497872631190658,14:30,1.2546654068039356,15:00,1.2388458834479716,14:30,1.261491792373051,11:30,1.1320166411625239,1.08825592143088,1.0812278691315553,1.0914642270755939,1.0530317742392266,1.0686903711795819,1.0546282316710638,1.044110070871152,1.0383886145726253,0.9907216762528694,0.9705990514391822,2.892359022733651e-05,1.8201970594712004e-05,2.1933352599479275e-05,1.7935141646846565e-05,1.808352222643816e-05,1.7563910932867458e-05,1.6129440327871822e-05,1.7088788788761545e-05,1.4082506771091227e-05,1.692871439978394e-05,1.2992593485478075e-05,1.5569646840741674e-05,1.216031682447328e-05,1.468817112257681e-05,9.296215312016865e-06,1.1544711105018013e-05,8.100043581944735e-06,1.1118877828130468e-05,5.422854861759938e-06,9.755266633691818e-06,5.181498703904119e-06,3.88244315092068e-06
2023-09-01,2023Q3,10:00,1.1321435892459373,11:00,1.2714400827853127,13:30,1.2082834592014187,14:30,1.243956255881399,14:30,1.2400510217863503,15:00,1.2424742560889126,14:30,1.255833385741448,11:30,1.1321435892459373,1.0882977470264397,1.0812101123715312,1.0914089843814367,1.0529429159143555,1.0685953452563566,1.0545330357079408,1.0440233778845303,1.038267371724387,0.9905424318266258,0.970675124212131,2.5921515790687408e-05,2.6389951119807317e-05,1.9032141113153213e-05,2.578592616603114e-05,1.848785632579758e-05,1.157236649312997e-05,1.5241647109829868e-05,1.1515097947772921e-05,1.3579387217493416e-05,6.961055261463963e-06,9.797533429349733e-06,4.582641062500351e-06,8.846531350064272e-06,4.403433779929048e-06,7.015777698530866e-06,3.674882580621933e-06,5.260593128806937e-06,3.2699594599147452e-06,4.306760940597639e-06,1.8984910495652437e-06,2.965941680495209e-06,1.0468032714625702e-06
2023-09-05,2023Q3,10:00,1.1320832470330646,11:00,1.2747067038483775,13:30,1.2090731888503876,14:30,1.2456475402951102,14:30,1.232030450641748,15:00,1.2451363894742102,14:30,1.257410685864649,11:30,1.1320832470330646,1.0881414359268948,1.081327066123937,1.0914675326263648,1.0530912223442417,1.0687230343522118,1.0546531635566716,1.0441233059784938,1.0383330055358184,0.9906449454408367,0.9707800780300823,2.3274172834212753e-05,9.924864541590908e-06,1.8059893237280827e-05,9.357759714066047e-06,1.4009766052661156e-05,9.125643247692724e-06,1.2549200464590467e-05,8.91454686574036e-06,1.0359827179401713e-05,8.865308251865475e-06,8.865203865133151e-06,8.693137402284974e-06,7.417864640160894e-06,8.666169224762216e-06,6.306819120014595e-06,6.117412557928073e-06,5.492813463204878e-06,5.38603242245643e-06,4.180574607768094e-06,4.648292194339608e-06,2.6165124471730202e-06,4.399274306844568e-06
2023-09-06,2023Q3,10:00,1.1322668590517009,11:00,1.2690715932679288,13:30,1.2060185834754282,14:30,1.244238303096122,14:30,1.2236744791714986,15:00,1.2415613428128616,14:30,1.2560108625728446,11:30,1.1322668590517009,1.088277762522614,1.0814081163191052,1.0915292501816942,1.053115512976765,1.06871195383799,1.0546039598388108,1.0441207756970208,1.038329499102295,0.9906270241543871,0.9706910576512655,2.254549032104988e-05,2.7003307120354856e-05,1.820287854350783e-05,1.0305327506235483e-05,1.579699151170983e-05,9.444519907528365e-06,1.4148352697321875e-05,9.31743309721078e-06,1.2617740849957336e-05,9.056117156338937e-06,1.1475868711649309e-05,6.602523351057718e-06,1.203047438585144e-05,4.65466034143374e-06,1.0804503833112926e-05,2.579276770894573e-06,8.63162471805736e-06,1.7404452682689859e-06,6.4716949857616115e-06,9.675635497677766e-07,5.7121999161754004e-06,7.353943346931414e-07
2023-09-07,2023Q3,10:00,1.1321444425926852,11:00,1.2655314600142258,15:00,1.2081499087128313,14:30,1.2488975329911514,14:30,1.2229705076543813,15:00,1.2442838751032765,14:30,1.2604178601841847,11:30,1.1321444425926852,1.0883986735623927,1.0815173566381007,1.0916163185911985,1.0531885840446251,1.0688270674197922,1.0548074312086761,1.0443756699433606,1.0385695438181655,0.9908599143530464,0.9709600300112818,2.9395875747114524e-05,1.7112037410113454e-05,2.4287260745279128e-05,1.6854815146212104e-05,1.9645722503469402e-05,1.3607226590394953e-05,1.7572896139392436e-05,1.3375341728714756e-05,1.4828717118112106e-05,1.3068949997140789e-05,1.1691144123445302e-05,7.196374900694295e-06,9.999071188829849e-06,5.4031925225722e-06,8.113894630838996e-06,3.710737263691274e-06,6.174074305211913e-06,3.7030639158043487e-06,5.7606161193805584e-06,1.5369876713627627e-06,3.958157057742128e-06,9.157193239429553e-08
2023-09-08,2023Q3,10:00,1.132297206110055,11:00,1.2586660339182674,15:00,1.2158404643984426,14:30,1.252327723494689,14:30,1.2154389719461505,15:00,1.251935980534933,14:30,1.2636514151676324,11:30,1.132297206110055,1.0885014673760571,1.0816137694782766,1.0916813508765562,1.0532138293816662,1.0689312168268477,1.0549302594204002,1.044508845146062,1.0386514250157959,0.9910389118889712,0.9711682412697593,2.3569959708547896e-05,1.938557494451435e-05,1.8707656709244478e-05,1.4056006974954267e-05,1.6705537978395705e-05,9.664013948019664e-06,1.3039856544555893e-05,7.4123125878683724e-06,1.0972575456655901e-05,6.722416579695533e-06,9.543984566731329e-06,6.691917987694335e-06,8.966972334251104e-06,6.543550037605633e-06,7.618881396278238e-06,5.938712066347672e-06,6.453116727466382e-06,5.875662519352117e-06,5.334915282794397e-06,4.446662426052385e-06,3.4061426052724195e-06,3.5361695577751577e-06
2023-09-11,2023Q3,10:00,1.132321886603166,11:00,1.2652185304887935,15:00,1.2077904107824562,14:30,1.2521175006802896,14:30,1.222636560191518,15:00,1.2436488734174245,14:30,1.2633893250040797,11:30,1.132321886603166,1.088560399200525,1.0817360465900496,1.091789597532,1.0533061135113126,1.0689934640222654,1.0549892089847315,1.0445533232759927,1.0386637441712945,0.9910781070405563,0.9711667308985431,2.0038853573820143e-05,1.3697169119233433e-05,1.4615028697340722e-05,1.0598784175798245e-05,1.273830329873822e-05,6.847301725927994e-06,1.0658119496902579e-05,6.05202723490631e-06,9.946017611605941e-06,5.1454095941572514e-06,7.899418519260458e-06,1.5728290964383894e-06,7.013625584390454e-06,1.572110232796349e-06,6.134338093568368e-06,4.725368455705375e-07,5.220528649146175e-06,2.816209404471664e-07,3.9487233328361066e-06,2.7200692933711757e-07,2.7688072086783586e-06,2.718277745196319e-07
2023-09-12,2023Q3,10:00,1.132390886350137,11:00,1.2858614382265248,15:00,1.200955637157616,14:30,1.2553973772711307,14:30,1.2426433733941598,15:00,1.2364396089614056,14:30,1.2665001745959887,11:30,1.132390886350137,1.0886136132493192,1.0818402897459778,1.091878200195425,1.0534134132616408,1.0691553530774558,1.0551421485139851,1.0447305223071643,1.0388370228277093,0.9912334814099809,0.971301492166208,1.7061771288366747e-05,2.4732902913142528e-05,1.6009968257210604e-05,1.955548598451672e-05,1.3652965681455481e-05,1.8835628068920065e-05,1.0812315953876315e-05,1.7593120484214503e-05,9.579113723273951e-06,1.704843705436341e-05,7.3512906318584415e-06,1.6804502478302897e-05,6.6442440099067925e-06,1.6804095114911194e-05,6.373442024128294e-06,1.224129335815526e-05,6.058242069809592e-06,5.1116018649789e-06,4.0671120839441956e-06,5.000575795919424e-06,3.247798730268142e-06,1.4314674661979858e-06
2023-09-13,2023Q3,10:00,1.1322242019445932,11:00,1.3084576338542484,15:00,1.1976541973930566,14:30,1.2533749597073303,14:30,1.235966999837008,15:00,1.2329137873709886,14:30,1.2645077881562212,11:30,1.1322242019445932,1.0885223768961227,1.0817088607769876,1.0916945892595342,1.0532148411699471,1.0688791012053134,1.0548256733639854,1.0445290654165205,1.0388633234706082,0.9911959194295483,0.9714014148117217,2.3189337290044e-05,1.5034215264785766e-05,1.887559672538001e-05,1.1483322466720395e-05,1.5390536989407774e-05,7.408786962772494e-06,1.2025796428200395e-05,6.361446378770597e-06,9.672984801134771e-06,6.031746371074251e-06,8.849851510327253e-06,5.948670094249382e-06,7.677147579890028e-06,5.908247497399956e-06,6.942191738527526e-06,5.905127339873649e-06,5.864474917166515e-06,5.884674406087371e-06,4.8100193981304845e-06,5.5625116688448265e-06,4.016451752880905e-06,1.4077144292359637e-06
2023-09-14,2023Q3,10:00,1.1323180983026295,11:00,1.2980039346977426,15:00,1.1947191381316118,14:30,1.2513854557068913,14:30,1.2446368806578234,15:00,1.2297119299392192,14:30,1.2625384396760044,11:30,1.1323180983026295,1.0886325587934378,1.0818530168122473,1.0918056740893058,1.0532935072304919,1.068943928100185,1.0548669148254997,1.0445533696757543,1.038854575137368,0.991166222256191,0.9715439112562428,1.8505290692099342e-05,1.1203150914139161e-05,1.6129015891015525e-05,1.0416811949012907e-05,1.3267929483702049e-05,5.299390358240343e-06,1.2245838016934672e-05,5.298788026440576e-06,8.48738679474357e-06,4.341930932196845e-06,8.067341164747541e-06,4.226438608059674e-06,7.173134508510704e-06,2.53461661113553e-06,5.6479453051697785e-06,2.1541599416808035e-06,6.020650177626119e-06,1.897862457683356e-06,4.933194220993538e-06,1.8132616868741719e-06,2.3729118886695534e-06,3.332245274069348e-07
2023-09-15,2023Q3,10:00,1.1324066892350604,11:00,1.3312084309356167,15:00,1.1921098478502885,14:30,1.253860072843598,14:30,1.3043215994917627,15:00,1.2268870160665586,14:30,1.2648661949835123,11:30,1.1324066892350604,1.0887153034994521,1.0820002528349046,1.091946903161585,1.0533862324812115,1.0690362757116592,1.0549953255873177,1.044660040803486,1.0389968829198089,0.9912985878003817,0.9716541394921866,2.469560292059772e-05,3.587382970992467e-05,2.179558146238254e-05,3.518052822541734e-05,2.3021219761239234e-05,2.3327677624485497e-05,1.98084995581573e-05,2.2387020718485132e-05,1.5311961850784973e-05,2.229302863350484e-05,1.3159804219441647e-05,2.2189136674986843e-05,1.0734333847832189e-05,2.1948875063721165e-05,1.054779665765019e-05,6.376677103949528e-06,8.383107982180427e-06,4.767365776780204e-06,5.91807795676237e-06,2.4290780334617693e-06,4.0406831458912916e-06,8.923279789929779e-07
2023-09-18,2023Q3,10:00,1.1321643561299868,11:00,1.3196062266201065,15:00,1.1899462707938744,14:30,1.2565515041152373,14:30,1.2533804764038632,15:00,1.2244452015093035,14:30,1.267391845992981,11:30,1.1321643561299868,1.0884302810087991,1.0819569048613313,1.0918455888758318,1.0531927562697654,1.068761664199241,1.0546410441619318,1.0447820243549677,1.0391174075013847,0.991446732190982,0.9718248471447278,2.0769653385453547e-05,5.814035812680824e-06,1.6222489260207392e-05,5.017859758711354e-06,1.290687526807026e-05,4.655478653482801e-06,1.041284520734346e-05,3.947085189687643e-06,9.636133520974983e-06,2.1855067802757936e-06,7.768985691060719e-06,2.1847825239475847e-06,7.054007190117286e-06,1.9996749198333973e-06,5.245888936355353e-06,1.998224392066023e-06,4.561101014048254e-06,1.854702304900616e-06,3.974431508183494e-06,1.6349294133419452e-06,2.8465690909770426e-06,6.611474201086793e-08
2023-09-19,2023Q3,10:00,1.1323801830678597,11:00,1.308105312062101,13:30,1.1939873340991038,14:30,1.2583677133859594,14:30,1.239679380110632,15:00,1.2268724219066713,14:30,1.2690965879096658,11:30,1.1323801830678597,1.0886160820994477,1.0821106045968847,1.0919789294099982,1.0533664091081807,1.0689029501082317,1.0547820760768427,1.0448811464494718,1.0392099551513068,0.9915460536054407,0.9719745048866948,1.9748479035365867e-05,1.531006674492788e-05,1.6694028717829682e-05,1.369379914858337e-05,1.5631762966791898e-05,8.366787901292987e-06,1.3908597087986341e-05,7.99431780223967e-06,1.1159364943011428e-05,7.994272509054674e-06,1.0578461962414504e-05,7.490498777083074e-06,8.671371163118524e-06,7.467556886294394e-06,8.166021731543088e-06,6.315600166408456e-06,6.913772012708404e-06,8.329376158791656e-07,5.108117791189674e-06,8.012475244560466e-07,4.563254120662432e-06,7.504776818113795e-07
2023-09-20,2023Q3,10:00,1.1324168626288165,11:00,1.2990160852892205,15:00,1.2012618964283517,14:30,1.2622857219360801,14:30,1.2167960352724696,15:00,1.2356364207964492,14:30,1.2728143260751885,11:30,1.1324168626288165,1.0886469252045945,1.0822390527624122,1.092092057251415,1.0534312343500634,1.0689698063011852,1.0548047366078304,1.04493031735958,1.0394224685874922,0.9917280911100569,0.9721807128783556,5.5184577681254306e-05,4.309613652488025e-05,5.465912283203876e-05,4.251739243382623e-05,5.427046693647634e-05,4.236651174966696e-05,5.417073965610548e-05,4.180336042513907e-05,5.0875546568023774e-05,4.0799452728898905e-05,5.1092813655528775e-05,4.075863916631795e-05,4.827393852965689e-05,4.061817823601103e-05,4.4919576423553544e-05,4.001495210202369e-05,4.532387980882251e-05,3.998879019090554e-05,3.4943433134927305e-05,3.5339625907478876e-05,1.7241106289860285e-05,3.238521749107169e-05
2023-09-21,2023Q3,10:00,1.1325138611694652,11:00,1.2929016029722775,13:30,1.200620388180878,14:30,1.2532553096362986,14:30,1.1975295757005984,15:00,1.2314202291477685,14:30,1.2637141689842792,11:30,1.1325138611694652,1.0887913506260216,1.082403329882117,1.0922779438258687,1.0536179718928196,1.0691651643424052,1.0549593777802042,1.0450276833790986,1.0395543495650916,0.9917237144247683,0.9714159512724206,4.05653473769789e-05,2.5991468541802408e-05,2.9742282418867678e-05,2.3443015091829844e-05,2.500108329049802e-05,2.1460263270718636e-05,2.2162937775141743e-05,2.108165794268294e-05,1.8510709831426562e-05,2.0991172607014866e-05,1.7489132985980553e-05,2.078648583541731e-05,1.545784383860854e-05,2.0661322764474616e-05,1.2667049503141369e-05,1.4931912780208348e-05,1.0613735343237917e-05,1.4723808626135047e-05,9.735053525013856e-06,8.332704179219778e-06,5.955082269549211e-06,8.028120790962398e-06
2023-09-22,2023Q3,10:00,1.132682956999609,11:00,1.2875178046020808,13:30,1.194351859951197,14:30,1.2525917643960394,14:30,1.1955033425765356,15:00,1.2199038980471133,14:30,1.2629661596857351,10:30,1.132682956999609,1.088864075275216,1.082437896924021,1.092259094752677,1.0535327357845718,1.069042271282787,1.0547789447367766,1.0449356734402795,1.039389787815223,0.9917856902101975,0.9713170071846953,3.474273976970145e-05,6.20979147448501e-05,2.829628591602324e-05,6.152036501296729e-05,2.1925215937899683e-05,5.718995642981463e-05,1.779194662882149e-05,5.699346298222575e-05,1.823206972412962e-05,5.2275151563729825e-05,1.5825929401734455e-05,5.174005383391392e-05,1.4273610712697956e-05,5.1601332170671065e-05,1.660244442239636e-05,4.317566325717208e-05,1.43565356066259e-05,4.160115744183916e-05,1.26299859904103e-05,3.970626126742668e-05,7.770045119396475e-06,3.9706068585588945e-05
2023-09-25,2023Q3,10:00,1.1321426695271968,14:30,1.3494018420568916,13:30,1.1897658698333966,14:30,1.2187038663178462,14:30,1.3621230047686732,15:00,1.2141683236291827,14:30,1.2301929051628464,11:30,1.1321426695271968,1.088197648149499,1.0816590599019362,1.0912904675527557,1.0526629685602606,1.068018820585719,1.053637670343154,1.0440436822947399,1.0383783449412616,0.990660782714009,0.9696676381886636,3.9253577135478885e-05,3.8776172227527923e-05,3.905577378388891e-05,3.2725344435987784e-05,3.7636638244708674e-05,3.2142707230718e-05,2.558138933403496e-05,1.527872770956309e-05,2.410981048073393e-05,1.4981357441046667e-05,1.697623810772394e-05,1.2639103390461095e-05,1.8141700993643725e-05,8.805584538612192e-06,1.6656686467164137e-05,8.739771985704826e-06,1.224993794563984e-05,7.452770420792459e-06,1.3029302035178435e-05,6.5068070884373955e-06,1.1300974427669359e-05,6.348653631061722e-06
2023-09-26,2023Q3,10:00,1.1320721807554153,11:00,1.3253477366517181,13:30,1.1873817806504086,14:30,1.2233844697647047,14:30,1.3368698527107485,15:00,1.2068774709934382,14:30,1.234572724289559,11:30,1.1320721807554153,1.0882569375833826,1.0817149195067886,1.091484475323781,1.0528597805277162,1.0681089230731602,1.0538895357933293,1.0442792430545607,1.0385362761755919,0.9909375492389136,0.9699430838965937,4.67073058194189e-05,2.2523770710917254e-05,4.530065856823285e-05,1.962316802063936e-05,3.751003699600008e-05,1.9571107979306258e-05,3.595427488712845e-05,1.1587926306514948e-05,3.2106983032745795e-05,1.105439040730843e-05,2.635541573321288e-05,9.451631538065937e-06,2.340285344224449e-05,9.447366892980206e-06,2.1381871848039334e-05,7.561137455904425e-06,1.716269726332777e-05,7.106229833030033e-06,1.3481652654672873e-05,3.442538631169388e-06,8.982475923745558e-06,3.377463207364781e-06
2023-09-27,2023Q3,10:00,1.1323938084851097,11:00,1.3144228563255884,15:00,1.2890589947153328,14:30,1.2319599361117937,14:30,1.321437208404031,15:00,1.3285863748380675,14:30,1.2426957671939292,11:30,1.1323938084851097,1.0886690131549444,1.0820329120416408,1.0919919428621803,1.05334270546796,1.0685301273514551,1.0542715125586257,1.0447009123126376,1.0388786721294183,0.9913608532630818,0.9702485432100323,4.62936912334248e-05,6.128248569774052e-05,4.008935052255682e-05,6.123637788095139e-05,3.750540538407634e-05,4.608788330616905e-05,3.320891333508769e-05,4.26403720556067e-05,3.061693992056406e-05,3.6695986739242554e-05,2.7572245541884727e-05,3.368776658217988e-05,2.5194645766287543e-05,3.3626941577400216e-05,2.3754704362872495e-05,2.512750239719709e-05,1.841366545179824e-05,2.38970711830332e-05,1.3081712021985755e-05,1.717369757511207e-05,1.6122852886368412e-05,4.401196601242177e-06
2023-09-28,2023Q3,10:00,1.132043792246583,14:30,1.3043843971953237,15:00,1.2928932500967893,14:30,1.2245262285652325,14:30,1.3159712564373793,15:00,1.331667629323702,14:30,1.2354037069213815,11:30,1.132043792246583,1.088212139433689,1.08179252280273,1.0917014433055705,1.0531532573251434,1.0683120963617132,1.0539804077398587,1.044622929664064,1.0386544196784262,0.9911952034017645,0.970882840152385,6.51410068679226e-05,5.332642154724407e-05,5.602829678571046e-05,5.261121751770117e-05,4.5525705677974594e-05,4.7041164384702796e-05,3.660934675729295e-05,4.245976878108918e-05,2.8412151886699725e-05,3.481562790165973e-05,2.383083610795896e-05,3.252380181719331e-05,2.428657920747333e-05,2.4460661427701255e-05,2.3898809789519437e-05,2.343823982607055e-05,2.095951478789117e-05,2.272502045271045e-05,1.249609156595483e-05,1.9642446249199203e-05,9.703708378893462e-06,1.8101186189266914e-05
2023-09-29,2023Q3,10:00,1.1321160509260118,14:30,1.2862516037566047,15:00,1.307049641885518,14:30,1.2139636124588191,14:30,1.2980606714703748,15:00,1.3468322951961476,14:30,1.2251090045887183,11:30,1.1321160509260118,1.0881911192843476,1.0816883388477325,1.0914896698939267,1.0529588408151043,1.0680298424271004,1.0539380233929223,1.044604656232901,1.0385620317997635,0.990902530233511,0.9704620586746208,4.8738908153775197e-05,5.454537119195246e-05,4.999758893211713e-05,4.772771467481717e-05,3.911088403029633e-05,4.739274376290148e-05,3.746145562219404e-05,4.5746925317090344e-05,3.843193363176831e-05,4.2320426108003016e-05,3.523448584748208e-05,4.2107020570848974e-05,3.734440052374831e-05,3.418753473847135e-05,3.4201399579821704e-05,3.1320404698014864e-05,3.2299946402714074e-05,2.258519968259583e-05,2.432271028218479e-05,2.258230875363674e-05,1.813912378007654e-05,2.252164824800728e-06
2023-10-02,2023Q4,10:00,1.1319192190182341,14:30,1.279530706564147,15:00,1.3016156767036542,14:30,1.211165250556261,14:30,1.291171756501486,15:00,1.3400553143675373,14:30,1.2221843180094798,11:30,1.1319192190182341,1.0881578390011493,1.0814524641305572,1.0912189025120587,1.0528146042256494,1.0677783167004105,1.0539752207904127,1.0446509400751725,1.0388708212193816,0.9909841197511312,0.9713148873395384,4.516426880721666e-05,8.043096830344028e-05,3.999005503501666e-05,8.043096257050735e-05,3.6318100130258984e-05,7.972770489040824e-05,2.7632568315308028e-05,5.9201308227095314e-05,3.2691524665450045e-05,2.4379373258984462e-05,2.9382008007703557e-05,2.4014580724187926e-05,2.6854724601618186e-05,2.115934404164926e-05,1.945928877706473e-05,1.7671268740601652e-05,1.663016083189448e-05,1.755116666795441e-05,1.5251365971133862e-05,1.582268605607547e-05,1.0176218604633561e-05,1.5620056587011572e-05
2023-10-03,2023Q4,10:00,1.1312261233805856,14:30,1.2679429965102902,15:00,1.2869531031754753,14:30,1.2076355252938216,14:30,1.2795018141311496,15:00,1.3253238119462927,14:30,1.2186445681512375,11:30,1.1312261233805856,1.0873432701230679,1.0804854162985584,1.0904172601606517,1.0529798020063434,1.067874861418208,1.054104152842446,1.044682080573133,1.0388148772063244,0.9909661576926262,0.9710480499746937,5.3740224042398536e-05,0.00010652218211212403,5.433017295601699e-05,2.836918825753952e-05,4.869344293197614e-05,2.5284851969098355e-05,4.0634223758221096e-05,2.4927266283016694e-05,3.759284258770195e-05,2.408965791987191e-05,3.1147437317282415e-05,1.5422945525331617e-05,2.7961422716417736e-05,1.520237107223261e-05,2.4540104915511482e-05,1.4358493596274966e-05,2.1302151954051176e-05,9.551628352381412e-06,1.6877625934440938e-05,8.585231183758484e-06,1.086329309810223e-05,6.045181434161011e-06
2023-10-04,2023Q4,10:00,1.1302191494759797,14:30,1.2781830778403604,15:00,1.2838948859291905,14:30,1.2135272451288859,14:30,1.289379075741238,15:00,1.3218114980873357,14:30,1.2241569027457564,11:30,1.1302191494759797,1.0877455153304085,1.0808993963134825,1.0907088218764471,1.0532671815744237,1.0682536255431387,1.0544420045793437,1.044979332199738,1.039211836296802,0.9913167522945561,0.9713146600608251,5.677016614658313e-05,6.68990899178418e-05,5.175392669246969e-05,4.6301444780908836e-05,4.459637856690893e-05,4.5546115519073786e-05,3.6328282581019736e-05,2.7468419344239494e-05,2.6293487963359586e-05,2.031791248672932e-05,2.3548397394637033e-05,2.0309075654131473e-05,2.121431737034652e-05,1.9699655106479865e-05,1.990576276021957e-05,1.383766164467481e-05,1.737859208448368e-05,1.2938169975922964e-05,1.4957261295136125e-05,1.2578939459078358e-05,8.570937183572396e-06,9.594648685629212e-06
2023-10-05,2023Q4,10:00,1.1299352578436126,14:30,1.276578340571143,15:00,1.2829507280612114,14:30,1.213248951409621,14:30,1.287625011964951,15:00,1.3208937784957298,14:30,1.2237476118201587,11:30,1.1299352578436126,1.0877693014452234,1.0808097127654768,1.090846755037509,1.0533821379643336,1.0683014220174372,1.0544545128815197,1.045148937631377,1.039348971884268,0.9914208940559873,0.9712747148542641,5.429940343644408e-05,3.73125282255445e-05,4.34765321449296e-05,3.445324441129183e-05,3.731633776119343e-05,2.2341381296951273e-05,3.390259334551954e-05,2.233817471463863e-05,2.885945704169568e-05,2.2336162220910063e-05,2.49449082100641e-05,1.4850838716921006e-05,2.229081835918e-05,1.2936610565381073e-05,1.9546691900608532e-05,1.2472264346137568e-05,1.74900263044393e-05,5.13216160902104e-06,1.3464701079490852e-05,4.860061707105452e-06,9.594814948532345e-06,1.2546207046367385e-06
2023-10-06,2023Q4,10:00,1.1301180626729252,14:30,1.2795043693051962,15:00,1.285981482415195,14:30,1.2201406962584294,14:30,1.2901054220488672,15:00,1.3234051188310836,14:30,1.230249904312763,11:30,1.1301180626729252,1.0878719230646399,1.08106445654516,1.091053180518329,1.0535073101049643,1.068535516582411,1.0546991094191445,1.0453516531038463,1.0397727378687718,0.9917828011862511,0.9717217079763575,6.963012926781613e-05,0.00010488463564524653,5.5956226130465255e-05,9.919256208774378e-05,4.632899586986072e-05,9.504415177773255e-05,3.801008707049967e-05,7.386421982478828e-05,4.241410186350618e-05,2.1388191068936764e-05,3.2489999933861244e-05,1.926738140273757e-05,2.3931255869976047e-05,1.9266939196608467e-05,1.9868606035081812e-05,1.2032294655051404e-05,1.5151471113070002e-05,1.1531300749323945e-05,1.1099878482734256e-05,8.80710454301728e-06,8.841073604376873e-06,8.46384087188892e-06
2023-10-09,2023Q4,10:00,1.1293827753841281,14:30,1.2751995820147655,15:00,1.2856194781962706,14:30,1.220463972747862,14:30,1.2856366868204478,15:00,1.3229878027126727,14:30,1.2304530839229166,11:30,1.1293827753841281,1.0869847558917258,1.079975108283265,1.0901328406461246,1.0539738990671628,1.068842225705791,1.0548011491608442,1.0455785456385698,1.0398829075953726,0.9918817618440131,0.9717545963464052,4.57259929915591e-05,4.902181166039833e-05,4.079409402010914e-05,4.7379216022064096e-05,3.4694610977597525e-05,4.246961893014727e-05,2.7495341012994976e-05,3.320375609183268e-05,2.5399679284542066e-05,3.249563994430935e-05,2.3171946092668623e-05,3.2370947889215575e-05,2.0046735447481826e-05,3.197149278388573e-05,1.6454778305392817e-05,2.672117769488267e-05,1.5407190171390225e-05,1.0627899474533925e-06,1.1587893305784251e-05,5.043527441351552e-07,7.420142800062853e-06,4.226872947426356e-07
2023-10-10,2023Q4,10:00,1.1292379595007582,14:30,1.2814705303438436,15:00,1.2866380574819407,14:30,1.2305909794127785,14:30,1.2913549836802454,15:00,1.3235267715539163,14:30,1.2400829800668542,14:30,1.1292379595007582,1.0868020762055344,1.0797595865565508,1.0899449040453852,1.053766363864243,1.068547992868089,1.0544149570392536,1.0452214378677653,1.0403812694808525,0.9923456729858804,0.9721284715467707,3.9875016163904843e-05,3.245471934929734e-05,3.695094598101242e-05,2.1922814698693898e-05,3.0966632139490114e-05,2.1557202871535055e-05,2.5350866665128937e-05,1.596340102052574e-05,2.1249245371585652e-05,1.4143066103639843e-05,1.9441497371425765e-05,1.4093088318771791e-05,1.753476269050083e-05,1.373582848382029e-05,2.0354456016282856e-05,3.0483930425789774e-06,1.4453451313436156e-05,3.0295136512404032e-06,1.2870280664756244e-05,6.444219641634244e-07,8.533630039177985e-06,4.852117580974456e-07
2023-10-11,2023Q4,10:00,1.1292864049080844,14:30,1.295319149859593,15:00,1.2928372924471085,14:30,1.241854316909727,14:30,1.3046376541774596,15:00,1.3293157400919446,14:30,1.250788196112809,14:30,1.1292864049080844,1.087025943247504,1.0799078815723164,1.090116592447633,1.0539151265563127,1.068660788011301,1.0545010886996806,1.0457552373935994,1.0407750387475105,0.9928574004528932,0.972558477610208,4.9805505913136784e-05,2.1642294665168307e-05,4.1417166808017655e-05,2.002652624335903e-05,3.4746145107263386e-05,1.869379613243111e-05,3.358920196760938e-05,1.280256459729732e-05,3.013513518754204e-05,1.2789935437196893e-05,2.8972384980251084e-05,1.0873083394952408e-05,2.5787496791623453e-05,1.0502588997645553e-05,2.3808708082691324e-05,9.409664209163013e-06,2.0745584968238632e-05,9.276071581166642e-06,1.2316039998858015e-05,6.36637083113316e-06,6.870043042751105e-06,5.443233453097302e-06
2023-10-12,2023Q4,10:00,1.1296672041708187,14:30,1.3087326633972394,15:00,1.2882387218077318,14:30,1.2459877394748324,14:30,1.3178148243451582,15:00,1.324472960142016,14:30,1.2546344719248876,14:30,1.1296672041708187,1.0873609477262358,1.0801885285098232,1.090540380810686,1.054305465027748,1.0691072962191506,1.054916240948354,1.0461894235441864,1.0411613551807861,0.9931081660487224,0.9726425231584954,4.13376545861431e-05,6.477082219872706e-05,3.573247432285733e-05,6.3838495629942e-05,2.973681470510245e-05,6.358540031460999e-05,2.7328147000373235e-05,6.357785973490698e-05,2.2926278149635456e-05,6.304316843727624e-05,1.939338836810423e-05,6.06204503070623e-05,1.84588265945871e-05,5.828238714342926e-05,2.015152030173471e-05,7.953800508692604e-06,1.7449953127015544e-05,2.3270361984656328e-06,1.5844617423820918e-05,2.180647555384078e-06,1.011579985236826e-05,1.3978452867089026e-06
2023-10-13,2023Q4,10:00,1.1291897871381105,14:30,1.3279516785616607,15:00,1.2894177938586053,14:30,1.258402640128888,14:30,1.3363973343612952,15:00,1.3250491760119183,14:30,1.2664059701652575,14:30,1.1291897871381105,1.0867872609225517,1.0794386546904888,1.0896348968109346,1.0532865631961439,1.0679404952100455,1.0537041923897952,1.046557057761146,1.0416847174337034,0.9936802808697079,0.9731093888450578,5.143431586383562e-05,7.703057744487612e-05,4.973393571357448e-05,6.492014943528333e-05,4.730911188848272e-05,5.042121865259265e-05,4.0035887813074914e-05,4.7984956204357387e-05,3.586581289732873e-05,4.4681459958087746e-05,2.7679493255420345e-05,3.19393057552104e-05,3.026184749290525e-05,2.867226809875203e-05,3.211408339451424e-05,9.650940156137582e-06,2.5023237436581333e-05,2.3059339765167805e-06,1.8029745593895173e-05,2.2946334088207394e-06,1.3230924591534378e-05,2.168007924114015e-06
2023-10-16,2023Q4,10:00,1.1286572522869256,14:30,1.3367175323412996,15:00,1.285285338014686,14:30,1.272849516277955,14:30,1.3443278603471012,15:00,1.3199982766585707,14:30,1.2800962247908105,14:30,1.1286572522869256,1.086433039992409,1.079301750806895,1.0893711041688297,1.0530248231219572,1.0677754417919731,1.0537055930177697,1.0472409442426307,1.0424725005514106,0.9943389345484244,0.9737022848758888,4.4734548929851636e-05,2.8773062997484925e-05,3.551292834181538e-05,1.7052967640738016e-05,2.993133047943328e-05,1.28417625116409e-05,2.8628680091740283e-05,1.2533812014521267e-05,2.369621255890912e-05,1.0848582118311808e-05,2.0927985111401623e-05,1.0795259066774534e-05,1.865201061162325e-05,1.0732023761103763e-05,2.2104433836545028e-05,1.0175583229793484e-05,1.4716770640484494e-05,6.710650929115778e-06,1.2918938292583691e-05,5.4355133825803975e-06,6.754820243284702e-06,3.767786725224842e-06
2023-10-17,2023Q4,10:00,1.1288408321074666,14:30,1.3394199344481246,14:30,1.2734460101746647,14:30,1.2786074841260342,14:30,1.3466201655515613,15:00,1.3051435728994478,14:30,1.285480809764632,14:30,1.1288408321074666,1.0867219414022589,1.0796108010814482,1.0896934787736927,1.0533116396479778,1.0680167017018707,1.0539122429705123,1.0475964825839656,1.0427413252542193,0.9946531091040899,0.9738667794342915,5.0278290995254947e-05,6.516193814126562e-05,3.943735730527848e-05,4.4400066121816927e-05,3.5556397925131834e-05,4.3326276148915975e-05,2.917074064518124e-05,4.0063605721189466e-05,2.240525790009163e-05,3.131668997757504e-05,1.859377023479989e-05,2.8035587884967837e-05,1.789689645256996e-05,2.0058284140680745e-05,1.3986350739018937e-05,1.9066746957806036e-05,1.4893304350100558e-05,7.761091736404747e-06,1.0681143490999456e-05,7.343377136382227e-06,9.592347212992855e-06,5.683005889817755e-06
2023-10-18,2023Q4,10:00,1.128492581659172,14:30,1.3506867378028755,14:30,1.2685734647952256,14:30,1.2798519951369454,14:30,1.3577548536682844,15:00,1.2971928049868338,14:30,1.2865494342536705,14:30,1.128492581659172,1.0865721584957613,1.0793952361970607,1.0893818871200076,1.053064533729597,1.0677256690326484,1.053821042515651,1.047410629756348,1.0429780332809073,0.9947942621259553,0.9740830035896564,5.27235508535193e-05,3.2594124705589984e-05,5.0004022217709325e-05,3.180298503617106e-05,4.266886593720996e-05,2.526085368744402e-05,4.0473862670973797e-05,2.4689670476180062e-05,3.682903327097874e-05,2.4050386002183516e-05,3.3294574021300914e-05,2.2762551263432573e-05,3.253545825153841e-05,2.143460982603807e-05,2.303548033731633e-05,9.859008165155887e-06,1.721833884917331e-05,8.526657882751371e-06,1.420735897277917e-05,7.5199147453487745e-06,1.0071107393217021e-05,3.41563203267435e-06
2023-10-19,2023Q4,10:00,1.1287309436069266,14:30,1.351460326183401,14:30,1.2743146637872673,14:30,1.2842834337350335,14:30,1.3581487584238277,15:00,1.2846749381186235,14:30,1.2906394047965721,14:30,1.1287309436069266,1.0868345571996445,1.079691035777136,1.089673773313839,1.0533330081732057,1.067956089812228,1.054100631471499,1.047804972998251,1.043267727291554,0.9950753316240639,0.9744422942536742,7.507074192031046e-05,6.26406789145206e-05,7.071891240067805e-05,4.762172115492232e-05,7.049211779324062e-05,4.741212502914294e-05,6.603063521996294e-05,4.573172873359427e-05,6.330690003388056e-05,4.425324160602072e-05,4.628771963516036e-05,4.422299789326466e-05,3.816517714586333e-05,3.930020697885166e-05,3.28772764350449e-05,3.924008086560307e-05,2.4996191024531492e-05,2.4656362543938087e-05,1.9263642890270677e-05,2.3333977406044184e-05,1.8011452670138973e-05,5.203681792153291e-07
2023-10-20,2023Q4,10:00,1.128796168969365,14:30,1.3319710556317301,14:30,1.263540128958375,14:30,1.2740524593558613,14:30,1.3387851831212496,15:00,1.2795436650999696,15:00,1.2851751677185417,14:30,1.128796168969365,1.0871563883063164,1.080061382260424,1.0900216547961579,1.0537222438124416,1.0679320124486307,1.0540090693376536,1.0475496498233638,1.0432424515773353,0.9949102159364858,0.9753748252395539,8.160930271278978e-05,6.114090925762172e-05,6.838883012003575e-05,4.2819276752145206e-05,6.486771408283258e-05,3.745614163401172e-05,6.0430141403153715e-05,3.7439258167477907e-05,4.9196640494125674e-05,3.1047227227280905e-05,4.2262531845924116e-05,3.0307502552905923e-05,3.496348172372995e-05,2.1087416777869103e-05,3.3163263039278205e-05,2.0942372037238253e-05,2.495028884434124e-05,2.0919722744229347e-05,2.0915959241089167e-05,7.2468645079373e-06,1.3521761436534494e-05,7.246415100218997e-06
2023-10-23,2023Q4,10:00,1.128984127527549,14:30,1.3741662186648222,14:30,1.2597889543892657,14:30,1.2852644711589551,14:30,1.3804026193214725,15:00,1.273533511753278,14:30,1.2910974075847195,14:30,1.128984127527549,1.0875267561974513,1.0805294606300475,1.0904427037573121,1.0541062580269414,1.068185164086222,1.0543664691716437,1.04789729870986,1.043351053360492,0.995482187175423,0.9757185126979973,7.18442132575139e-05,5.267777406697392e-05,6.345553124131412e-05,5.2362242066010985e-05,5.288736041878091e-05,5.090964470468144e-05,4.166867979612385e-05,4.506292534226968e-05,3.309573178937413e-05,4.39800743120161e-05,3.055515048312423e-05,4.397245483280583e-05,2.3890111853548837e-05,3.0622434598281386e-05,2.5067698547713993e-05,1.9196828214595078e-05,1.8197963255856805e-05,1.918921290328149e-05,1.701900546125336e-05,1.7437244834526496e-05,1.1616004814584656e-05,1.6919052007964364e-05
2023-10-24,2023Q4,10:00,1.1291686301613757,14:30,1.361288934404369,14:30,1.2699725783139828,14:30,1.28011923170692,14:30,1.367486339763315,14:30,1.2757542567392184,14:30,1.285947103796501,14:30,1.1291686301613757,1.0876370718417103,1.080488813946491,1.0902825584366924,1.0537975281520933,1.0677657133250316,1.054131050336297,1.0480505557505202,1.0432877565484042,0.9954680312492052,0.9754582185929118,5.135104469753059e-05,3.852929636678472e-05,4.042405149803066e-05,3.7124854823373564e-05,3.555191594060156e-05,3.6943849534454e-05,3.432626776804283e-05,2.8693516444142494e-05,3.0044813983114844e-05,2.83294141660752e-05,2.892096378391355e-05,1.2747038322006555e-05,2.5106486458443646e-05,1.2201842250025765e-05,1.9760086560116904e-05,7.781710115437566e-06,1.6916394607824144e-05,7.774889308781948e-06,9.839384913308184e-06,4.298559300653533e-06,7.085812940022405e-06,2.475779826573647e-06
2023-10-25,2023Q4,10:00,1.1292855558969936,14:30,1.361166045468414,14:30,1.2672604146974498,14:30,1.2842856247921108,14:30,1.3670445270136558,14:30,1.2727333450468479,14:30,1.2898320820882605,14:30,1.1292855558969936,1.0876378454583575,1.0804052528020853,1.0903477402535418,1.0538019789955169,1.068156789989745,1.0544742042154271,1.048409654024643,1.0435933722179178,0.9956998609561875,0.9757066984133913,6.728981396194472e-05,2.9215247597605898e-05,6.106683390571804e-05,2.5288659819252823e-05,4.893851489149825e-05,2.1630169508015593e-05,4.196362481278097e-05,1.80129678082669e-05,3.988158755833162e-05,6.863522813027609e-06,3.407993672308607e-05,6.298968799216413e-06,3.2337274493460716e-05,3.970079470996007e-06,2.864827294808782e-05,1.7919262785687523e-06,2.1123575516735726e-05,1.3641508518565846e-06,1.5624234449617897e-05,1.3493104983427948e-06,1.0051600564465636e-05,1.3344701448289973e-06
2023-10-26,2023Q4,10:00,1.129796521386395,14:30,1.3743271613919879,14:30,1.2656980638876063,14:30,1.297761363803608,14:30,1.3794376417469916,14:30,1.2704046034020495,14:30,1.3025871317441062,14:30,1.129796521386395,1.0882059538116127,1.080894476128361,1.0908258462467018,1.0545612864250544,1.068855339452476,1.055263073094047,1.049237989286032,1.0442771162396085,0.9962952436555729,0.9761721294407094,7.919287083030696e-05,9.572038532648021e-05,6.805002056272274e-05,9.572036222675164e-05,5.350230782835705e-05,9.071425866006032e-05,4.979615660140424e-05,6.820285713922145e-05,4.200888899184328e-05,6.801519481254566e-05,3.8336488641465846e-05,5.341948750759082e-05,3.550604635480094e-05,4.957623154871402e-05,2.7290602342792517e-05,4.9565422584706015e-05,2.185708474300902e-05,3.740218295548486e-05,1.6708516118755085e-05,3.5633264744840406e-05,1.0534148394692375e-05,2.519471427232071e-05
2023-10-27,2023Q4,10:00,1.129365811688872,14:30,1.337777846843542,14:30,1.2588546301964108,14:30,1.269771290946343,14:30,1.3438076307149818,14:30,1.264528682404373,14:30,1.2754945479644129,14:30,1.129365811688872,1.0875956443749146,1.0800435586651376,1.0902997186781236,1.0538712477043644,1.0683768388422004,1.054792664960021,1.0484743909618235,1.043680874237764,0.9955129114215316,0.975425198580099,7.202826350651122e-05,2.7388718328432624e-05,6.243567516720282e-05,2.6556349131941288e-05,5.081699128582011e-05,2.541863870826144e-05,4.397811736508038e-05,2.4090802997466055e-05,3.970638769869986e-05,2.2501209420427336e-05,3.200787387224373e-05,1.7650662302932436e-05,3.067645210579911e-05,1.4539144962296398e-05,3.073745327136592e-05,8.093717479335218e-06,2.7603199213462607e-05,7.294602653581431e-06,2.2708064191504424e-05,5.242811824585173e-06,1.5079753478821251e-05,4.878340645415668e-06
2023-10-30,2023Q4,10:00,1.129976947073225,14:30,1.3503114533856908,14:30,1.2639585147008001,14:30,1.2850740192295964,14:30,1.3554066960181037,14:30,1.2687279146000285,14:30,1.2899230960201156,14:30,1.129976947073225,1.0881624302152715,1.080489594021075,1.0906783140433898,1.0542424130642756,1.0687120837657582,1.055221783027644,1.0491616926401002,1.044373609068464,0.9962408016373376,0.9759733616050985,6.259148378089453e-05,5.957543260759315e-05,5.279154705902498e-05,3.7384512195764344e-05,4.621202003436446e-05,3.7380561417677346e-05,3.951135861959328e-05,3.736537389209457e-05,3.538534540332595e-05,3.071573033811697e-05,3.263747436153645e-05,2.827480851917322e-05,2.880083533012396e-05,2.8068961932655464e-05,1.993633972450309e-05,7.868697221640638e-06,1.787522881243373e-05,5.630497311075167e-06,1.3403015496420995e-05,4.771618233373265e-06,8.676766177681393e-06,3.1774071178919186e-06
2023-10-31,2023Q4,10:00,1.1299067094303459,14:30,1.3546749748157492,14:30,1.2661607288401353,14:30,1.2920508317226664,14:30,1.3592956024188805,14:30,1.2704794453754247,14:30,1.2964578561740618,14:30,1.1299067094303459,1.0883668846793748,1.0806006756348894,1.0906517820473904,1.0543120690176098,1.0687737291601656,1.055198915364296,1.0495224019096943,1.0447892003721684,0.996600719082068,0.9762694365727079,4.893598631423896e-05,3.270037084631154e-05,3.988988922299333e-05,2.7249335979935502e-05,3.335841159220305e-05,2.547836723181644e-05,2.8940903304373715e-05,2.349726930442544e-05,2.0852052595422808e-05,2.013417560215128e-05,2.2374518624843686e-05,1.830692916654763e-05,1.895183258000044e-05,1.4465622892115958e-05,1.578336707105697e-05,1.4190997931743991e-05,1.0920094520595224e-05,9.409867828715161e-06,8.215375658079452e-06,6.121341588863014e-06,5.121908747487498e-06,1.160552999179865e-07
2023-11-01,2023Q4,10:00,1.130084730416158,14:30,1.3517307048906853,14:30,1.2602035461496581,14:30,1.2923462220350455,14:30,1.3562215616039206,14:30,1.2643903220620443,14:30,1.2966397856021465,14:30,1.130084730416158,1.0885395475538968,1.0807117749469881,1.0907225180369315,1.0543033611781172,1.0688452435357199,1.0553019478992516,1.04954986108678,1.0448269109686419,0.9966886998110218,0.9765353966808215,9.853816007107018e-05,4.277510337713541e-05,9.127292498774127e-05,2.7016064377915505e-05,8.701445287986193e-05,2.699655566179369e-05,8.231421646781722e-05,2.2445570676253936e-05,7.571254746150974e-05,2.177606220085054e-05,7.220740575197124e-05,1.9210755092321596e-05,7.372792665206585e-05,1.8719745958574318e-05,6.76549272435569e-05,1.8708326406046104e-05,7.123521806768781e-05,1.8269112530146355e-05,5.3940330697130746e-05,1.751840625494232e-05,2.553784862786386e-05,1.270267912536946e-05
2023-11-02,2023Q4,10:00,1.1308297277582817,14:30,1.377862862616883,14:30,1.2678638909155246,14:30,1.3223540934906446,14:30,1.380340274438349,14:30,1.2701435234367167,14:30,1.3247316999653236,14:30,1.1308297277582817,1.0895829660626324,1.0818140824152247,1.0919564965765465,1.0555256138721647,1.0701603805469717,1.0568091278333518,1.0510312263607624,1.0466319420191261,0.9982052165923551,0.9772323092590038,3.817799669805045e-05,1.636269376157281e-05,2.834666972986019e-05,1.3893799877277144e-05,2.3486126449795654e-05,7.428035670990694e-06,2.100396617145823e-05,5.5780074246957245e-06,1.793661173809474e-05,5.549972122121438e-06,1.5599365248422643e-05,5.523474882169634e-06,1.238289893221351e-05,4.713658338256254e-06,8.634992966297391e-06,3.3098765893882756e-06,7.377145449674001e-06,1.0358275925718284e-06,5.065807321008188e-06,9.64746192025251e-07,2.5695828644196235e-06,9.088137075595485e-07
2023-11-03,2023Q4,10:00,1.1311216468216863,14:30,1.3823447751458169,14:30,1.266291596719181,14:30,1.326024412578935,15:00,1.3888392679035617,14:30,1.2683516941136337,14:30,1.3281816877629544,14:30,1.1311216468216863,1.0898056849413444,1.0821084973134238,1.0922746605417115,1.0558054231223295,1.0704069206150395,1.0570157844661419,1.051190274929597,1.0468497617642203,0.9983757680113382,0.9773215313605996,3.788735107753524e-05,2.169560885411436e-05,3.1290867669266826e-05,1.740299086696006e-05,2.6825532729934356e-05,1.693688298295245e-05,2.1618715459497926e-05,1.6799998916056283e-05,1.4276263464966236e-05,1.1507346036545323e-05,1.1070532926999974e-05,9.679078722598993e-06,1.0545184656140433e-05,9.531149890263457e-06,1.1591735030025152e-05,7.209905089489109e-06,7.735226155303028e-06,5.46194107377195e-06,5.7100406597928455e-06,5.4231816683780215e-06,2.9480359240171675e-06,4.7061896361176165e-06
2023-11-06,2023Q4,10:00,1.1313196172146638,14:30,1.3637316204028478,14:30,1.2602162311930167,14:00,1.325753895492625,15:00,1.3680694257936623,14:30,1.2622509089487826,14:30,1.3267203733494666,14:30,1.1313196172146638,1.0900134496573788,1.0822703786480015,1.0923443678673113,1.0558546780498304,1.0704249830540506,1.0570289208645918,1.0513140248905235,1.0469195765142594,0.9983880560185453,0.9772339249251649,2.7094285066047382e-05,9.557253529932456e-06,2.1673886210825536e-05,9.305390293176497e-06,1.7993655511224845e-05,9.24184591854193e-06,1.4201134039844665e-05,9.221022021834384e-06,1.1417920164747647e-05,9.190695576783797e-06,1.068225663488741e-05,7.940053674413615e-06,8.992591935294193e-06,7.880956701974409e-06,8.722681871396266e-06,4.869234080942769e-06,6.410252406966598e-06,4.824573069342736e-06,4.88024645239794e-06,4.821540142868223e-06,2.9149251367645857e-06,1.3914430813801846e-06
2023-11-07,2023Q4,10:00,1.1315610870351038,14:30,1.3608506748855855,14:30,1.2576301804419816,14:00,1.3257645314437483,14:30,1.3630440604158147,14:30,1.2596571977268818,14:30,1.3252380697201758,14:30,1.1315610870351038,1.09020779752943,1.0824225845210804,1.0924324012316964,1.0558943626980826,1.0704805096672676,1.0570474010021884,1.0514251398540877,1.0469666095645533,0.9983908183206051,0.9773164185199016,2.044900749770594e-05,1.2761373502305983e-05,1.6634891490438156e-05,8.880716344133445e-06,1.5247495943996214e-05,5.993966469992265e-06,1.278924345415468e-05,5.899037992485694e-06,1.1396804031476051e-05,5.700817054723095e-06,9.643124175008288e-06,3.9625609475333596e-06,8.708778570294817e-06,3.196317235798127e-06,6.296716221807603e-06,2.501657669669807e-06,4.893739167592342e-06,2.3076361026179906e-06,3.358280023253487e-06,2.2856526041855303e-06,2.6083166501699603e-06,1.4016354267726055e-06
2023-11-08,2023Q4,10:00,1.1316501826873724,14:30,1.3579796082396887,14:30,1.3582350077371756,14:00,1.327165456122523,15:00,1.361918802289717,14:30,1.3603632462373851,14:30,1.3255095671623116,14:30,1.1316501826873724,1.0903249707674487,1.0825893989188435,1.0925676761676812,1.0560188577985434,1.0706178807832851,1.05719613799238,1.051538183205606,1.047052333406768,0.998435536606788,0.977382108675961,2.3533454594809787e-05,1.3144123593073347e-05,2.0142356408364354e-05,9.838782181380819e-06,1.7071950689405606e-05,9.23914316736037e-06,1.4095485282340345e-05,9.214284109145966e-06,1.2711878497570876e-05,8.136582034089629e-06,1.219134731215911e-05,6.4217413960045804e-06,1.104485213110405e-05,5.78673897922344e-06,7.286110963485381e-06,4.139720591224666e-06,5.102097040461444e-06,3.962896981449207e-06,3.896104095530411e-06,2.9160008508405303e-06,2.321540255911997e-06,1.4560121552380555e-06
2023-11-09,2023Q4,10:00,1.1317785492383248,14:30,1.35617716346374,14:30,1.3665238606182333,14:00,1.327044347713089,15:00,1.360777254766432,14:30,1.3686090151843562,14:30,1.325492161674424,14:30,1.1317785492383248,1.0904836043792197,1.0827240105030453,1.0926535421977928,1.0561142134861297,1.0707530638448242,1.0573336074679263,1.0516286035194626,1.0470852915285744,0.9984764424733517,0.9774297603489052,2.578008801165964e-05,3.518786373013517e-05,2.5371846429901685e-05,2.499234156781855e-05,2.09940000934685e-05,2.3666338419142414e-05,1.9339684766770535e-05,2.2592730158387186e-05,1.6126032155276422e-05,2.200579897996613e-05,1.5086438077402737e-05,2.0267969679629514e-05,1.3278320157058492e-05,1.9397478233690974e-05,1.5126991482757939e-05,1.2026953757472581e-05,1.5399246469060973e-05,6.974673464543606e-06,1.0608656283251004e-05,4.725264989686142e-06,6.615023126698989e-06,4.151817263721575e-08
2023-11-10,2023Q4,10:00,1.1315704466884549,14:30,1.373762937522893,14:30,1.3751190463483018,14:00,1.3318002000602172,15:00,1.3824952788634384,14:30,1.3768799287760891,14:30,1.3295407997836282,14:30,1.1315704466884549,1.0904519092854457,1.082635890571499,1.0925396348039622,1.055949612547606,1.0705849241842593,1.0571319601590998,1.051705001534261,1.0473652956419637,0.9987211067639337,0.9777784486184669,2.8774701159533225e-05,3.274409741389253e-05,2.5135295055075417e-05,2.7157615864733917e-05,2.0793705738095878e-05,2.532637837876934e-05,1.6969027439082344e-05,1.7438904927697624e-05,1.4685594398139982e-05,1.73150427788439e-05,1.1845263358772994e-05,1.545068711147128e-05,1.103238513889597e-05,5.4233823751238825e-06,9.968519930113813e-06,5.1708385342345865e-06,6.756952314201454e-06,3.7315724226047994e-06,4.364764388281663e-06,3.2555510451660206e-06,2.616670090829887e-06,3.1102293144042953e-06
2023-11-13,2023Q4,10:00,1.1314478570769182,14:30,1.3700904984736801,14:30,1.3710592744812304,14:00,1.3331949767229414,15:00,1.3730893143793423,14:30,1.3727514042460605,14:30,1.3295216624240884,14:30,1.1314478570769182,1.0903765115475095,1.0825098545715044,1.0924952573633355,1.0558663987988959,1.0704656181298724,1.0572797068673334,1.0518445893483428,1.0474638022375433,0.9987673443570364,0.9777559410629363,2.6864473291220643e-05,1.0412615966991041e-05,2.272281542381923e-05,9.92263729919759e-06,1.863210463040682e-05,8.617745595385976e-06,1.5169903269796433e-05,5.52933312461189e-06,1.5272398652737932e-05,4.34302788767963e-06,1.32450537553234e-05,4.133938278824188e-06,1.1231583368596683e-05,3.8434255783440095e-06,9.439550607204276e-06,3.170310040757252e-06,7.126214079817716e-06,2.5338892589728654e-06,5.140068883854066e-06,1.7580961541171158e-06,2.8461652947948354e-06,1.3059616452993139e-06
2023-11-14,2023Q4,10:00,1.131671202261974,14:30,1.377093573786243,14:30,1.3963671719124815,14:00,1.3361464350538335,15:00,1.3857019207773662,14:30,1.3978938473657747,14:30,1.3321995565902809,10:30,1.131671202261974,1.090576865237078,1.0826868001063907,1.0926896645227688,1.0561135195762281,1.070689669392598,1.0574795380061013,1.0520326737713328,1.0476184337803225,0.9989078745455743,0.9778391499750779,2.9634850579971983e-05,2.540591768410438e-05,2.5100534392059182e-05,2.1758095402247985e-05,2.0567860343946213e-05,2.168329576381737e-05,1.7939992304167186e-05,2.045879531070604e-05,1.5493553319090994e-05,1.5153233980464072e-05,1.544539275348701e-05,1.4688954792523364e-05,1.0796763222156524e-05,1.2790543572692921e-05,8.291450885046676e-06,1.2746838719023757e-05,7.01098967461287e-06,1.1194116057868202e-05,5.447139669746644e-06,1.0846160966094702e-05,3.76001037304221e-06,6.887387205796371e-06
2023-11-15,2023Q4,10:00,1.1316842828973577,14:30,1.361910565663081,14:30,1.3965331017102474,14:00,1.329875901875715,15:00,1.3724306494524878,14:30,1.3983729875332904,14:30,1.323320265494812,10:30,1.1316842828973577,1.0905999440386238,1.0826315070152261,1.0925956843488112,1.056101730857242,1.0706825104174467,1.05740348621979,1.05187503611828,1.0474554244709298,0.9986842667589793,0.9776814730611452,2.7675992260862636e-05,1.3997102305204677e-05,2.1748268354812736e-05,1.0504200839116339e-05,1.861215500399431e-05,9.77755113659361e-06,1.673130989427856e-05,9.373825229246857e-06,1.5320173415415778e-05,4.379676379433974e-06,1.2250277667958768e-05,3.8105163847034904e-06,1.0547102343009087e-05,3.018782433664685e-06,8.996869327560613e-06,3.015457290167362e-06,7.230100003787009e-06,1.8044392321910456e-06,5.1185474615246966e-06,1.6326297879714953e-06,2.892271992481579e-06,1.5068710747306614e-06
2023-11-16,2023Q4,10:00,1.1318594389356065,14:30,1.3791780752170086,14:30,1.3993332303595323,14:00,1.3337244316172574,15:00,1.3971902371541411,14:30,1.4009737179515789,14:30,1.326180245892596,10:30,1.1318594389356065,1.0907730876619628,1.0827840800310475,1.0927337923162435,1.0563489260878078,1.070889967608055,1.0576084409137045,1.0520544102730573,1.0476399852227536,0.9988290375679244,0.9777566830758204,2.2336568821520757e-05,1.532058280706465e-05,1.9096871067193962e-05,1.419644848433366e-05,1.7578480669512873e-05,9.881294944468467e-06,1.7143713161256637e-05,7.529562701607319e-06,1.318904921429954e-05,6.716396154181412e-06,1.0273821843795205e-05,5.18729338311517e-06,8.544497410566528e-06,5.005271845498285e-06,7.685263717675607e-06,4.992419206900053e-06,6.497497930369715e-06,3.7220085817604304e-06,4.407429399132476e-06,3.7193915586582484e-06,2.9973409177611995e-06,1.7830457348507781e-06
2023-11-17,2023Q4,10:00,1.1319333552022033,14:30,1.3745724638839243,14:30,1.3930074224711217,14:00,1.3349559286398638,15:00,1.3895119923092998,14:30,1.3946003759686698,14:30,1.325602956878256,10:30,1.1319333552022033,1.0908338320843909,1.0829148165479798,1.0929235077983885,1.0564897630060262,1.0710097680381467,1.057699017024473,1.0521293193628354,1.0477297710551623,0.9988577706381001,0.9778231376279213,2.4021330271699183e-05,3.418929126931873e-06,1.886052106092049e-05,3.380843891525634e-06,1.4946816151366559e-05,3.187942761214633e-06,1.2519498037356217e-05,2.798982436930407e-06,9.511318901387747e-06,1.9302629230894702e-06,8.959322782768628e-06,1.8938816833002568e-06,6.623515175461103e-06,1.3254124744521623e-06,5.381265112513566e-06,1.0353523000655113e-06,4.238176400654384e-06,5.761485770964798e-07,3.1692113885717395e-06,5.300399617441521e-07,2.0681566281720503e-06,5.22963119594562e-07
2023-11-20,2023Q4,10:00,1.1322314914440499,14:30,1.394766027820707,14:30,1.4194863546617154,14:00,1.3377715413614095,15:00,1.4198885550008513,14:30,1.420953753388421,14:30,1.3280454824658596,10:30,1.1322314914440499,1.0910889973004678,1.083133253573408,1.0931247977364182,1.0566624337819424,1.0711857219801064,1.0578444968066127,1.0522614605327254,1.0478553680303966,0.9989673142259512,0.9779056389207957,1.3824347615216153e-05,1.4966662500330401e-05,1.1974159404931853e-05,1.4573004408451622e-05,1.0065679039720312e-05,1.2481076605066164e-05,8.861077197722819e-06,1.2478726207955812e-05,7.957615028398044e-06,1.2373535878748576e-05,6.86519328254138e-06,1.2332374763155116e-05,7.646106644515717e-06,1.2135866654585917e-05,5.075020367477402e-06,6.833251065026195e-06,3.4855164453816296e-06,6.464344561352637e-06,2.633158980722895e-06,6.4643251674951556e-06,2.056582143128566e-06,4.861013486895374e-06
2023-11-21,2023Q4,10:00,1.1321853212821362,14:30,1.38424923871443,14:30,1.4032336280887399,14:00,1.3335576152909077,15:00,1.404855224186123,14:30,1.4049073633658604,14:30,1.321996241148305,10:30,1.1321853212821362,1.0910229830936045,1.0830676501086818,1.093023126214207,1.0565442180377982,1.0710246921627524,1.0576998982518997,1.0521963465024686,1.0477417649991656,0.998808650790248,0.9777627480900368,1.6690403542968133e-05,9.17259829010921e-06,1.5244889790399103e-05,6.892908810027275e-06,1.2405471154929926e-05,5.150001975570591e-06,1.1359277777307211e-05,4.976062565857797e-06,9.817205672956091e-06,4.324245983153989e-06,8.59196511131921e-06,3.9154310802641116e-06,8.602561952792818e-06,3.2294724989598223e-06,7.590475041878767e-06,9.577067740075131e-07,6.3723860359689816e-06,4.6739513011327835e-08,3.5589700977993327e-06,4.236211649623621e-08,1.9603356551483645e-06,3.2092548270386975e-08
2023-11-22,2023Q4,10:00,1.132278574380984,14:30,1.3866867791909423,14:30,1.3995497490350282,14:00,1.338765224940727,15:00,1.407863620009802,14:30,1.4010144491229515,14:30,1.3255333540462217,10:30,1.132278574380984,1.0911528442938714,1.0831973565419044,1.0931490465384286,1.0566654576260035,1.0711363079279068,1.0578443444479746,1.052398969898121,1.0479602316251937,0.9989545431962958,0.9778649455918844,1.9934181541596635e-05,7.983152039941898e-06,1.4500325828429457e-05,7.973823721318224e-06,1.290044079460307e-05,7.098338050942372e-06,9.888848389080848e-06,6.0598454482007905e-06,7.274702792514133e-06,4.733313615026476e-06,6.804514114747791e-06,4.693525684565504e-06,5.775845998895835e-06,4.257446649308212e-06,4.223598559105359e-06,3.342962553446e-06,3.523523771452145e-06,3.0496382251263808e-06,2.3740137589506918e-06,2.8832699725961773e-06,2.839227609192972e-06,9.663707391099712e-07
2023-11-27,2023Q4,10:00,1.13243968831923,14:30,1.375754353864297,14:30,1.4091235399809356,14:00,1.3382997814709796,15:00,1.404275989567738,14:30,1.4106279129881996,14:30,1.324011496419286,10:30,1.13243968831923,1.091250332020766,1.0832963477108453,1.0932184714648772,1.0567179623842995,1.0711813988253311,1.0578797679024954,1.0524206825588247,1.047971549466899,0.9989335437124045,0.9779652990366632,1.2308701164582397e-05,2.8575472518256832e-06,9.973500004902629e-06,2.811189750549065e-06,7.724992350915048e-06,2.6496213744194073e-06,6.892275280439371e-06,2.647495686412903e-06,5.73234516567221e-06,2.381331116758159e-06,4.744965610059999e-06,2.3261389302622867e-06,4.06122700374388e-06,2.0555735896713165e-06,3.079472747739661e-06,2.053027541438673e-06,2.3936083971472085e-06,1.99261926216952e-06,1.6258206178813438e-06,1.8857032384970418e-06,1.6354890833316752e-06,1.394987576495816e-06
2023-11-28,2023Q4,10:00,1.1325738482917243,15:00,1.4060216196472972,14:30,1.4067327920443475,14:00,1.3380703391313327,15:00,1.4376798067203886,14:30,1.4082496913759424,14:30,1.3230854106005174,10:30,1.1325738482917243,1.0913664073014036,1.083388555583231,1.093303489453756,1.05679223887843,1.0712385675495957,1.0579323008941828,1.0524489600277696,1.0479820988469282,0.9989228477443424,0.9779796677082712,1.2612721074951346e-05,1.5468493633776448e-05,9.99976290490907e-06,1.444355094852496e-05,9.78348900112199e-06,8.431795188690788e-06,7.95685368470908e-06,7.615363403358145e-06,7.423760963931846e-06,6.784299027055328e-06,6.181330432172787e-06,5.1460581340084895e-06,5.821676553017684e-06,3.8237519940842635e-06,4.476255271311964e-06,3.345094712740586e-06,3.482499324956212e-06,3.142162228230091e-06,2.792686793105904e-06,3.064203577545324e-06,1.610487811166078e-06,1.8471871539343226e-06
2023-11-29,2023Q4,10:00,1.1325013115629015,15:00,1.412320127041579,14:30,1.401397898134193,14:00,1.3374587651527996,15:00,1.4441354645319542,14:30,1.4029246672121158,14:30,1.3217281841989064,10:30,1.1325013115629015,1.091269556527612,1.083400872488473,1.0932956428035188,1.0567981082585718,1.071255530734492,1.0579817582005806,1.0524783697765208,1.047988646402948,0.9989117241191882,0.9779692845499874,1.409289786976198e-05,3.2560556171852076e-05,1.6136248006036503e-05,2.0494236631510174e-05,1.1092765855106627e-05,2.0308490558957137e-05,1.2512191303566461e-05,9.520633401595615e-06,1.0115683405006744e-05,7.765631657206537e-06,8.054112546820782e-06,6.83234518326943e-06,7.221005786624635e-06,6.774330017326813e-06,6.067794397764095e-06,6.773644121604176e-06,4.6943758541300435e-06,6.604107645906547e-06,3.887589389717473e-06,6.398509739903027e-06,2.2118746286638776e-06,5.729985940826283e-06
2023-11-30,2023Q4,10:00,1.1321646687227154,15:00,1.3900493903840896,14:30,1.3981632018858423,14:00,1.3339341927140416,15:00,1.4216241240087122,14:30,1.3998319330902151,14:30,1.3168684552448442,10:30,1.1321646687227154,1.0911649270183512,1.0831937748231932,1.0933403541526165,1.056842183760507,1.0712741713558216,1.057983258231062,1.0524457170774144,1.0479117573862389,0.9988079060314841,0.9777896751388913,2.0268259941559268e-05,4.107204040761915e-05,1.7736189862598246e-05,4.04189415415801e-05,1.434100651214676e-05,4.0369731597334884e-05,1.2730867294202042e-05,3.911829151539508e-05,1.1600861364064521e-05,3.7268685322027165e-05,1.0929868545365574e-05,3.705471763767128e-05,9.249344527693429e-06,3.57030249636262e-05,7.859253452329608e-06,3.45907904946901e-05,5.860699172922693e-06,3.416870962500855e-05,4.891820318672987e-06,3.3338967220614546e-05,3.312725383311682e-06,3.0430715962536404e-05
2023-12-01,2023Q4,10:00,1.1317772801535053,14:30,1.331101716337622,14:30,1.3779541367917774,14:00,1.3007101369527319,15:00,1.3466295371803219,14:30,1.3812252716300837,14:30,1.2767447769228861,10:30,1.1317772801535053,1.0907222913752777,1.0826363355440212,1.0927023371529478,1.0562011915821574,1.070545238949018,1.0571900572535171,1.0515684106298526,1.0468789362199562,0.9976317151839788,0.976391742979267,3.2182970873666365e-05,2.111812033466724e-05,3.2316746684710014e-05,2.0132195646131918e-05,2.854862189207808e-05,1.8146615194652648e-05,1.7827426342661567e-05,1.1939761200078674e-05,1.7346248070291573e-05,8.251312450105901e-06,1.4300126022463888e-05,6.501822931454664e-06,1.168704044166802e-05,5.401496169340001e-06,1.1591616718354038e-05,1.805165329338161e-06,8.886249133050042e-06,1.515194536937458e-06,6.849840568351026e-06,6.611175699827275e-07,4.147309031988999e-06,7.694624914084809e-08
2023-12-04,2023Q4,10:00,1.131899548020489,14:30,1.334774763230475,14:30,1.3787701402516306,14:00,1.306551372389963,15:00,1.3476215157896008,14:30,1.3816882475719614,14:30,1.282908457818533,10:30,1.131899548020489,1.0908961157200532,1.0828051455841892,1.092803855127035,1.0564002640951258,1.0707311957377463,1.0573562324834407,1.0518663043336796,1.0471307045177645,0.9978880132146605,0.9766070286107192,1.801365399981416e-05,1.9340918337963414e-05,1.57856180140079e-05,1.2185928613690305e-05,1.3688271791992112e-05,1.1828620395485723e-05,1.0915644325903444e-05,1.0597446594816634e-05,9.938402851796191e-06,6.6640520909065556e-06,9.319927980429467e-06,6.237758334727622e-06,7.872054253438893e-06,5.355667785191024e-06,6.0654068825854156e-06,2.2394646858858487e-06,4.986664765478982e-06,2.2371446101523164e-06,3.3680698165284403e-06,2.228669703253765e-06,2.318151318431652e-06,2.1234228812958535e-06
2023-12-05,2023Q4,10:00,1.131842308095562,14:30,1.3329056673385737,14:30,1.3753538497012836,14:00,1.3083104552500504,15:00,1.3440109092359884,14:30,1.3781993095082548,14:30,1.2834087313702145,10:30,1.131842308095562,1.0909379271933761,1.0828218320299317,1.092789731338714,1.056467105573166,1.0707980966359756,1.0574176484373612,1.0519803047060856,1.0472218884185784,0.9979353785861449,0.9766199480437634,2.642693334202397e-05,1.6410681905846904e-05,1.6132718549219e-05,1.2483665734543695e-05,1.234497764974975e-05,7.308408518208221e-06,1.2067810874018774e-05,1.401525805351765e-06,1.0814714291535088e-05,1.108638111179224e-06,8.816724637201763e-06,8.109851456090177e-07,7.73318039629827e-06,7.974941803021597e-07,6.022519784578366e-06,7.675497744609588e-07,5.1579975909151305e-06,6.852024519300523e-07,3.626598926520708e-06,3.0368108141168854e-07,2.6535830534461036e-06,1.1961885612143796e-07
2023-12-06,2023Q4,10:00,1.131958176500643,14:30,1.3307178621253453,14:30,1.3974515106316818,14:00,1.3119809438977572,15:00,1.3413792667438058,14:30,1.4001496414210146,14:30,1.2867975231974835,10:30,1.131958176500643,1.0909800952318047,1.0829058283656623,1.0930134052598175,1.0566894855638185,1.0709994393022428,1.057609183423403,1.0521405580570908,1.0473750179172734,0.9980729696958717,0.9767540441552991,1.8925765023295624e-05,1.397151437691535e-05,1.657758260462556e-05,9.881331483906964e-06,1.2705785181333134e-05,9.83447632665027e-06,1.073528057035731e-05,9.158426350790773e-06,9.661026800847113e-06,9.136316555956397e-06,8.796761572523801e-06,7.855248437996273e-06,7.490158404981536e-06,7.02028688365939e-06,6.400897977519387e-06,5.599665747177344e-06,4.8517926080000035e-06,5.5658129800912485e-06,3.454121484469321e-06,3.956923436897831e-06,2.336344812601174e-06,3.926925836497367e-06
2023-12-07,2023Q4,10:00,1.1320040650040737,14:30,1.3236042495737625,14:30,1.3937600806956951,14:00,1.3098573026602611,15:00,1.3302883380848536,14:30,1.3964797623531267,14:30,1.285019246590981,10:30,1.1320040650040737,1.0910773251753043,1.0829447927976583,1.0930287932550373,1.056689641813225,1.0710091594548192,1.0576110022203347,1.0521562044333181,1.0473413081587746,0.9980524732754819,0.97667480609134,1.6524820681551142e-05,2.178186944258432e-05,1.5100232130534214e-05,1.1102499381085613e-05,1.1805189303006689e-05,1.1000948831195379e-05,1.0219408869618369e-05,8.37285522477014e-06,9.571271077970331e-06,3.706126635385017e-06,8.480736813316357e-06,3.5686410910985647e-06,7.257934590506625e-06,3.506839788385497e-06,6.210084841478586e-06,3.49719243044659e-06,4.166603550603036e-06,3.262646026721439e-06,3.5253207475669085e-06,2.5837475694757018e-06,2.5487820056816632e-06,3.591430573209163e-07
2023-12-08,2023Q4,10:00,1.1318841325758713,14:30,1.3193572029493765,14:30,1.3942964963105777,14:00,1.309763816690953,15:00,1.3297460543295734,14:30,1.3969623879756887,14:30,1.2852053246619346,10:30,1.1318841325758713,1.0911274054519349,1.0829427420520932,1.0930514497023116,1.0568200094131,1.0711271367405335,1.0577096351627648,1.052233941898002,1.0473671469499966,0.9980916510794724,0.9767909694393523,2.2185633735386317e-05,2.7847415441645216e-05,1.887401520450907e-05,1.3968567902795208e-05,1.486767072585522e-05,1.3919438801659547e-05,1.4325610902375464e-05,5.366997558388288e-06,1.1758618010263577e-05,4.412803220900872e-06,9.024534278689846e-06,2.9331279461527576e-06,7.679704310048428e-06,2.6777219463750742e-06,6.355283933783174e-06,1.916033124474757e-06,4.29787636072445e-06,1.900639797271056e-06,3.5661677089901536e-06,9.937297781865467e-07,2.6982280175812037e-06,1.090041657837292e-07
2023-12-11,2023Q4,10:00,1.1317465290325341,14:30,1.3177916501892044,14:30,1.3915934514687829,14:00,1.3113587379026048,15:00,1.3300153810283117,14:30,1.3941053610145397,14:30,1.287654353964216,10:30,1.1317465290325341,1.0911883036783152,1.0829388344316127,1.0932309430450449,1.056983557942625,1.0712761020287243,1.0578443419793282,1.052367234599308,1.0474466821197703,0.9981981924637828,0.9769279407136169,1.4484356799688174e-05,6.4536088130672206e-06,1.2044453763860262e-05,6.107334253792588e-06,9.985304848370284e-06,4.017906258560077e-06,9.055597531744565e-06,3.4078856721686626e-06,7.782050976763064e-06,3.4027677987841002e-06,6.677522458248763e-06,3.2775891958312668e-06,6.644066496703785e-06,2.7988836841894153e-06,4.436096396784194e-06,1.680574145201402e-06,3.5186014642620655e-06,1.559036561559485e-06,2.8527230944671653e-06,1.5012538622831592e-06,1.9023876286297546e-06,1.3390215410307298e-06
2023-12-12,2023Q4,10:00,1.1318523706290156,14:30,1.3146339843365962,14:30,1.397827123542447,14:00,1.312671357947901,15:00,1.325029168283846,14:30,1.4002716718600574,14:30,1.2886335839289826,10:30,1.1318523706290156,1.0912784918954732,1.0830455534356374,1.0933440303442785,1.0570800275174235,1.0713562737235507,1.0579466895155998,1.0524491724009388,1.0475116796919641,0.9982542328272891,0.9769593444687611,1.927337599763618e-05,6.191729523396972e-06,1.5375613127119396e-05,4.748361380112505e-06,1.111443246835843e-05,3.1050101023965185e-06,1.026489483322947e-05,3.0135067580186192e-06,9.400975958307219e-06,2.989968455575893e-06,8.164368656902404e-06,2.729969542826948e-06,8.786551184041326e-06,2.5753517837171053e-06,4.377610518166579e-06,2.3021308813454375e-06,2.899364799924949e-06,1.8128781143356098e-06,2.0848708464263626e-06,1.808401649548073e-06,1.3811789038813302e-06,1.3047706493230557e-06
2023-12-13,2023Q4,10:00,1.132033145514943,14:30,1.310276846341184,14:30,1.392722035274809,14:00,1.3131384269720963,15:00,1.320436012935081,14:30,1.395141484262101,14:30,1.288341173714714,10:30,1.132033145514943,1.09144935723364,1.0831923705175768,1.09349190653755,1.0572238522758894,1.071488931995389,1.0581151215586881,1.0525092115502128,1.0475461603451128,0.9982658038524518,0.976964970556815,4.643805133785155e-05,8.689672738918827e-05,4.4858033702584915e-05,8.639894349248837e-05,4.2355998567430685e-05,8.599950812602083e-05,4.4041892648633024e-05,8.572441402922205e-05,4.278465359192226e-05,8.546457087324769e-05,4.49822203122589e-05,8.541640878418178e-05,4.570015603906173e-05,8.5406191916015e-05,4.759818036613989e-05,8.488288674142606e-05,4.083437255621784e-05,8.456468963675291e-05,2.9856671481866526e-05,4.18645741748474e-05,1.042560303647617e-05,1.6354635605011504e-05
2023-12-14,2023Q4,10:00,1.131268711226072,14:30,1.2895440260523627,14:30,1.3782035855953927,14:30,1.2595721682244296,15:00,1.3044742701652705,14:30,1.3812800120688769,14:30,1.2623837856110696,10:30,1.131268711226072,1.0906218257529405,1.0822318048006019,1.0924394574109304,1.056129621887142,1.0703131432043105,1.0568769175216681,1.0512304561583035,1.0459050390683653,0.9977727713087832,0.9766718319000678,2.721586701163674e-05,3.0708256102261256e-05,2.3889102948788655e-05,2.736906614900466e-05,1.9432642114477613e-05,2.6845271874324894e-05,1.7133133957772697e-05,2.491671449867847e-05,1.395795313290124e-05,2.3259878370349148e-05,1.0342019727212446e-05,2.0962287221558424e-05,1.0362165799336537e-05,1.3654151833201919e-05,1.0782595726920701e-05,7.726124149431362e-06,1.1437195779145673e-05,5.753504091336854e-06,7.578772114051881e-06,1.1781437915590624e-06,4.0367470996754254e-06,6.581115231338474e-07
2023-12-15,2023Q4,10:00,1.1311580170131659,14:30,1.28890917373859,14:30,1.3905955322500279,14:30,1.2663803433424032,15:00,1.3047540873423462,14:30,1.393330264929253,14:30,1.2688707955471958,10:30,1.1311580170131659,1.090522113174362,1.0820499844572828,1.0922259575229845,1.0558857558837949,1.0700077600793763,1.0567641817757523,1.051311945776057,1.0460912637850057,0.9980372688743943,0.9768510142211532,2.4829492664973855e-05,1.824665900701615e-05,1.7888475087303792e-05,1.4350085055368449e-05,1.3121238766073355e-05,1.4188199253055682e-05,1.1676606868272684e-05,1.4180294835789055e-05,1.0144590891359332e-05,1.385578543966574e-05,8.387961577312066e-06,1.3634692519848202e-05,9.618340861330015e-06,9.494548415567315e-06,7.3470540131365335e-06,8.588027118520094e-06,8.194490941717077e-06,3.1389878422421427e-06,6.543998204856709e-06,3.006955986743237e-06,3.962312168036757e-06,2.026935519631249e-06
2023-12-18,2023Q4,10:00,1.1312196437827418,14:30,1.253129155206848,14:30,1.3985713045260082,14:30,1.2694599823031,15:00,1.265650708805558,14:30,1.4011162946624047,14:30,1.2717700276494162,10:30,1.1312196437827418,1.0905595686011658,1.0820078281130785,1.0921453074922876,1.0557826663734096,1.069851229570998,1.0567526812821608,1.0512604546599527,1.0462599887704258,0.998183598216585,0.976955656537695,1.4537195783227222e-05,8.636064838050754e-06,1.1848919267393947e-05,7.733411435963018e-06,9.643143255910441e-06,6.243924209675271e-06,7.251947857667787e-06,3.649269554949294e-06,6.427181221137108e-06,3.6473078187593286e-06,5.834269286321863e-06,2.540473078455745e-06,5.3110982496979015e-06,2.5148342696913633e-06,4.1989490735515965e-06,2.4764058060779412e-06,3.211617689061051e-06,2.47604345492193e-06,3.2797811383516532e-06,2.459524781952423e-06,1.9385228480076496e-06,2.410582193315742e-06
2023-12-19,2023Q4,10:00,1.1312897676315985,14:30,1.271786124585992,14:30,1.3876916040959018,14:30,1.2696387365642954,14:30,1.2740569307955187,14:30,1.3901693624631075,14:30,1.2719057085583358,10:30,1.1312897676315985,1.0906166824734103,1.0820623742994901,1.0922144187565548,1.0558418743060638,1.06992988628874,1.0568261832048649,1.051309307567934,1.0462813242534756,0.9982176571904767,0.976933672494787,1.2702149749833986e-05,4.108925064040948e-06,9.940527322018579e-06,3.6130207962532764e-06,8.383949025931824e-06,3.4012029963741954e-06,8.407097449418975e-06,3.2646022443926787e-06,7.479427089196745e-06,2.6373906957482627e-06,6.638044428101586e-06,2.6352583580112024e-06,5.142075403550373e-06,2.343728354021189e-06,4.642718578180111e-06,2.2713907338833987e-06,3.075571555364307e-06,2.085900798830604e-06,2.332303265195191e-06,2.010223881502741e-06,1.5455223019249087e-06,1.927448174545222e-06
2023-12-20,2023Q4,10:00,1.1314082109140964,14:30,1.2732556541540576,13:30,1.2734895030435873,14:30,1.2693869389428079,14:30,1.2755119006636975,14:30,1.2706523530248777,14:30,1.2716363299751807,10:30,1.1314082109140964,1.0907170195784655,1.082151232601173,1.0923168477867917,1.0559497567558571,1.070026259218771,1.0569000022463149,1.0513783380290913,1.0463120054952033,0.9982311050892855,0.9769158622502918,1.4406944312528687e-05,9.311934924104011e-05,1.1067317357858254e-05,9.167011542756729e-05,9.00218095651854e-06,9.150140311912608e-05,8.06866772008851e-06,9.149820209839607e-05,7.2240154555347535e-06,9.140333195647035e-05,6.1464933073017215e-06,9.106891870541478e-05,5.050301122787385e-06,9.052559588203125e-05,4.160131361926952e-06,9.02580848050864e-05,4.249584385233099e-06,8.930478195734669e-05,4.314146179219301e-06,8.812884541970586e-05,1.667637552309805e-05,1.5446645921563192e-05
2023-12-21,2023Q4,10:00,1.1300724912474862,15:00,1.2107038058790205,13:30,1.2465181016388223,15:00,1.2153178069546788,15:00,1.239206150575148,14:30,1.239889610368416,15:00,1.2439287742952947,10:30,1.1300724912474862,1.089232345471878,1.0804536345814666,1.0903768048808475,1.0539021566623972,1.0677272856758107,1.054396136657581,1.0486081231746505,1.0432574490042348,0.9947890246077699,0.9769995132102123,3.135959795150099e-05,2.323269157059433e-05,3.341977231800085e-05,2.2998498855484084e-05,2.8045548916622256e-05,2.2991697942026693e-05,2.345234771582402e-05,2.2400039966525737e-05,1.9876823063763267e-05,1.821059439184906e-05,2.8178134995406496e-05,1.3969465567244497e-05,2.3435814500909246e-05,1.3933028654405107e-05,2.0340701887288275e-05,1.2357883640525453e-05,1.246344430189941e-05,1.13841841312767e-05,8.567482874517934e-06,1.1353320420693287e-05,5.657846955867738e-06,1.1333828917693445e-05
2023-12-22,2023Q4,10:00,1.1301474396492004,15:00,1.205536133534319,13:30,1.2447399780624568,15:00,1.2019780532226427,15:00,1.2342773717847197,14:30,1.2339894110706942,15:00,1.2306344631289503,10:30,1.1301474396492004,1.0893720297343619,1.0805140336314085,1.0903562871494341,1.0539178496678223,1.0680611264474238,1.0546376516442393,1.0488334199101927,1.0432775378280992,0.9946768899126163,0.9767141171770476,2.5166394474952414e-05,4.031875997755877e-05,1.9238525812455328e-05,4.012854826539971e-05,1.7410872951758633e-05,3.661761799210153e-05,1.5911530215683862e-05,3.648714381115897e-05,1.209014492276049e-05,3.605494907308598e-05,1.1084585533553134e-05,3.604478245067151e-05,9.833482268483245e-06,3.532518690112106e-05,7.746752756046275e-06,3.5294840217264814e-05,6.074160771673111e-06,3.466847369084333e-05,1.563114136906888e-05,1.4303145572510882e-05,5.591597499070624e-06,5.994325829341848e-07
2023-12-26,2023Q4,10:00,1.1298481189112903,15:00,1.2244544167673774,13:30,1.2400095772341728,15:00,1.210064522159263,15:00,1.2533081514715825,14:30,1.2303209927568461,15:00,1.2385791652682576,10:30,1.1298481189112903,1.0889637787473139,1.0800966862736912,1.0898528271444925,1.0533244687383414,1.0673717095469764,1.0538810585186722,1.0479410328912062,1.042248498368159,0.9947346010175863,0.9769779406043708,1.4016188983393602e-05,4.50576038057996e-06,1.1561802207596834e-05,4.385915766113801e-06,9.64986067463051e-06,4.385757116312506e-06,9.162675343630021e-06,4.291916748546221e-06,7.072412270902443e-06,3.81289612454612e-06,6.571015954681296e-06,3.8078206542017653e-06,5.8105182799131e-06,3.8007926649782106e-06,4.705682228179101e-06,3.5327498351148442e-06,3.906354768477676e-06,3.4939126138014766e-06,2.7207978162509123e-06,3.096159653193535e-06,1.5862575146244634e-06,2.837226503954926e-06
2023-12-27,2023Q4,10:00,1.129979070030944,15:00,1.2135916797347335,13:30,1.2357464994234566,15:00,1.2069791521062798,15:00,1.2422688778744826,14:30,1.2261812338914881,15:00,1.235500096072428,10:30,1.129979070030944,1.0890769517003223,1.0801892245151117,1.0899474078188895,1.0533944576650853,1.0674347430493396,1.0539308531578233,1.0479716247810666,1.042257552711188,0.9947198452406459,0.9769154660069923,1.2181817149671195e-05,6.355070058725088e-06,1.2599277227491733e-05,6.104798044096878e-06,1.182490118662996e-05,5.536285468238748e-06,1.0019820699184912e-05,5.514766884718412e-06,7.418332176117866e-06,5.130516500321243e-06,6.53666890377924e-06,5.1031639102038676e-06,7.330498572693111e-06,4.695229841086796e-06,5.5519242364334975e-06,2.639552052164137e-06,4.325356089859779e-06,2.5145734280961956e-06,5.280548651780586e-06,2.2207891883670797e-06,3.6181772068640473e-06,1.8391204389065742e-06
2023-12-28,2023Q4,10:00,1.1300524327480042,15:00,1.2291679492660696,13:30,1.2338079100259731,15:00,1.2093337099618084,15:00,1.2580896226912153,14:30,1.224952898747965,15:00,1.2377886941992506,10:30,1.1300524327480042,1.0891761880141047,1.0802993036076,1.0900319387626642,1.0534405713247343,1.067462133436553,1.053996560795184,1.0480565362135381,1.0423158241774406,0.9948460584243983,0.9770114363050874,1.3692128077820561e-05,2.8263453340551684e-06,1.06367197320297e-05,2.8121966659201696e-06,1.048816196727184e-05,2.6877226770961595e-06,9.998373750744676e-06,2.482335394160298e-06,8.689515305515578e-06,2.48106806743901e-06,7.572079568361122e-06,2.4608800475301644e-06,6.601262555320475e-06,1.9267975164944477e-06,5.954152168260204e-06,1.6840568358018976e-06,5.20141753416188e-06,1.683530457528141e-06,3.5295540278534554e-06,1.1827991259717152e-06,2.5553838828942e-06,1.0554149354320691e-06
2023-12-29,2023Q4,10:00,1.1302064395907112,15:00,1.2321922748724328,13:30,1.2413169400301483,15:00,1.2115072113032286,15:00,1.2610814577106622,14:30,1.2284583363553205,15:00,1.2399114255244188,10:30,1.1302064395907112,1.0893024852942998,1.0804421459190099,1.0901856956837483,1.0535796882886528,1.0675864636019272,1.0541226268802488,1.048184218151026,1.0424336457781465,0.9949427368470168,0.9770917392674426,1.719186543536764e-05,2.668403920552092e-05,1.3979722046085697e-05,2.6634972080226385e-05,2.307396207330639e-05,1.964986164599964e-05,2.8175571527710765e-05,1.0262046268183875e-05,1.9575299570252978e-05,9.937809119487878e-06,1.697766615935087e-05,8.05943381786896e-06,1.2497092719358962e-05,4.190335339137522e-06,1.1936653938631168e-05,4.19031767561453e-06,9.282801042691988e-06,2.958338508436015e-06,8.171867085167928e-06,2.9582994962164135e-06,6.873466575771147e-06,1.747592974496361e-06
2024-01-02,2024Q1,10:00,1.1300162962282316,15:00,1.2396198700053045,13:30,1.2411585723420275,15:00,1.2196545899507287,15:00,1.2683299437522033,14:30,1.228966921171914,15:00,1.2479022601200358,10:30,1.1300162962282316,1.0890518974738945,1.080476850564833,1.0905437958539523,1.0537881157201983,1.0677969453201772,1.0543454709217337,1.0484141360987074,1.0426455311018588,0.9951575504725911,0.977363876104696,2.066414330459596e-05,2.3586818356643614e-05,1.6236519355155932e-05,2.2977065594313144e-05,1.2181034079334641e-05,2.289215356620816e-05,1.0815408290466229e-05,2.1067538111143806e-05,1.15041234545184e-05,1.7971139453792285e-05,9.507637911777765e-06,1.780758089149091e-05,8.477466860656918e-06,1.7361464566035047e-05,6.427427882407258e-06,1.7353244153279105e-05,5.651387213987214e-06,1.60225690366776e-05,4.383955568056182e-06,1.577245264007034e-05,4.325947940456052e-06,1.154464268860543e-05
2024-01-03,2024Q1,10:00,1.1299284983528985,15:00,1.2194100411743967,13:30,1.236752819603694,15:00,1.2030915387460526,15:00,1.2481198059549135,14:30,1.2221896065516387,15:00,1.2314171010430168,10:30,1.1299284983528985,1.0889054944613032,1.0802406194848135,1.090287589354669,1.0536180185194552,1.0675580727158474,1.0540745594953016,1.048055755742903,1.042267885497263,0.9946930940154765,0.9769975889786066,2.7321501605585215e-05,1.677709203174703e-05,2.1620113660615584e-05,1.627817179059515e-05,1.8347314152145916e-05,1.618345745753519e-05,1.8035277687995786e-05,1.567215743074067e-05,1.622937035333761e-05,1.4885384215238173e-05,1.4153355093374977e-05,1.456911187365023e-05,1.3921982787425942e-05,1.1890528671542541e-05,1.286611566252261e-05,1.1888352923488032e-05,1.2442629834742978e-05,1.1551280892882464e-05,8.145798155745761e-06,7.960066464037e-06,5.676567942764071e-06,5.472506101505071e-06
2024-01-04,2024Q1,10:00,1.1300510847651624,15:00,1.211737401967927,13:30,1.2363893647047215,15:00,1.201548311975941,15:00,1.2402444776084007,14:30,1.222920069862707,15:00,1.229815681258719,10:30,1.1300510847651624,1.0889703703218843,1.080256897552592,1.0903075598105891,1.053630504696954,1.0675229096760543,1.0541128226357759,1.0480681316301323,1.0422816508907637,0.9947024512249013,0.9770149545874659,1.9540076410219666e-05,1.9572493164783528e-05,1.577219027587415e-05,1.6058805954635124e-05,1.3631569549902284e-05,1.6033508693375184e-05,1.2100718381640127e-05,1.3203512822715149e-05,1.0913879850779162e-05,9.013320487173433e-06,1.049120745294082e-05,8.960814531787919e-06,9.197625433831168e-06,8.072510754471875e-06,7.001079423599742e-06,7.94530157124292e-06,5.427903889714107e-06,7.766782177912776e-06,4.840214390834741e-06,6.440121637179624e-06,3.05036624398081e-06,6.38932489157068e-06
2024-01-05,2024Q1,10:00,1.1300133162992128,15:00,1.2041852593283473,13:30,1.2319342546421899,15:00,1.193678639719333,15:00,1.2327265729429744,14:30,1.218128488640131,15:00,1.221970927926144,10:30,1.1300133162992128,1.0889418043421468,1.080187524615312,1.090259229506491,1.0536629147489365,1.0675461452272255,1.0541317859874872,1.048027763066289,1.0421905910325395,0.994638200514542,0.9768470038359858,3.061218747199949e-05,4.0607715647998164e-05,2.3146128687514056e-05,3.2858944242510485e-05,1.846376304030345e-05,3.096514986877725e-05,1.986497303776643e-05,2.6292515368222438e-05,1.7083871267402245e-05,2.5691263261093625e-05,1.7510272153559166e-05,1.6191668858844522e-05,1.6186139253655896e-05,1.597969691382576e-05,1.2020063723797626e-05,1.5705073898362533e-05,9.301310377889285e-06,1.4422874177497373e-05,7.492722939806526e-06,1.4326383187307044e-05,7.040176417108979e-06,5.219168341389261e-06
2024-01-08,2024Q1,10:00,1.1297896511996386,15:00,1.2025927023248122,13:30,1.2342885858304276,15:00,1.195059519052476,15:00,1.2309675568228036,14:30,1.2248754797065664,15:00,1.2232566300976375,10:30,1.1297896511996386,1.0887315039521184,1.0799058816823883,1.0900740126695911,1.053434672139608,1.0675517907438319,1.0541136494816459,1.047892692564796,1.04199506424043,0.9943611027402803,0.9769491451332573,1.7596541798515014e-05,1.711381224439503e-05,1.538572794069419e-05,1.6830481201037858e-05,1.4032978504910706e-05,1.6168415019199107e-05,1.2203548516271942e-05,1.6166958563756345e-05,1.0371842651992868e-05,1.5042193064778612e-05,9.987095728095721e-06,1.4928999531061543e-05,7.669337690734177e-06,1.2419974288124273e-05,6.550531783417612e-06,1.2377079176815386e-05,5.136266585183527e-06,1.0457188427212455e-05,5.393513510211877e-06,6.9584970110765004e-06,5.027046053752111e-06,4.108448309341354e-06
2024-01-09,2024Q1,10:00,1.1297642021021437,15:00,1.2393459379126384,13:30,1.2277786400199084,15:00,1.195260079227018,15:00,1.2685187832240763,14:30,1.2205169597237822,15:00,1.223395191733987,10:30,1.1297642021021437,1.0886826156751959,1.0798414809736039,1.089959991330335,1.0533095978693214,1.0674024903788297,1.0539643622284742,1.0476974509176773,1.0417985839134103,0.994298549877753,0.9770024333125821,2.0161144439229768e-05,1.3389755729300128e-05,1.605911258316769e-05,1.276061147605609e-05,1.4059404338386205e-05,1.2478043528949183e-05,1.2004651616429726e-05,7.756061603463148e-06,1.2209648263732106e-05,4.204232047256404e-06,1.0054706433633271e-05,4.203487121408797e-06,8.547545274681918e-06,4.13558361856142e-06,7.738800849050779e-06,3.087743966440882e-06,6.543996255165913e-06,2.259312183761705e-06,5.727824785313942e-06,3.2197237492989426e-07,3.1822679137529263e-06,2.2103756703235741e-07
2024-01-10,2024Q1,10:00,1.1298378777032576,15:00,1.243385017771484,13:30,1.237334422634874,15:00,1.200306734140049,15:00,1.2724497733389015,14:30,1.2232510659646052,15:00,1.2283645129736986,10:30,1.1298378777032576,1.0887186626792282,1.079852472353027,1.0900346840579505,1.0534873697897549,1.0675421789852695,1.0540796661017686,1.047834419141868,1.041941505362478,0.9945202526201596,0.9771584260719763,1.8786892454666994e-05,1.3336134981640383e-05,1.529750435766849e-05,1.3335144950794955e-05,1.3111540822729506e-05,1.2407838882124896e-05,1.2303019970799137e-05,1.1738460192395352e-05,1.0605121216038483e-05,1.166517640365521e-05,9.582047782140373e-06,1.1501229772165569e-05,9.26636903859824e-06,1.1178371280429927e-05,7.271054037087163e-06,1.1136166324184843e-05,4.904099734023296e-06,1.017028045434204e-05,5.6002398012596e-06,7.225753574231055e-06,4.406807898070186e-06,5.224790089987482e-06
2024-01-11,2024Q1,10:00,1.1298923014412652,15:00,1.2447596778267707,13:30,1.2322783619669584,15:00,1.1970759439690906,15:00,1.2739044510798578,14:30,1.2212951449814327,15:00,1.225104251420868,10:30,1.1298923014412652,1.088731623662596,1.079847080358058,1.090024330830305,1.0534489073734195,1.0674745606225664,1.054010415560743,1.0477007190939138,1.0417474041623396,0.9944552528756538,0.9771216960358512,3.531224233984685e-05,3.6759446536865404e-05,3.34485512058362e-05,2.791071822007194e-05,3.0462053753251227e-05,2.375252326965412e-05,2.7460434308436116e-05,1.9839961431110527e-05,2.271240616141538e-05,1.896835373053598e-05,1.8185522955584703e-05,1.8481663086312422e-05,1.6777267865094948e-05,1.4042984262096175e-05,1.215773640444333e-05,1.1105001933131773e-05,1.1103881317954029e-05,6.709087930854869e-06,8.511903321474915e-06,6.298581466789393e-06,5.162186325949323e-06,4.17942226120023e-06
2024-01-12,2024Q1,10:00,1.1298013036478332,15:00,1.2433963997784583,13:30,1.2299115958718119,15:00,1.197352649473045,15:00,1.2724354403439164,14:30,1.2166460834544497,15:00,1.2253163561118947,10:30,1.1298013036478332,1.088782514861062,1.079937433441898,1.0901469766491363,1.0535112384318412,1.0674358740110512,1.0540647657041404,1.0477166142797665,1.0418876682753613,0.9945473746943178,0.977178378057743,2.7685629841278125e-05,1.590260761405134e-05,2.6049795706621057e-05,1.4040012481960087e-05,2.486260793919094e-05,1.191794281990187e-05,1.8762748278640392e-05,9.170677411181062e-06,1.9532619446576128e-05,5.2995264053437164e-06,1.566325000991427e-05,4.991444121072048e-06,1.3499593316918502e-05,4.753489004481202e-06,1.0713643777593577e-05,3.8829282115514435e-06,7.776190387120635e-06,3.2653214635847767e-06,5.792132585299874e-06,3.2583392457496027e-06,4.368749571345444e-06,1.433737280991807e-06
2024-01-16,2024Q1,10:00,1.1299434109155428,15:00,1.245683731626284,13:30,1.2382714667573531,15:00,1.2020043789899983,15:00,1.2745727429941685,14:30,1.221213366027732,15:00,1.2298804098694853,10:30,1.1299434109155428,1.0889614040935438,1.0801625068685563,1.090331199358167,1.0538296685098576,1.0676949386694552,1.0542982509447516,1.0479185537698514,1.0420367578639362,0.9946519108375963,0.9773343565310996,2.472235798800092e-05,3.103293113034101e-05,1.992340278005647e-05,2.2092834232537343e-05,1.896716598551932e-05,2.1873056614989703e-05,1.663726420949242e-05,2.144097591549882e-05,1.4515686239584896e-05,1.9215023744617e-05,1.3535747038991229e-05,1.652094616007643e-05,1.1899440882908814e-05,1.5570191648391498e-05,8.538950424354649e-06,1.1070223248524489e-05,7.205418647610329e-06,7.2469699568426e-06,6.534543969059725e-06,6.335341342363096e-06,4.356470292707488e-06,4.0114235641608335e-06
2024-01-17,2024Q1,10:00,1.1297922444900037,15:00,1.2391547427599254,13:30,1.2351843190670746,15:00,1.2011850777934063,15:00,1.2678626195948368,14:30,1.2193222485669704,15:00,1.2290132997896541,10:30,1.1297922444900037,1.0888927068811056,1.080075094084097,1.090189597220885,1.0536988413680768,1.0675921198512577,1.0541740905326396,1.0478255457659333,1.0420249609835008,0.9946614577201716,0.9773572653762082,3.016082951686064e-05,2.2538959838280888e-05,2.6505507883097887e-05,2.128440127590192e-05,2.1819766258046566e-05,2.1136623284220743e-05,1.73149482675756e-05,1.996470963558928e-05,1.609175746045358e-05,1.9485856953882717e-05,1.3983520952104058e-05,1.739254729790641e-05,1.2973519709761667e-05,1.7261965148558845e-05,1.0977493730137015e-05,1.2912840734606854e-05,9.03237030164058e-06,1.2894468150271914e-05,6.431687658440841e-06,1.1260634066040497e-05,4.749170899885616e-06,1.0998843575397131e-05
2024-01-18,2024Q1,10:00,1.12986086198096,15:00,1.2295876488442656,13:30,1.2323586737871974,15:00,1.1864081463478506,15:00,1.2584796585299667,14:30,1.216922076914793,15:00,1.214285553613364,10:30,1.12986086198096,1.0889479974164105,1.0800561647547848,1.0900961445533617,1.0535975668106385,1.0674772981510727,1.0540305498486366,1.0477480251814277,1.0418749554090234,0.9944662218192648,0.9770421321553581,2.3147870636112074e-05,2.7264551295505837e-05,1.9659348163127515e-05,2.7012047573463877e-05,1.6744226334379272e-05,2.69546340929842e-05,1.436998001119619e-05,2.617650650183179e-05,1.3164081842807553e-05,2.593917713799682e-05,1.3616162687799787e-05,2.227837869064215e-05,1.2140819496531553e-05,2.1583260495808436e-05,1.1865084458838438e-05,2.070401733560509e-05,7.240612292259869e-06,1.3744250471017353e-05,6.684494737051493e-06,1.893414112704138e-06,4.844997324618593e-06,1.8226069685130402e-06
2024-01-19,2024Q1,10:00,1.129749030736357,15:00,1.2312293282841644,13:30,1.231761336733283,15:00,1.1911291299575009,15:00,1.2599524128062023,14:30,1.213004210032524,15:00,1.218916725566606,10:30,1.129749030736357,1.088786049424092,1.0798243327852204,1.0897988607315796,1.0532746855809632,1.0672228457014863,1.053739206035214,1.0474497947796935,1.0416339421677516,0.9946627823397726,0.9772030401862044,3.353907135235421e-05,1.1602275200461113e-05,2.3067706633453135e-05,1.160199637592206e-05,2.0337250677571032e-05,1.1226399796843352e-05,1.7091650373279784e-05,9.695999173069948e-06,1.3982212517344069e-05,9.69564947964446e-06,1.245722978820748e-05,8.727346761447255e-06,1.2522117337429749e-05,5.512974414634121e-06,1.143541291663895e-05,3.1253169274356448e-06,9.252947257136381e-06,1.035798132075828e-06,9.05911761855872e-06,5.865968144692151e-07,5.042468163278144e-06,3.4238938345175864e-07
2024-01-22,2024Q1,10:00,1.1300473721209703,15:00,1.2394861186934065,13:30,1.2327707978269296,15:00,1.1993705004070252,15:00,1.2680810228793895,14:30,1.212821299287774,15:00,1.2270399385922517,10:30,1.1300473721209703,1.088959256791601,1.0799782773970223,1.0899357742929754,1.0533605995318878,1.067301506043589,1.053923533907878,1.0476974532866843,1.0419122200579616,0.995009740214872,0.9774502546209125,2.1076988174045883e-05,1.6782951318957572e-05,1.8731656797992073e-05,1.437267121153662e-05,1.5773727683344388e-05,1.1519996690463653e-05,1.3105915695046324e-05,1.0300543192099353e-05,1.0945506611663242e-05,1.0299590436041414e-05,1.0752330569470412e-05,1.0192388520254587e-05,9.057257235795353e-06,1.0105643209744084e-05,9.010409961345311e-06,6.804698865832866e-06,6.21754395241376e-06,2.9831841743382377e-06,4.714205195480844e-06,2.691678038570903e-06,2.9463800328436985e-06,2.678353334911202e-06
2024-01-23,2024Q1,10:00,1.130078196275513,15:00,1.245994612641753,13:30,1.2312676615730072,15:00,1.198894630156691,15:00,1.2747171801537205,14:30,1.2096796944286585,15:00,1.2265314526638134,10:30,1.130078196275513,1.0890103722581275,1.0800407131236267,1.0899751926037697,1.0533627941086494,1.0672983531063858,1.0538797953880241,1.0477545222165325,1.042018063796876,0.9950930747276848,0.9774674979209869,1.8250071869775982e-05,7.834210172142199e-06,1.5426283166859885e-05,7.762529089976901e-06,1.3780941633907434e-05,6.059784852162208e-06,1.1624159236952243e-05,5.886088707258701e-06,9.535624318632986e-06,4.8646884938672125e-06,8.723285672958482e-06,4.494563890781579e-06,7.4274334597666476e-06,2.4064677021895453e-06,6.06068684165552e-06,2.2749562306338573e-06,4.509327249668114e-06,2.060106789525574e-06,3.2916438297546043e-06,1.9226457365463662e-06,2.4661153376002288e-06,7.135256481223263e-07
2024-01-24,2024Q1,10:00,1.1302153599454072,15:00,1.2466984844904747,13:30,1.231669612376513,15:00,1.2018046842194032,15:00,1.2753161251064735,14:30,1.2118602291557623,15:00,1.2293917992848964,10:30,1.1302153599454072,1.0891260624464985,1.0801762743056638,1.090084445027166,1.0534632879766554,1.06739657330302,1.0540140588224824,1.0478660677141114,1.0420984847459975,0.9951494913511825,0.9775603553874852,1.5225563813801757e-05,1.7435395590284785e-05,1.2780952227433724e-05,1.680877377122539e-05,1.234371865517686e-05,1.6082501911841193e-05,1.0684697329194457e-05,1.6081797924030594e-05,9.391309695172214e-06,1.550165826731062e-05,8.526019568546864e-06,1.550155491392819e-05,7.695262535406118e-06,1.4767131352000841e-05,6.995576913876787e-06,1.2547376974332567e-05,6.625088265973543e-06,1.0500239747822177e-05,6.075412897465868e-06,5.173962465749224e-06,3.5375064187143975e-06,4.727628934856477e-06
2024-01-25,2024Q1,10:00,1.1301499799683896,15:00,1.2500102898587773,13:30,1.2324210825227226,15:00,1.1979214047193933,15:00,1.2787783838907942,14:30,1.2145634529627296,15:00,1.2254907102631316,10:30,1.1301499799683896,1.0890344040213222,1.0800821043319229,1.0899408960642631,1.0533052651834602,1.0671960130232152,1.0537981332111463,1.0476795042957838,1.0419515871353786,0.9951874051255823,0.9775034561152907,2.1980725645741577e-05,2.0964114611083e-05,1.7908682189627998e-05,1.8415361008387117e-05,1.6780637065287973e-05,1.5237356657952016e-05,1.4181820303669399e-05,1.3706904253016656e-05,1.3019581504141999e-05,1.35654796055908e-05,1.5046001257798344e-05,9.722076574482389e-06,1.3039884749734e-05,9.698470779303314e-06,1.1405076397043624e-05,9.287039275454489e-06,9.524982853203984e-06,8.850948954304505e-06,6.1282016281677485e-06,8.654671018363855e-06,3.902152599778578e-06,7.678715413190718e-06
2024-01-26,2024Q1,10:00,1.1301250060917798,15:00,1.2389385109861035,13:30,1.2374322415825265,15:00,1.1883576599808943,15:00,1.2676970114623733,14:30,1.2128155146487396,15:00,1.2159420671387107,10:30,1.1301250060917798,1.0889988145666902,1.0800881526108455,1.0899250084419816,1.0532763752720453,1.0673127815577168,1.0538754791032057,1.0477302893598501,1.041961884521264,0.9950857637644267,0.9773143738478212,2.0644480683352887e-05,1.7984500486991354e-05,1.7676136407801763e-05,1.7089901439178038e-05,1.6663070844895193e-05,1.3975793938658765e-05,1.4542505255503677e-05,1.3448837825613754e-05,1.2452970232170522e-05,1.3443449936750956e-05,1.1682760174157424e-05,1.2984636621021534e-05,1.1787141480962245e-05,5.201216716658302e-06,9.779221231712792e-06,4.676620907419538e-06,8.072031895854503e-06,3.962557805716294e-06,6.051319761934454e-06,3.772559268811497e-06,3.413477658828412e-06,1.1576076146476715e-06
2024-01-29,2024Q1,10:00,1.13012966955082,15:00,1.2461406817330782,13:30,1.241442516246961,15:00,1.1920702768153266,15:00,1.2749101725896288,14:30,1.2131302055482742,15:00,1.219591451135314,10:30,1.13012966955082,1.0889833190659735,1.080117502176725,1.0899225833199586,1.053237532958689,1.067258400317812,1.0540484261655088,1.0478781877699357,1.0420959979427358,0.9951797202024868,0.9774341036136583,1.4543236130936184e-05,2.2182160944566643e-05,1.3630747027871135e-05,2.1456337066077522e-05,1.3284606591232874e-05,2.0932403906571386e-05,1.0708712969530451e-05,2.010094608358459e-05,8.470344510647468e-06,1.9504607144729737e-05,8.14850966281283e-06,1.9453255786452045e-05,7.376507516358688e-06,1.9430414598414226e-05,5.976531899276032e-06,1.919632865431759e-05,4.5796236036056865e-06,1.898353792221137e-05,3.3697210976507774e-06,1.7548949499008493e-05,2.906225568110582e-06,1.7482912031649248e-05
2024-01-30,2024Q1,10:00,1.1299762067019572,15:00,1.2008197184226577,13:30,1.233431479199902,15:00,1.1600652302256735,15:00,1.2294779495778718,14:30,1.2031131149344145,15:00,1.1877508328293716,10:30,1.1299762067019572,1.0888219996486324,1.0799430274737143,1.0896879697020874,1.052962896675189,1.0669433204605376,1.0536892107878517,1.047449875050165,1.0415792556997792,0.9946036821155904,0.9766907318955548,1.983364956686981e-05,8.447233868554052e-06,1.5203570556837128e-05,6.695519632206123e-06,1.3166839290435753e-05,6.639031492963227e-06,1.0804871912878274e-05,6.00837905272162e-06,9.959305919452143e-06,5.6691793072301595e-06,7.995017407971639e-06,3.2501207040842965e-06,8.232536028308998e-06,3.096210944828434e-06,6.50964892821229e-06,2.0307555295399683e-06,4.644596511121858e-06,1.894046018667007e-06,3.3779244365015502e-06,8.216020687555436e-07,2.773344690078595e-06,7.174654747972009e-07
2024-01-31,2024Q1,10:00,1.1301261955035895,15:00,1.198628995500933,13:30,1.2295238434625513,15:00,1.1635628805056486,15:00,1.2270984586604037,14:30,1.1996441929140553,15:00,1.1911994642063783,10:30,1.1301261955035895,1.088953119750132,1.0800552229516152,1.0897771473468791,1.0530536491463316,1.0670564050941733,1.0538254416812634,1.0475826280990939,1.0416700626213153,0.9947083349275858,0.976799365235492,5.703415071689246e-05,3.716552482102277e-05,5.793373564149781e-05,3.608223169230343e-05,5.8057657065179545e-05,3.4878379867450396e-05,5.225543442831457e-05,3.446498980530032e-05,5.1191702603766845e-05,3.4225524994796176e-05,5.127502493836146e-05,3.3207380841073734e-05,4.9238585419888386e-05,3.319963647264365e-05,4.695576380857429e-05,3.308843425317508e-05,5.078136399382206e-05,3.2847377431242285e-05,3.8507726188901624e-05,2.5758755703384215e-05,1.932784382567248e-05,2.5148719342626234e-05
2024-02-01,2024Q1,10:00,1.13034522437378,15:00,1.186091962968662,13:30,1.2281914308733706,15:00,1.1462567269221524,15:00,1.2146045457267016,14:30,1.1998783877487655,15:00,1.1738117064757836,10:30,1.13034522437378,1.0892618217430081,1.0804363839479691,1.0900847454595404,1.0533979875624648,1.067451754652702,1.0542157347702832,1.0479546241038387,1.0422324407594812,0.9952343758438854,0.9765252131993458,3.0377580150464304e-05,4.0232548701114645e-05,2.3266819456911823e-05,3.66505547680947e-05,3.0665964066450164e-05,1.8711069850764496e-05,2.3838866192172392e-05,1.7656171406801057e-05,1.782231762460057e-05,1.2675509720521924e-05,1.8083940494451232e-05,9.99657577025057e-06,1.8588643104006662e-05,6.645615518630175e-06,1.4896532699498886e-05,6.175645389803079e-06,1.2619359642394023e-05,6.013131731698573e-06,7.945215238191617e-06,5.835516984951103e-06,5.419876456753596e-06,9.302801972159407e-07
2024-02-02,2024Q1,10:00,1.1301253529593591,15:00,1.1887621701129167,13:30,1.2325575017366637,15:00,1.1539122330001266,15:00,1.2170446414011697,14:30,1.205289362300667,15:00,1.1813655709507194,10:30,1.1301253529593591,1.0889861851034082,1.0806316880176436,1.0901808250867984,1.053499551694145,1.0676367208165227,1.0545328726189622,1.0482095179100237,1.0424480521702526,0.9953216187420535,0.9767613526027347,3.390141243304469e-05,3.16264794006321e-05,2.637901608899891e-05,3.090864710562006e-05,2.096587398085055e-05,2.3543919525620487e-05,2.0804915883113602e-05,2.1542443635493187e-05,1.836912260137209e-05,1.9708441074757723e-05,1.8040516006231366e-05,1.718548659004966e-05,1.9162303242557425e-05,1.4757799860940165e-05,1.6864397530619886e-05,1.4662358340864077e-05,1.1556151875180417e-05,1.3465806574185595e-05,8.223914250185551e-06,1.169630537642616e-05,5.514960181049044e-06,9.63080360140097e-06
2024-02-05,2024Q1,10:00,1.1300985645031025,15:00,1.1890321021848798,13:30,1.228770747066473,15:00,1.1441267893695741,15:00,1.2175748115981835,14:30,1.1985447390921902,15:00,1.171591546982884,10:30,1.1300985645031025,1.0888657647294089,1.0805480618113583,1.090124772665025,1.0534451873779607,1.0676290555479078,1.0546313939264504,1.0482547349429947,1.042363871067322,0.9951821922410131,0.976557736624135,2.2481352276528264e-05,3.237212289571225e-05,2.669143007545693e-05,1.3340900014551207e-05,1.98519970135324e-05,1.224377562665706e-05,1.680084249004795e-05,1.1463946290404792e-05,1.325827659523857e-05,8.59131270193081e-06,1.0940598879139134e-05,7.360414735365261e-06,9.063169238820963e-06,6.984681458323046e-06,8.398899318666296e-06,6.349386387589672e-06,6.510756868187285e-06,5.187025412654207e-06,4.236437237736384e-06,4.852949471814806e-06,2.8093219841083042e-06,3.6194282115720344e-06
2024-02-06,2024Q1,10:00,1.1298933988902382,15:00,1.18660786178157,13:30,1.239955775846272,13:30,1.1446311172893364,15:00,1.215139580780414,14:30,1.2146219488926877,15:00,1.1692421378593125,10:30,1.1298933988902382,1.0890669424122874,1.0806717422141878,1.090214755392197,1.0535407333725717,1.0677059186102869,1.0546778279327989,1.0483074403870616,1.0424013193634614,0.9951579997737755,0.9765198011404421,2.1957758889981035e-05,1.8065057577591086e-05,2.2086636497334766e-05,1.676233193817075e-05,1.843627965612826e-05,1.617082757910125e-05,1.5966026675325962e-05,1.5251892802069359e-05,1.6646463701788358e-05,1.1619515490975818e-05,1.344820683203011e-05,1.0663625608291113e-05,1.2294815884044772e-05,1.0388827647930628e-05,9.06017589633624e-06,1.000033476805239e-05,6.52645710786249e-06,8.289302589946661e-06,5.567565147416093e-06,4.3931848131904685e-06,3.2639882200291753e-06,2.732442191831145e-06
2024-02-07,2024Q1,10:00,1.1299158871823125,15:00,1.166773265933923,13:30,1.2192422638370612,13:30,1.1427835435767217,15:00,1.1947899483816766,14:30,1.2149553427997317,15:00,1.1694655990346088,10:30,1.1299158871823125,1.089130285337953,1.0806896841242468,1.0902009225254756,1.053640726949368,1.0677573378186578,1.0547144291053447,1.0482644197658806,1.0423296197970522,0.9952067589195677,0.9765509556841336,1.9563543216702718e-05,2.270713527185106e-05,2.4034589019099077e-05,5.6256138910974194e-06,1.997820560018765e-05,3.4627633028464423e-06,1.697249200517358e-05,3.4184432661440005e-06,1.4429848930010441e-05,2.675428229118522e-06,1.4124481333068222e-05,2.477495330440452e-06,1.4499374443221571e-05,2.307088808750366e-06,1.0014619447243768e-05,7.502157918459586e-07,7.00712865772974e-06,7.170278024778014e-07,4.950341451000287e-06,6.503246999514369e-07,3.2099143716499234e-06,1.5391915766885015e-07
2024-02-08,2024Q1,10:00,1.1298272878248967,15:00,1.1747388309104825,13:30,1.2453660022305038,13:30,1.1499470724819485,15:00,1.2027497077728921,14:30,1.2261775521493843,15:00,1.174822172986688,10:30,1.1298272878248967,1.089426321038716,1.0809928161517712,1.0904777578896208,1.05390428889637,1.0680434879962046,1.0550444892511603,1.0485433544784575,1.0425418912582896,0.995382237692402,0.976710967642406,1.8211901631452295e-05,7.347611658621795e-06,1.5974485527996558e-05,7.31656149173272e-06,1.3872845083407641e-05,7.002181990930816e-06,1.2842056790072306e-05,4.230554383443378e-06,1.0480064801930201e-05,3.258393817589925e-06,9.248095655549213e-06,3.0425687902650417e-06,1.0232255215991198e-05,2.031368016863869e-06,6.098496114812726e-06,1.1335868338966206e-06,4.568861578846601e-06,1.107283986310793e-06,3.4585396793365504e-06,8.171363537803394e-07,2.2328096350304207e-06,1.2009176759034736e-07
2024-02-09,2024Q1,10:00,1.1299713663956572,15:00,1.1711446909477123,13:30,1.2367138114405227,13:30,1.1537361344473922,15:00,1.1989340585398705,14:30,1.218461423310493,15:00,1.178561112257145,10:30,1.1299713663956572,1.0895586156442685,1.0811104898514714,1.0906497232889536,1.0540642184905114,1.0681930066003729,1.0552657489660442,1.0486917572138232,1.0426576734774136,0.9954901025411309,0.9768216046627272,1.9491154965268516e-05,3.4264133110918506e-06,1.5331791387579247e-05,3.324404749553699e-06,1.2291364089305364e-05,2.9516705292801347e-06,1.0994708422301701e-05,2.6908172732386943e-06,9.75046031255095e-06,2.63534014683245e-06,7.356517892160248e-06,1.5919685570522733e-06,6.848486012768559e-06,1.1272693515611268e-06,6.097239708039225e-06,8.548372597255165e-07,4.489978714122528e-06,8.542649767036606e-07,3.5233281817088372e-06,2.997858959001968e-07,2.7957638001914565e-06,1.8937494337944193e-07
2024-02-12,2024Q1,10:00,1.1301984325616459,15:00,1.2110162619171614,13:30,1.235539118949041,13:30,1.1578168423018995,15:00,1.2395784531268932,14:30,1.2183913899312715,15:00,1.1832109695739972,10:30,1.1301984325616459,1.0897521577296148,1.0812803635146213,1.0908181524000817,1.0542224728921377,1.0683339821650149,1.0554205320958703,1.0488489483655445,1.0427797186318961,0.995621605471242,0.9769581415862124,1.3157521608973351e-05,1.4708603279526338e-05,1.0078606426058948e-05,1.4633219325627139e-05,9.54550107913912e-06,1.215485900475727e-05,1.12628102549983e-05,9.92122822931661e-06,9.886407536160368e-06,9.273405872704006e-06,8.278781255129862e-06,8.764098125175492e-06,7.3150548248072335e-06,8.388893074568985e-06,6.711505557998168e-06,6.686113695740365e-06,5.5451130691011285e-06,5.91614459076237e-06,6.614220022283716e-06,1.8522131196007178e-06,3.97866643379301e-06,6.570346911055789e-07
2024-02-13,2024Q1,10:00,1.1301480548428158,15:00,1.2163084710593552,13:30,1.252572519153591,15:00,1.16187942439293,15:00,1.2447731466591314,14:30,1.2194439973339606,15:00,1.1890703234849955,10:30,1.1301480548428158,1.0896551928379716,1.081213228289856,1.090827356753582,1.054224972942377,1.0683069643060543,1.055378453604162,1.0488398460366664,1.0427585599543014,0.9958161039205733,0.9771326400507812,3.478758017664451e-05,5.4192752248488414e-05,2.4625993912417493e-05,4.948971329864251e-05,2.262315850139173e-05,4.896600995647208e-05,1.660345410015509e-05,4.50362692550305e-05,1.5364068147287666e-05,4.418957758899629e-05,1.4387564291486034e-05,4.283211252643987e-05,1.2736196663262628e-05,4.26352058986406e-05,1.0147223030108104e-05,4.262375684512663e-05,8.751608869619045e-06,4.080441493865069e-05,1.048573812391188e-05,3.2336781730737505e-05,6.957247576773033e-06,2.9610970769518495e-05
2024-02-14,2024Q1,10:00,1.129763804476583,15:00,1.1600279411767926,13:30,1.2326421975627657,13:30,1.1262567678871152,15:00,1.1885713180146256,14:30,1.202128532488895,15:00,1.1408141304134995,10:30,1.129763804476583,1.0891714109482116,1.080647902792658,1.0901484964152637,1.053517209520856,1.0675260640234496,1.0544973031952705,1.0477968925528187,1.0416143559806519,0.9949318240648128,0.9759851374459284,2.337198511639138e-05,3.037931845976447e-05,1.8084791579941225e-05,2.7745604725701564e-05,2.1931299843654894e-05,1.5157369615457099e-05,2.148835408618925e-05,1.488603977822341e-05,2.161544372530942e-05,1.1849572572331873e-05,1.7773241227591407e-05,1.0169705525033984e-05,1.4514790282867847e-05,9.987952005964966e-06,1.2775134096920319e-05,9.684288445078956e-06,9.79983822302631e-06,7.864961618940043e-06,8.175409622398979e-06,7.821320729509478e-06,5.1694072247397934e-06,7.60616738350314e-06
2024-02-15,2024Q1,10:00,1.1296048566396044,15:00,1.1594657253485974,13:30,1.233290802973284,13:30,1.127727521744402,15:00,1.1881384930375347,14:30,1.2015046805009437,15:00,1.134996800970323,10:30,1.1296048566396044,1.0889711439121341,1.0807513848789112,1.0902582619134826,1.0537241604796495,1.0676982007144487,1.0546060519504545,1.0478761802641745,1.0416687655927253,0.9949478518569861,0.9758674869495778,2.4058567960438553e-05,1.1701414861652466e-05,2.200882285102215e-05,1.1699976149327544e-05,1.9802085556219798e-05,1.158066431499107e-05,1.9371552915522135e-05,1.108652827552692e-05,1.5729176785667785e-05,1.0540531524618548e-05,1.3557898108016895e-05,9.035230284997984e-06,1.3431013283623605e-05,8.484660382510756e-06,1.1095439963885622e-05,1.0978743699895854e-06,8.033571538361322e-06,1.0598416382406671e-06,6.206666635736867e-06,9.609799681188287e-07,3.639797963622977e-06,4.6525067159803794e-07
2024-02-16,2024Q1,10:00,1.1297621972475123,15:00,1.1794955738044268,13:30,1.232839650294728,13:30,1.1355670398312603,15:00,1.2084577609398819,14:30,1.2007381095214216,15:00,1.140499254771822,10:30,1.1297621972475123,1.0891240656150545,1.0808871738727317,1.0904102264115985,1.0538288915411627,1.0677955106799004,1.0547284397276886,1.04817621847886,1.0419032928064953,0.995161580991115,0.9760337613182859,3.85836230566107e-05,3.210110567133766e-05,2.9588138823903164e-05,3.0681032823668086e-05,2.332476651432642e-05,2.8678095219694894e-05,1.7970254967229288e-05,2.5133677685759165e-05,1.5037811187429428e-05,2.472400180635105e-05,1.3429863292289661e-05,2.4722261250893455e-05,1.1955825956855658e-05,2.4157728039509673e-05,1.031179772499376e-05,2.399308826033704e-05,8.400494175860781e-06,2.2045466967540817e-05,6.417878468660388e-06,2.171377231862391e-05,9.145778239218968e-06,4.439148640117177e-06
2024-02-20,2024Q1,10:00,1.1297958106834052,15:00,1.2015499811536288,13:30,1.225836316370014,13:30,1.122208232652122,15:00,1.2307370230533063,14:30,1.1899156510068818,15:00,1.1478915014598845,10:30,1.1297958106834052,1.0890609462633245,1.080744253635675,1.0902134833897708,1.0535794127058546,1.0674730395515784,1.054359474960568,1.047728908139297,1.041410589475044,0.99454376730597,0.9762849078617395,2.688290347618626e-05,1.665465081798829e-05,2.6947997908078722e-05,1.571192493802773e-05,2.250987632818753e-05,1.3002773369747989e-05,1.917819681246698e-05,1.2969364000510088e-05,1.696479696181003e-05,7.185480643937686e-06,1.535829119201095e-05,5.280908234008281e-06,1.4260354241122183e-05,4.417977353122155e-06,1.2411454575566601e-05,4.067119580868204e-06,9.961508134668635e-06,2.2243484837713207e-06,7.918374119501234e-06,2.1885675784989774e-06,5.567067789423799e-06,8.670785414239657e-08
2024-02-21,2024Q1,10:00,1.1299128059616805,15:00,1.1998369137635543,13:30,1.2200121970188953,15:00,1.1305377433089687,15:00,1.2286223275467913,14:30,1.1862028559073912,15:00,1.1576605933941837,10:30,1.1299128059616805,1.0892231302283963,1.0809017422233944,1.0903185183289867,1.0537921104806125,1.0677147299141254,1.0546214129020939,1.0479745900798365,1.041669119355943,0.9947772643481961,0.9765709826869959,2.5901704008538682e-05,3.9486922623138866e-05,2.1988882349353104e-05,3.943037829039504e-05,1.83862932940465e-05,3.94099174509257e-05,1.7068779765642745e-05,3.8424264019888346e-05,1.568965495916016e-05,3.8335540874341014e-05,1.540207166954904e-05,3.509328837208982e-05,1.4105285495100203e-05,3.4049766083661574e-05,1.2971816854106984e-05,3.366231607910007e-05,1.2323938653418757e-05,3.3647214422923215e-05,8.668512407996829e-06,3.183865944367086e-05,5.369524242023924e-06,3.1803468591013465e-05
2024-02-22,2024Q1,10:00,1.1296415223848773,15:00,1.1359515606038668,13:30,1.2119894991405402,10:30,1.1105775791898378,15:00,1.1648004650768704,14:30,1.1763579463335634,15:00,1.1051773997698897,10:30,1.1296415223848773,1.088877782347392,1.0804512020194121,1.0898014329715722,1.0532331785591693,1.0671665528335268,1.0540271668125016,1.047302891613027,1.0409014985025362,0.9938429864513851,0.9752327498675065,3.119571780225604e-05,1.961267106635202e-05,2.473073070068584e-05,1.929336668551769e-05,2.2155820684852542e-05,1.8046880808818883e-05,1.8223236845277838e-05,1.6526722854656883e-05,1.705319710445382e-05,1.641921014673457e-05,1.3897061571583065e-05,1.4342581030560485e-05,1.1280014547939993e-05,1.3347335147379715e-05,9.887311746029104e-06,1.2929893040712e-05,8.659817776346385e-06,1.2152225256061559e-05,9.741689542610035e-06,6.92806180165217e-06,6.4456773577846285e-06,1.1879922218847998e-06
2024-02-23,2024Q1,10:00,1.1297725303092871,15:00,1.13795637907371,13:30,1.224122772012831,10:30,1.1118775523302173,15:00,1.1665267667839303,14:30,1.1993811230223972,15:00,1.114076316887642,10:30,1.1297725303092871,1.0889390997332538,1.0805006281993166,1.0898058552179208,1.053227750071757,1.0671315679631006,1.0539511994774582,1.0471928929979546,1.0407667972513555,0.9939589588151331,0.9755081593292645,2.4573647944825493e-05,9.538542396160462e-06,2.188474725379286e-05,8.501074068340547e-06,1.8582426544279338e-05,7.392194698416378e-06,1.6425254092267872e-05,6.305705488407032e-06,1.3811730600115414e-05,5.8143593627365285e-06,1.3659938246817078e-05,5.54364182040365e-06,1.0654938300379495e-05,4.966555347688664e-06,8.19088404519496e-06,4.65623538319398e-06,6.525738837766699e-06,4.097693882940434e-06,6.192752985285e-06,1.7867127358811511e-06,3.987668683523268e-06,6.571600842970729e-07
2024-02-26,2024Q1,10:00,1.129972443495164,15:00,1.1354101686474245,13:30,1.2216387321718964,10:30,1.1168067319641886,15:00,1.163708677133344,14:30,1.1981358888054423,15:00,1.119771402079036,10:30,1.129972443495164,1.0891470673246304,1.080697691381545,1.09000474029573,1.0534015738769122,1.0673238442167923,1.0540988519704788,1.0472926641832714,1.0408431277247476,0.9941382804516341,0.9756824804678527,1.7656149261527463e-05,8.975874765909202e-06,1.511394326418412e-05,8.481440143071403e-06,1.3122100531948567e-05,7.613212652671033e-06,1.2139813127244434e-05,7.552766954026903e-06,1.0089550062553545e-05,7.068186466117174e-06,9.459700691891728e-06,7.043442050754883e-06,8.511946960430979e-06,5.957108369930955e-06,8.318023987223902e-06,4.319543187492081e-06,5.862417329550389e-06,4.092387617036636e-06,4.394777615539153e-06,3.7797731231359494e-06,3.2032555336868203e-06,3.118532767663807e-06
2024-02-27,2024Q1,10:00,1.1300812972448773,15:00,1.1289777420205003,13:30,1.2164703547016693,10:30,1.119060638322468,15:00,1.157106014489798,14:30,1.1920002403322187,15:00,1.1193927080491597,10:30,1.1300812972448773,1.089243834097884,1.0807887134497267,1.090086071052095,1.0534613434017208,1.0673720545975238,1.0541596571744465,1.0474068460840051,1.0408972330955957,0.9941641449350566,0.9756908423972713,1.679732930267916e-05,5.678030644661669e-06,1.3560153206921132e-05,5.598488443796254e-06,1.1387158837853595e-05,5.582555479614255e-06,1.092451200818783e-05,4.674467234649226e-06,9.735850247863461e-06,4.468490376145361e-06,9.172538427899188e-06,3.9693614192709866e-06,9.134631173310902e-06,2.9503172593315846e-06,6.435715246139936e-06,2.776433743937022e-06,4.8738413122229e-06,1.669049813971601e-06,3.959722256752652e-06,5.554766707084941e-07,2.5350190271075236e-06,8.77923795700223e-08
2024-02-28,2024Q1,10:00,1.1302316746512397,15:00,1.1500059811132077,13:30,1.2115792361769089,10:30,1.1220006289751452,15:00,1.1785040887810216,14:30,1.192977763670329,15:00,1.1237098769583036,10:30,1.1302316746512397,1.0893667000487355,1.0808882625097542,1.0902073902999392,1.053575007882846,1.067494568949292,1.0543237253836357,1.04751299795292,1.0410031008230685,0.9943024631702654,0.9758184057746538,1.5939994678864273e-05,8.902621714498802e-06,1.28651631407527e-05,8.609896125250651e-06,1.1742717335385567e-05,5.765533704808259e-06,1.0732510887026092e-05,5.765498103899614e-06,9.882017250924242e-06,5.734046068140987e-06,8.95835314899898e-06,4.5962516444186594e-06,7.70185356232073e-06,4.50631512986105e-06,6.051324992755002e-06,3.143099886135232e-06,4.546706037098023e-06,3.0669920294506616e-06,4.2862806627444745e-06,4.0066990484483354e-07,2.8148808745849464e-06,3.851934651077296e-07
2024-02-29,2024Q1,10:00,1.1303168134605779,15:00,1.1451480976191186,13:30,1.2170283545248124,10:30,1.1233019366356383,15:00,1.173373086039141,14:30,1.193682249632421,15:00,1.1279865747340447,10:30,1.1303168134605779,1.0894240877498311,1.080990724129492,1.0902999341406785,1.053661814138132,1.0675951324828876,1.0544040741138783,1.0475960086043072,1.0410487963880315,0.9944602797053214,0.9759454271144917,2.3710231919682337e-05,1.0052912130667586e-05,2.0340480788258898e-05,7.48850899392896e-06,1.795687244110511e-05,7.174212166876518e-06,1.5415190213602225e-05,6.935995314692192e-06,1.5482296784082273e-05,5.887003701697563e-06,1.4566442280773365e-05,5.835646910015927e-06,1.115686114870149e-05,3.1509763359534218e-06,9.148857256864763e-06,2.513199184687571e-06,7.059442467687503e-06,2.503134813352468e-06,6.011416622637761e-06,2.435738425472565e-06,3.855132354118107e-06,2.434343281663178e-06
2024-03-01,2024Q1,10:00,1.1304956299090547,15:00,1.1454553252933728,13:30,1.2130124506887048,10:30,1.1281840426684153,15:00,1.173595251736267,14:30,1.1895018218748044,15:00,1.1300844019285223,10:30,1.1304956299090547,1.089624622280678,1.0811803755286586,1.0904633348675254,1.0538715121021756,1.067802001865532,1.0546173884393217,1.047792051359814,1.0411990895566479,0.9946059561750813,0.9760224605533613,2.368056896787227e-05,9.388215928075652e-06,1.8467261295068174e-05,4.101340142265714e-06,1.5828563622249842e-05,3.784126249130413e-06,1.3491833144242703e-05,3.6616840778250386e-06,1.1430339995053721e-05,3.2995110259667043e-06,9.819437727402843e-06,2.6492966677165565e-06,8.706744465325145e-06,2.297467664660203e-06,6.800597748504891e-06,1.964319828389631e-06,5.813287467490076e-06,1.1004446252178622e-06,5.975258044598142e-06,2.0540086445030514e-07,3.289372597742652e-06,2.049438817684599e-07
2024-03-04,2024Q1,10:00,1.1306848475203144,15:00,1.1465277095459443,13:30,1.2103762001375185,10:30,1.133901472856386,15:00,1.1745003991103273,14:30,1.1881735825009336,15:00,1.1356580780546752,10:30,1.1306848475203144,1.0898550349898415,1.0813985593532174,1.0906609706465114,1.054051224449221,1.0679754627808054,1.0547884710495474,1.0479347236055814,1.0413565969485168,0.9948401848308603,0.9761833290260505,1.1642724401708018e-05,1.1101123838975537e-05,9.976991101783313e-06,1.1089652853425002e-05,8.627317400803611e-06,1.1021540586592373e-05,7.923063684802507e-06,1.0837839262160068e-05,6.879670504552555e-06,1.0575304100870046e-05,5.956976692838546e-06,9.868176421544631e-06,5.245811374568797e-06,9.763791263893879e-06,4.456931605776781e-06,9.258720467961778e-06,3.2434357645674603e-06,9.155473962775009e-06,2.5298805362671515e-06,9.048473239773805e-06,2.471589611133993e-06,5.936994968172886e-06
2024-03-05,2024Q1,10:00,1.1306716848866902,15:00,1.1337908320346282,13:30,1.206119106286602,10:30,1.1328215335604275,15:00,1.161658681519203,14:30,1.1829132596444525,15:00,1.1281293215794002,10:30,1.1306716848866902,1.0898203251580347,1.0813373887088449,1.0905799001000052,1.053954822441537,1.0678617941301995,1.054650936722746,1.0477769567119,1.0411443803450224,0.9945776032897361,0.9760102946520147,1.92766514100639e-05,4.1931524092126904e-05,1.7223491457202344e-05,3.4742232691758217e-05,1.586240563226216e-05,3.433205727332966e-05,1.3094092740628259e-05,3.4279201928292706e-05,1.2512979232966154e-05,3.325811315783598e-05,1.0713508071646238e-05,3.076131731151972e-05,9.541762011992345e-06,3.0000441385007127e-05,8.771636802316668e-06,2.9616909615242187e-05,7.938227952344633e-06,2.599323947426953e-05,5.310271332415793e-06,2.570195602494719e-05,4.4917570800168145e-06,1.897789313179531e-05
2024-03-06,2024Q1,10:00,1.1302646063974855,13:30,1.1139346546405646,13:30,1.1935807702400432,10:30,1.1236517921353295,15:00,1.1345310222948308,14:30,1.167595598902604,15:00,1.0988194793586719,10:30,1.1302646063974855,1.0894808583274462,1.0809424794157727,1.0900749897045254,1.0534460093581677,1.067313086642623,1.0540499409046122,1.0471080518288636,1.0404997791844828,0.9937567714119244,0.9752806252757965,3.575655855011967e-05,2.6329119887315402e-05,2.8794772956328516e-05,2.4929206211536326e-05,1.954753311618844e-05,2.0749805633897922e-05,1.6602410973538175e-05,1.7983227703984947e-05,1.534128011129342e-05,1.7976501685416072e-05,1.29231170402783e-05,1.7031375673760702e-05,1.1580052537257379e-05,1.6217964936319474e-05,8.47506207030915e-06,1.5094490888707438e-05,1.620940861113069e-05,4.799873124584415e-06,1.3874041496136066e-05,4.788700424942124e-06,1.1017845532516901e-05,1.4829906416817303e-06
2024-03-07,2024Q1,10:00,1.130351355082739,15:00,1.1180862675782595,13:30,1.196565883224024,10:30,1.1239763965969352,15:00,1.145840413454924,14:30,1.1652891315133593,15:00,1.1157263314817143,10:30,1.130351355082739,1.0895077371489854,1.0808889750719137,1.0900126393983713,1.0533648655492005,1.0671828842462128,1.0539000318165892,1.0468878755748063,1.0408777304397172,0.9941261427533653,0.9757783496281297,2.5128091576114615e-05,7.881587043472445e-06,2.1322368966495262e-05,5.5415847004318415e-06,1.8680115214006623e-05,5.435131830449327e-06,1.5436216347011645e-05,5.407264680943266e-06,1.4692439181813888e-05,5.253554687087954e-06,1.2804520840559233e-05,5.1878970189095625e-06,1.1443110852560838e-05,5.184031889461235e-06,8.906167647267671e-06,4.394537356203968e-06,7.849031109748618e-06,2.366259603336676e-06,5.672600492392951e-06,1.4091658604501174e-06,4.194881653758843e-06,1.0047788693382378e-06
2024-03-08,2024Q1,10:00,1.1305859168268255,15:00,1.1263647103097203,13:30,1.1939379977079443,10:30,1.1302880995189362,15:00,1.1541266572784987,14:30,1.1626510126814387,15:00,1.1213320128921236,10:30,1.1305859168268255,1.0897590089072466,1.081126697710301,1.0902108940912443,1.0535715037945579,1.0673629519603052,1.0540625633640321,1.0470171793332275,1.0410592261265461,0.9942992328960232,0.9759454936824328,2.8236678964491386e-05,7.933451773385826e-05,2.1378442382959997e-05,7.920857855872644e-05,1.99941188238546e-05,7.839362902720723e-05,2.4336590212444106e-05,4.810742675404763e-05,2.762720739393634e-05,4.6070457146341396e-05,2.3194685238010365e-05,4.4564213675207054e-05,2.7943260036472606e-05,2.7885449910706823e-05,2.0955431780943395e-05,2.770985215411979e-05,1.6421105723272684e-05,2.6339998273583016e-05,1.1555114258106503e-05,1.4818791738329643e-05,5.652177730513882e-06,1.4135901667173205e-05
2024-03-11,2024Q1,10:00,1.1296981299231925,15:00,1.1034916577407528,13:30,1.1882948435814058,10:00,1.1030136260853296,15:00,1.1311802929800834,14:30,1.1578735509172038,15:00,1.1037267209375636,10:30,1.1296981299231925,1.0886928284490118,1.0799262309715947,1.0896274346777148,1.053100184647828,1.0667598108641634,1.0540231879692958,1.0467754075577484,1.0406888702213268,0.9941704887770269,0.9755223500522758,3.277357661954843e-05,2.9493019664286706e-05,2.803333205181564e-05,2.8971901998464914e-05,2.3186112340194447e-05,1.7985158509342704e-05,2.2345771069216567e-05,1.2070538203294619e-05,1.8199488499316362e-05,4.632232529028809e-06,1.6896689537094542e-05,4.287982532438953e-06,1.4224804164374147e-05,3.388536080304363e-06,1.1467799015075134e-05,3.2120471347726702e-06,9.032495004627319e-06,3.06979620394327e-06,6.4837161151167275e-06,2.989488887153162e-06,3.979969613511469e-06,2.357680876850501e-06
2024-03-12,2024Q1,10:00,1.1296902658009484,13:30,1.1001749365863132,13:30,1.18671768190332,10:00,1.10309854456006,15:00,1.1272571330523706,14:30,1.1531127524972213,15:00,1.106301913307486,10:30,1.1296902658009484,1.0886352587806092,1.079995972467091,1.0898182029934889,1.053400401110904,1.0670647318160416,1.0543125040887735,1.0470186036447393,1.0408853938823848,0.9943126787240036,0.9756096315840793,3.981181715370274e-05,2.458935288124401e-05,3.1269711623850865e-05,1.4604219676551748e-05,2.6594179633022375e-05,1.175644802875077e-05,2.30891759936629e-05,1.1355981880730004e-05,2.071539668483759e-05,1.0846018069260373e-05,2.0747563086248286e-05,8.527012296379357e-06,1.971594936015474e-05,6.564366724987759e-06,1.3114359899424919e-05,5.420885851185838e-06,9.270535219338205e-06,3.668476403971109e-06,6.757962980154798e-06,1.1434642385799143e-06,5.382912304408416e-06,6.508709481589494e-07
2024-03-13,2024Q1,10:00,1.1298639591473671,15:00,1.107543395168819,13:30,1.1907966388213669,10:00,1.1075540634014487,15:00,1.1349451787479226,14:30,1.1588164143147108,15:00,1.1147881098902814,10:30,1.1298639591473671,1.0888874397934931,1.0802534490367925,1.0900404565244257,1.0536097194148075,1.067352919822956,1.0546599258022882,1.047241753431619,1.0410689099687456,0.9945402674501831,0.9758562932446364,1.974688225398376e-05,1.4001569186147357e-05,1.6275290525502194e-05,1.339951709633817e-05,1.4821759327849666e-05,1.3334291545652749e-05,1.2958253074082625e-05,1.3067361980252437e-05,1.112894558093093e-05,1.2435047183722844e-05,1.0423783285740438e-05,1.2320454633911429e-05,8.94877754168663e-06,1.2199182105647119e-05,7.375319307254291e-06,1.0203217183578278e-05,5.329156761550148e-06,1.0179324615786673e-05,3.934060812044764e-06,9.957098307517139e-06,2.476944227426656e-06,9.423157675776972e-06
2024-03-14,2024Q1,10:00,1.1299206309687224,13:30,1.0979265598815833,13:30,1.1996895621964838,10:00,1.1090518688947073,15:00,1.1194221419394208,14:30,1.1645825237958125,15:00,1.1007122910030103,10:30,1.1299206309687224,1.0889150737145592,1.0802611793352657,1.0900137909703838,1.0535652838508898,1.0672854871466002,1.054553597736604,1.0471424898843154,1.0408916429925,0.9942986992061157,0.9755074169086003,4.276974094365226e-05,4.094086023165718e-05,2.6940239581746958e-05,3.6083585060054575e-05,2.519125709310947e-05,3.53776042764048e-05,2.2387181833678456e-05,3.506051786232297e-05,1.8351168963063444e-05,3.3653812012626855e-05,1.654268701068036e-05,3.336077066877625e-05,1.60466202482013e-05,3.108255353033963e-05,1.4040368704641557e-05,2.91096008112618e-05,1.0507073462214132e-05,2.2281715644771205e-05,7.3542144189808585e-06,2.2207851388413213e-05,6.240075869898942e-06,1.995892179466798e-05
2024-03-15,2024Q1,10:00,1.1298702929343032,10:30,1.0922086456972626,13:30,1.1889066597733813,10:00,1.1081238922973486,15:00,1.0945640804817414,14:30,1.1533736458832828,15:00,1.0738827464447493,10:30,1.1298702929343032,1.088712592818713,1.0800200661740642,1.089685728905504,1.053180282090102,1.0668144072912322,1.054099821106369,1.046649842543352,1.0404651072545077,0.9937031923642096,0.9748211453060506,3.975056711942239e-05,1.749895644865028e-05,3.621856918196865e-05,1.6203286794562888e-05,2.6777197530720247e-05,1.4521702905906901e-05,2.560981170311821e-05,1.3961330066626966e-05,2.3513597647473123e-05,1.0004182453398426e-05,2.366954965613587e-05,8.864600431606622e-06,2.304320543429893e-05,7.019025375229782e-06,1.834601380337797e-05,4.348279009847965e-06,1.4994576797817729e-05,3.0182800169011405e-06,1.0159209332418233e-05,2.517852198698727e-06,8.236026515306722e-06,8.354484688035314e-07
2024-03-18,2024Q1,10:00,1.1301583726767124,13:30,1.0994063224547765,13:30,1.1864813010846165,10:00,1.115326252872331,15:00,1.1013205788894798,14:30,1.1601921655441576,15:00,1.086958298109663,10:30,1.1301583726767124,1.0890170573085118,1.08022535590979,1.0899011312679752,1.0534723078157817,1.0671655541121767,1.0545240325543748,1.04706313310698,1.040863640990601,0.9940127904115654,0.975206105385889,2.0844215993990525e-05,1.8811841444965778e-05,1.4603209783839672e-05,1.1922070711152933e-05,1.2539016784866186e-05,1.1917230690441806e-05,1.1792590947849696e-05,1.1055339079151077e-05,1.1316688860711505e-05,1.0041695517758708e-05,1.0268622370724505e-05,1.0041454905490536e-05,1.0896084200390997e-05,8.369980904972072e-06,7.90120026723147e-06,6.708519140557693e-06,6.876014815290641e-06,6.119654970978402e-06,4.740743841670013e-06,4.9254709868361444e-06,3.6311702280949584e-06,3.714262511407029e-06
2024-03-19,2024Q1,10:00,1.1301523738737058,13:30,1.0976084890674886,13:30,1.1973241437828772,10:00,1.1152775350398565,15:00,1.0978056182777722,14:30,1.1866791980533133,15:00,1.0863942486257525,10:30,1.1301523738737058,1.0890435995115342,1.0802191713051503,1.0898958152424425,1.053488911939111,1.0671545062672239,1.0545801423755328,1.0470894011924807,1.040880658771479,0.9940065150721978,0.9752065720623262,2.2858228122155945e-05,1.5552992455313728e-05,1.9733207711668692e-05,1.5332784610635867e-05,1.6063742551539925e-05,1.2299907733630597e-05,1.4282472290433011e-05,1.1751662006198432e-05,1.2032714677269033e-05,1.0835413172971824e-05,1.0258220364070362e-05,8.181722043227156e-06,1.072544348304273e-05,6.592709861023513e-06,8.513901886001006e-06,6.4369144484983095e-06,5.2994910491114076e-06,6.342360074311006e-06,4.119372873598343e-06,6.341820514719066e-06,3.529522338792724e-06,6.262090082383368e-06
2024-03-20,2024Q1,10:00,1.1302284831754181,10:30,1.101344594157117,11:00,1.183195835113812,10:00,1.117246626886801,15:00,1.088755184524815,14:30,1.1574780486323406,15:00,1.0808257010102078,10:30,1.1302284831754181,1.0890933188788796,1.0802705406623505,1.0899263486541277,1.0535028059102463,1.0671922177370619,1.0546824060635882,1.0471425250736925,1.0408368992095032,0.993918233614953,0.9750729558444895,7.46945040788722e-05,3.857496040503708e-05,7.6521500557337e-05,3.5688511422708844e-05,7.915164266193664e-05,3.49675120403329e-05,7.683362714920574e-05,3.467547470440478e-05,7.76642392803832e-05,3.4362176400589964e-05,7.760168796681789e-05,3.428803050339204e-05,7.746509160995353e-05,3.3738380212817205e-05,8.412334298090894e-05,3.176728425074522e-05,8.885284237808543e-05,3.176710217473619e-05,5.34545218637734e-05,1.4575739578737008e-05,2.1851281014271875e-05,7.92281105657929e-06
2024-03-21,2024Q1,10:00,1.1306763887048394,13:30,1.1258507885571427,13:30,1.1864046096568983,13:30,1.1364243777424143,15:00,1.1034260613931592,14:30,1.1642266500095486,14:30,1.118632926056095,10:30,1.1306763887048394,1.089709768350615,1.0810354084519413,1.090734255907476,1.0544346884031746,1.0682041173429868,1.055816566234129,1.0486641814887139,1.0427097077913283,0.9954921286317697,0.975804991721021,1.7119827823486314e-05,7.706818265043051e-06,1.4408705818411694e-05,7.372419125898727e-06,1.2932255507980653e-05,7.283247445779845e-06,1.1492918669684439e-05,7.107956742593677e-06,9.293954677036962e-06,6.537374577029277e-06,7.977595594279962e-06,6.339430446285746e-06,8.429777378151555e-06,6.148204192263709e-06,7.496275274474597e-06,5.6790868013824306e-06,7.700391268365383e-06,4.235180418781546e-06,5.176472092972105e-06,4.062677359279306e-06,4.6737720091240925e-06,2.18474826794647e-06
2024-03-22,2024Q1,10:00,1.1307974537175738,13:30,1.1258808169048151,13:30,1.185336152287251,13:30,1.1372815795569606,15:00,1.1011992798229577,14:30,1.15048761979683,14:30,1.1193814150264956,10:30,1.1307974537175738,1.0898141237815484,1.0811289090092966,1.0908116421020762,1.0544886359852934,1.0682338650720484,1.0558690494376761,1.048710274124453,1.0428199463832988,0.9955378470194176,0.9759367023555822,1.6015296789674544e-05,7.329845650924038e-06,1.3327758614989526e-05,7.328530796524917e-06,1.2940475030555205e-05,4.99855500906499e-06,1.0589163281529548e-05,3.3595988780446454e-06,8.85734821845035e-06,3.3590770843635686e-06,7.804873980029605e-06,3.121916806673231e-06,6.620555831001623e-06,2.651922101367465e-06,5.322404490540329e-06,2.4403127945152287e-06,4.7328642560129045e-06,1.5235867779981173e-06,2.973340755489387e-06,1.5168610316238195e-06,2.37390272691867e-06,1.1037628206131726e-06
2024-03-25,2024Q1,10:00,1.1309087251203689,13:30,1.1276580555112574,13:30,1.176815133477395,13:30,1.1393949719740906,15:00,1.1295533392293478,14:30,1.1442381978536267,14:30,1.1209024839161992,10:30,1.1309087251203689,1.089901544299913,1.08126818923985,1.0909549088370583,1.0546080679324628,1.0683441332266215,1.0559724832624047,1.0487929281153912,1.0429254707404954,0.9955969343197563,0.9760038885215128,1.1547115114561028e-05,2.552222852567456e-06,9.935466100823962e-06,2.381207999889224e-06,7.758563698605776e-06,2.208786363882879e-06,6.795920376216532e-06,2.196049977878642e-06,6.206802147347132e-06,2.1935700594118604e-06,5.932203449116153e-06,2.1516542091486796e-06,5.3273078598484225e-06,2.122625363107477e-06,4.270022342171244e-06,2.0653844631120237e-06,3.2930018982014032e-06,2.0152658529565325e-06,2.7516443704941987e-06,1.8584886055244084e-06,1.751704880968142e-06,1.8537511066894355e-06
2024-03-26,2024Q1,10:00,1.1310334431665257,13:30,1.1317043972841778,13:30,1.176593888188884,13:30,1.1410001583166074,15:00,1.13354064426656,14:30,1.1433913205782515,14:30,1.1217072759743145,10:30,1.1310334431665257,1.0900216819133899,1.081367433320712,1.0910459429693304,1.0546955482511877,1.0684337626086173,1.0560560240613275,1.0488558552844207,1.0429654496704854,0.9956333284741651,0.9760009062642583,1.077411163452735e-05,1.5493834434390822e-05,8.423314925934374e-06,1.5361933877286287e-05,6.834867712702991e-06,1.5133576903396962e-05,5.912246266421714e-06,1.5133562266931728e-05,5.4222935325779445e-06,1.508101127634391e-05,4.814818162724924e-06,1.481279698594149e-05,4.760723464612297e-06,1.4515912115810226e-05,3.742987787423596e-06,1.4515912115810226e-05,2.94966108990069e-06,1.434668598875172e-05,2.375763610850254e-06,1.3971973239898617e-05,1.563040095864794e-06,1.3949146577811932e-05
2024-03-27,2024Q1,10:00,1.1309362636615796,13:30,1.144914222940894,14:30,1.2196369738377004,10:00,1.134968902629649,15:00,1.169758367522248,14:30,1.2255590908474605,14:30,1.1058191872702137,10:30,1.1309362636615796,1.0898855167970638,1.0811913639692383,1.0908267257945308,1.05446007649735,1.068162231010616,1.0557700153127205,1.0485125707426255,1.042562460087311,0.9951678241759319,0.9753769987855183,1.3313977935665416e-05,2.4626177402378633e-05,1.5662954241123415e-05,2.137999580589388e-05,1.2658444880417671e-05,2.1349564928336436e-05,1.0759715704235035e-05,2.131353057249956e-05,1.018386815429378e-05,2.120479160267708e-05,8.518012616185254e-06,2.009751248173936e-05,7.850853857150726e-06,1.990511875009169e-05,5.584997600515191e-06,1.9903179305240972e-05,4.728596391442398e-06,1.9822843073045404e-05,4.581442479599782e-06,1.82506733217994e-05,3.2071508933958765e-06,1.709351875273604e-05
2024-03-28,2024Q1,10:00,1.13072705201413,13:30,1.1289378641879977,14:30,1.1952663625109965,10:00,1.1295761675104232,15:00,1.1386930806877482,14:30,1.2017314819426426,14:30,1.0874029355135852,10:30,1.13072705201413,1.0897605669446226,1.080998845854894,1.0905685224415138,1.0541867274130772,1.0678430763453415,1.0554139610864102,1.0480558995024052,1.0420281781662237,0.9946201630490741,0.9746804967989814,1.5369503206743498e-05,5.6952343868881235e-06,1.2675210789825847e-05,5.685053572116361e-06,1.1364206766875995e-05,5.283021920101686e-06,1.0455706057823878e-05,5.253046404603762e-06,9.238780489418367e-06,5.246645559505109e-06,9.216296338015514e-06,5.1550312665481255e-06,8.385987073873204e-06,5.117324405284159e-06,7.698646910057913e-06,4.930456524581085e-06,6.536752744953162e-06,4.726749110987641e-06,6.435736020823432e-06,4.625701642232181e-06,7.05987128071345e-06,3.189563999652336e-06
2024-04-01,2024Q2,10:00,1.130855558439018,13:30,1.12174951736832,14:30,1.1837636695990097,10:00,1.132898195569574,15:00,1.1357676213296883,14:30,1.1900780533777082,14:30,1.089089605748051,10:30,1.130855558439018,1.0898665500046811,1.0811032391440467,1.090666232813087,1.0542699596826688,1.0679345402777545,1.0554946870949538,1.0481315210720974,1.042082186169908,0.9946941431607977,0.9748848320474433,9.444711646574553e-06,1.5072931807976859e-05,1.0496292055231845e-05,1.009096635320827e-05,1.1131709296674215e-05,8.469513183009491e-06,1.0964250226148547e-05,8.252821295054046e-06,1.1333799375601585e-05,4.611441380883701e-06,9.073799316415058e-06,1.8932105991824824e-06,6.994995233584404e-06,1.876833076545562e-06,6.055621449952115e-06,1.5057658759232496e-06,4.780387099229562e-06,1.4505776892687036e-06,3.681813579421773e-06,1.3488462026096134e-06,2.4735692789822707e-06,1.3459829626263554e-06
2024-04-02,2024Q2,10:00,1.1307462033059434,13:30,1.1277481910825702,14:30,1.1861583895410424,10:00,1.1300460371393468,15:00,1.1195305691810853,14:30,1.1923724541878329,14:30,1.0917511364173065,10:30,1.1307462033059434,1.0898583487079363,1.0811397091933532,1.0907068069839485,1.0544152280724892,1.0681083152124597,1.0556302743316002,1.048265277496245,1.0421917410588943,0.9947884869153379,0.9749448909311852,2.2170837298263675e-05,6.810803607849195e-06,1.927413588552032e-05,6.406930240086126e-06,1.5243215182512597e-05,6.207021450759438e-06,1.2644713066502296e-05,4.610408190069081e-06,1.1153689021336151e-05,3.6570734928032444e-06,9.308597579840329e-06,3.342930692626031e-06,8.612570775700965e-06,2.230439066924429e-06,7.1442070566328085e-06,1.8971861911464615e-06,5.911042734679696e-06,1.879527304455379e-06,4.6341287820487e-06,1.7762703186189223e-06,3.321109340497812e-06,1.7377500066009737e-06
2024-04-03,2024Q2,10:00,1.1309543664517345,13:30,1.132964220244737,14:30,1.185258396257569,10:00,1.135501483148021,15:00,1.137972835147346,14:30,1.1913293290064382,14:30,1.0950215414345101,10:30,1.1309543664517345,1.0900593310639182,1.0812972288303089,1.090864198767618,1.0545790120918719,1.0682496991538752,1.0557994924082126,1.0484192817826443,1.042324193856219,0.994904068420835,0.9750290150178267,2.016536466313999e-05,2.8429602945558724e-05,1.6301588357111954e-05,1.3369808346029009e-05,1.3225015805674477e-05,1.3082620519818127e-05,1.1193798333399484e-05,1.3029026049582352e-05,1.091970613230354e-05,1.1442358877002387e-05,8.473527501652896e-06,1.0729321909120557e-05,8.685424859897147e-06,1.0395043766170553e-05,5.741208389209564e-06,1.0091060442832917e-05,4.4780607992548495e-06,1.0068782481810472e-05,3.5829381371702356e-06,9.734386565270439e-06,2.8238992549901068e-06,9.446659290502123e-06
2024-04-04,2024Q2,10:00,1.1307819853085155,13:30,1.129868609746336,14:30,1.1799412976256833,10:30,1.135274763980891,15:00,1.1011364963985446,14:30,1.1862781792342671,14:30,1.0864816498678076,10:30,1.1307819853085155,1.0900875751696875,1.0812802269215103,1.090801823931285,1.054553272296224,1.0681760926437494,1.055737597348099,1.0482747904741054,1.042122614973754,0.9946581824402483,0.9746989225319057,1.2679814287048748e-05,9.95590862876077e-05,1.0321728995734487e-05,9.95529759418013e-05,8.655823008624266e-06,9.941194206663464e-05,7.718707534207026e-06,9.940908710653723e-05,6.837783138557182e-06,9.833086490611801e-05,6.961030514509001e-06,9.816482323333605e-05,6.049253576733042e-06,9.814655549810835e-05,5.813664917593144e-06,9.78802226831711e-05,8.924064376815635e-06,9.191143953411548e-05,1.7949192597016742e-05,3.7465077783089365e-05,1.861908232476057e-05,1.9723618624873913e-05
2024-04-05,2024Q2,10:00,1.129347438797302,10:30,1.1113112267631997,14:30,1.1632065740734074,10:00,1.094242332319695,15:00,1.1075832974651951,14:30,1.1703680694145253,14:30,1.0600087826756865,10:30,1.129347438797302,1.0884848370438835,1.0794593896090054,1.0887252696089036,1.0523847968246796,1.065770383386565,1.0531070801801783,1.0453927129586067,1.0392215779671425,0.9938809887861172,0.9746676599557361,4.583985864380035e-05,5.154849696866757e-05,4.612415139992762e-05,5.0322721388228616e-05,3.798068415601249e-05,2.5337615115774832e-05,2.9397200471127346e-05,2.5113585271834325e-05,2.4781039159129812e-05,1.539980747573254e-05,2.2363127525847883e-05,1.5182526938521754e-05,1.72760390542115e-05,1.3464357267195983e-05,1.6446222529837115e-05,9.057580968530918e-06,2.364732249747924e-05,1.1409612965340297e-06,1.9649662947529102e-05,1.1184137035574362e-06,1.146539396579794e-05,1.1179627752235941e-06
2024-04-08,2024Q2,10:00,1.1291698483471673,10:00,1.1086611186867383,14:30,1.1738501757509865,10:00,1.090392720539342,15:00,1.116442048396926,14:30,1.1801915114835135,14:30,1.0818059488028504,10:30,1.1291698483471673,1.0883437521603265,1.0796551276132356,1.0887676254819532,1.0525766998506185,1.0659222445508536,1.0531905378762256,1.0456004193390762,1.0399717539695676,0.9946268587167214,0.9752033329416637,2.2683126421093594e-05,1.1298570649011254e-05,1.741770652896338e-05,9.45196531048688e-06,1.3977083090539903e-05,8.733891588824369e-06,1.30270826371335e-05,7.781341306934794e-06,1.367430259655853e-05,5.516238364799249e-06,1.494976956709134e-05,5.425255442745315e-06,1.0303640252518301e-05,2.6855981963073366e-06,8.08889244450852e-06,2.574088750468991e-06,6.331627283027287e-06,2.553372973928613e-06,4.840405005556398e-06,2.5096272615882646e-06,2.900201168268213e-06,2.498884815337372e-06
2024-04-09,2024Q2,10:00,1.1293122431165894,10:00,1.1169199227443376,14:30,1.1743690793704646,10:00,1.0941941631284056,15:00,1.1197367482665308,14:30,1.1806012736248321,14:30,1.0843414225520323,10:30,1.1293122431165894,1.0884600206690942,1.0797388523752176,1.0888614758158324,1.052752769736477,1.0661473977239169,1.0533919883146903,1.045761077827522,1.0400945214552624,0.9947211692943269,0.9752272478126531,2.2295051957142445e-05,4.644858960032185e-05,2.8459647397763612e-05,4.029358491562376e-05,4.083334208989045e-05,2.3496607519132318e-05,3.128325128202043e-05,2.2675057110527335e-05,2.3962318653492172e-05,1.952904179668168e-05,2.05297392484664e-05,1.8952255641812028e-05,1.847571108878662e-05,1.8148762050011733e-05,1.4382545995880497e-05,1.7693431182660318e-05,1.3006986360535553e-05,1.692383228214767e-05,1.0604506387613737e-05,1.6919777933507216e-05,6.5244937802924075e-06,1.6857829679452448e-05
2024-04-10,2024Q2,10:00,1.1288798299263472,10:00,1.104303720855207,14:30,1.1669393419017045,10:30,1.0841156215099421,15:00,1.0885777090156135,14:30,1.1734273778161752,14:30,1.0752789975465935,10:30,1.1288798299263472,1.088209111483441,1.0800234241771405,1.0889972582231768,1.0528288898091769,1.0661553480885146,1.0533746940584112,1.0456384908751168,1.039941143457634,0.9944708671050906,0.9747158360857641,6.252229957306531e-05,2.1856169866538382e-05,5.017762683294159e-05,2.0027133678097535e-05,4.613873464603173e-05,1.982697847521024e-05,3.805442205125616e-05,1.979856372133279e-05,3.648059096068836e-05,1.5435399102553632e-05,3.3920528034168284e-05,1.542842430543732e-05,3.3228933089509156e-05,1.291682217921442e-05,3.2757518642238326e-05,1.2615755988505851e-05,3.581869781036893e-05,1.2591693601797013e-05,2.420207354649999e-05,1.1019730248735647e-05,1.829709155622459e-05,9.959075149702325e-06
2024-04-11,2024Q2,10:00,1.1294223187652064,10:00,1.1302284098124828,14:30,1.170639454313794,10:00,1.0979939316150282,15:00,1.1004730155653668,14:30,1.1765184571636942,14:30,1.089822035598579,10:30,1.1294223187652064,1.0886714650028326,1.080478280594279,1.089336796211281,1.0532812345971916,1.0665841127013098,1.0539030670908491,1.046220362945288,1.0406992733697362,0.9950030508963938,0.9751586360671292,4.9272214901508927e-05,5.794150109317807e-05,5.719081427685099e-05,4.2117322429199154e-05,4.061782503259357e-05,4.064238302466062e-05,3.3416266862739155e-05,4.0219403615401994e-05,2.6117284112626896e-05,2.857943783268382e-05,2.6001471742276604e-05,2.7864588142551567e-05,2.5504562485082317e-05,2.7332540242162717e-05,1.791604000810746e-05,7.882551206122915e-06,1.2670254527045245e-05,7.158635065362782e-06,1.0398795039698461e-05,2.841028018556678e-06,7.288949722842692e-06,2.4344050939551233e-06
2024-04-12,2024Q2,10:00,1.1291907743815255,10:30,1.1314715496660523,14:30,1.1716091757713818,10:30,1.1008476406238175,15:00,1.0965938327946374,14:30,1.177133111671849,14:30,1.0984625454053647,10:30,1.1291907743815255,1.0888560406566579,1.0804177022321197,1.0891229595438892,1.0531921876433716,1.066492920826941,1.0538142399042234,1.0465078459631347,1.040873392495013,0.9953072971563752,0.9754119703877985,5.359874378449972e-05,5.201871334659797e-05,5.4699942218762524e-05,4.376683054480212e-05,5.783796221659813e-05,3.487418291551923e-05,4.317283031376901e-05,2.99050681524177e-05,3.662305330972922e-05,2.9887631316963174e-05,4.01490056548038e-05,2.053212957140691e-05,3.6874572519316894e-05,1.4874023733679718e-05,3.489837461145481e-05,1.1754321838289976e-05,2.7910978127180304e-05,9.449037938989302e-06,2.136945710254284e-05,9.385604651219917e-06,1.3644725483197507e-05,5.459606265933091e-06
2024-04-15,2024Q2,10:00,1.1291172150112592,10:30,1.1290240926056003,14:30,1.1771080880954838,14:30,1.1068580553418395,15:00,1.0957857332435608,14:30,1.1820841856488318,14:30,1.1115371784544852,10:30,1.1291172150112592,1.08897062470599,1.0807880482901644,1.0893409059816572,1.053307095672496,1.0669403009907177,1.0543844399565565,1.047179476022998,1.0414761082632633,0.9957904034130898,0.9758406537211236,3.6740312813932e-05,0.0001011726517863308,4.5003997667235544e-05,7.959658122017433e-05,4.931810638091632e-05,7.141088704893722e-05,3.747581524510903e-05,7.053161589769887e-05,3.2164809821537823e-05,6.836478089495288e-05,3.496447702832303e-05,5.695693124201162e-05,3.203029660775102e-05,5.5802782140286076e-05,5.16029374980788e-05,9.3925883749286e-06,3.5246765339948684e-05,9.165742992512797e-06,2.410044607454066e-05,3.5621531379004237e-06,1.5414487623440922e-05,3.5621375316077347e-06
2024-04-16,2024Q2,10:00,1.1280098344284935,10:30,1.107115670720499,14:30,1.1911815270710304,14:30,1.1316107388589443,15:00,1.1115634507404655,14:30,1.1952263906492133,14:30,1.1354533194885699,10:30,1.1280098344284935,1.0882936047321263,1.0802768674880567,1.0885330487118556,1.0524186820705719,1.066308652086279,1.0536645094079373,1.0484205172546288,1.042332814250895,0.996615818049344,0.9764557079623456,8.933283461836057e-05,5.945621911886763e-05,8.571619254104222e-05,5.427900200980222e-05,7.656155011664802e-05,5.4141728226597583e-05,6.283207720271678e-05,4.922700470136779e-05,6.415028972684915e-05,4.9190987498479135e-05,6.086331717227022e-05,4.90236436691894e-05,5.937554291429218e-05,4.901347898217376e-05,5.1664697689765084e-05,4.879598173369905e-05,3.089289736705433e-05,4.843697179422016e-05,2.665882501903951e-05,4.504735834774045e-05,1.6748596664257505e-05,1.7015717046920567e-05
2024-04-17,2024Q2,10:00,1.1283277317326406,10:30,1.1280254778807852,14:30,1.178807844316829,13:30,1.1178785898025358,15:00,1.095831939135266,15:00,1.1882196000406218,15:00,1.1077681637486423,10:30,1.1283277317326406,1.0887260795416687,1.080608131540288,1.0887226609498888,1.052694435407272,1.0665186378725497,1.053871879392848,1.048435530093389,1.0416807074944705,0.9958847841927378,0.9764625798528619,5.559025715135053e-05,4.20620496073294e-05,4.976732524662013e-05,3.853618286851425e-05,4.822565259769537e-05,3.0070706794777333e-05,4.6736200282948545e-05,2.7798194538784242e-05,4.5275097102702184e-05,2.7099161532725322e-05,4.4689503869678456e-05,2.080629827467973e-05,3.969616212237681e-05,1.9461035913633858e-05,2.8412465138445364e-05,6.423259801454997e-06,2.2596737296745648e-05,4.589624574294062e-06,1.6794544712681335e-05,3.4614839930070787e-06,1.5119318189080792e-05,3.1842863660398733e-06
2024-04-18,2024Q2,10:00,1.128443744884055,10:30,1.1384063192897844,14:30,1.1816657068103142,13:30,1.134760872779174,15:00,1.0963565733252696,15:00,1.192460985989709,15:00,1.127827162970578,10:30,1.128443744884055,1.0888527978598526,1.0808963018928783,1.0890602299743721,1.053067232750286,1.0670684248064526,1.0543862079353807,1.049078602368088,1.0422735274211554,0.9964197662633042,0.9770806781999042,5.832439503208685e-05,3.139447012238848e-05,4.754085562499313e-05,2.813796576914785e-05,4.058840614368022e-05,2.101407790703752e-05,3.7042391780637956e-05,2.092466102889904e-05,3.166911894002899e-05,2.0440812479966858e-05,2.685624861769131e-05,2.0134760420426545e-05,3.0143495328960177e-05,6.3126328516063995e-06,2.8190778047804714e-05,5.09490814644757e-06,2.3271763661086903e-05,3.821185834672199e-06,1.793062183495951e-05,3.77209501588792e-06,1.1598322822588775e-05,2.5922210290175017e-06
2024-04-19,2024Q2,10:00,1.1287703211541025,10:30,1.1382010973297212,14:30,1.1866105682276862,13:30,1.1527028499761456,15:00,1.1051247232180845,15:00,1.1971796234617753,15:00,1.1429263991417746,10:30,1.1287703211541025,1.089126852812464,1.081223609746161,1.089352228532254,1.0532929184874245,1.067199607178067,1.055015719766652,1.0497562124213184,1.0429152873339123,0.9969877188588284,0.9775471761304803,7.201733541211724e-05,5.7237102658149865e-05,6.145025284137044e-05,5.064651015261354e-05,4.937279015745455e-05,5.0541512667073645e-05,4.4447575778367736e-05,4.855675620769103e-05,3.947339559855553e-05,4.6339510733019886e-05,4.1955058313176716e-05,3.193228072186208e-05,3.449960465456496e-05,1.8305933069495053e-05,2.9839454522029596e-05,1.7319328134060882e-05,2.5625641113707623e-05,1.5133254699831981e-05,2.0372701379510464e-05,1.6683704431816676e-06,1.6503248046962115e-05,2.5270199046842304e-07
2024-04-22,2024Q2,10:00,1.1288759173304355,10:30,1.1433623030570759,14:30,1.2000412290479658,13:30,1.160586540100146,15:00,1.1237746928335914,15:00,1.2091924945542987,15:00,1.171248390549713,10:30,1.1288759173304355,1.089228749271751,1.081127125859328,1.0891793455523302,1.0530854214598022,1.0673918423013917,1.055422549449847,1.050101824062884,1.0432426039613432,0.9977374573110466,0.9783836862898048,4.4551070875760875e-05,4.079064673870573e-05,4.362334477355287e-05,3.562477421732668e-05,3.655443806138242e-05,3.536441825227867e-05,2.9472641882353034e-05,3.511817616374265e-05,2.451753055865014e-05,3.1181069665423304e-05,2.4206060011202037e-05,3.070045705797165e-05,2.0254165382747972e-05,2.9028404781690294e-05,1.8329495997149416e-05,1.8612005377993858e-05,1.5904839331867204e-05,1.0549939787618074e-05,1.0050078182109528e-05,8.84582251584086e-06,7.636359820755532e-06,6.677523054474243e-06
2024-04-23,2024Q2,10:00,1.1288546031439546,10:30,1.1396442043628234,14:30,1.1978848192001197,13:30,1.157985163068676,15:00,1.1145212146412495,15:00,1.2050302795490138,15:00,1.1711522789945379,10:30,1.1288546031439546,1.0893067868285673,1.0810964291228118,1.0889998481174892,1.0529006539702863,1.0671830117873635,1.0551446156383486,1.0500658252225628,1.0434054477348762,0.9977864999826925,0.9784404340740807,3.706550112004129e-05,1.5883512592233755e-05,3.334764583584919e-05,1.020719687110497e-05,2.855798780655854e-05,7.629097992999385e-06,2.6614638575081285e-05,7.239990487655011e-06,2.3592538873580893e-05,6.122855072822664e-06,2.0038028021883987e-05,2.3701604528906415e-06,1.711576297522201e-05,2.324749382944367e-06,1.3758532145132166e-05,2.24952825204008e-06,9.528881342943673e-06,6.87388202537729e-07,7.237075230457832e-06,6.743252087003634e-07,4.422659388525778e-06,4.931585802743459e-07
2024-04-24,2024Q2,10:00,1.1291270785796144,10:30,1.1414900618313812,14:30,1.1980033960430705,13:30,1.1669364548518815,15:00,1.0936025325533765,15:00,1.2047126230359084,15:00,1.1779404534448625,10:30,1.1291270785796144,1.0896666346804933,1.0814677049567674,1.0893828271732953,1.0532814243163362,1.0676099617956547,1.0555370852784502,1.0504034610085589,1.0436983607104298,0.9980494480046792,0.9786431100746869,3.3538004510141666e-05,3.450562549619148e-05,2.8277825506840125e-05,3.449669180447099e-05,2.5962685919197607e-05,3.008116675423835e-05,2.2771213605982938e-05,2.844926297476005e-05,2.4118787367896876e-05,2.5597387391303205e-05,2.070235381589468e-05,2.515807703227505e-05,1.8388308648375596e-05,2.4881513370409067e-05,1.35135218163179e-05,2.2174468898322322e-05,1.1021195732002067e-05,1.612326129255929e-05,9.220050834062135e-06,8.893566605691318e-06,5.845557607391536e-06,7.567606696046001e-06
2024-04-25,2024Q2,10:00,1.1290498929706305,10:30,1.1307328945975255,14:30,1.2098272601690914,14:30,1.1631841891699353,15:00,1.0814605908649182,15:00,1.2164272626454902,15:00,1.1728041131526967,10:30,1.1290498929706305,1.0895159722062315,1.0813476856034754,1.089214831287203,1.05321833523383,1.067459922991341,1.0553264394131645,1.0501139441928924,1.0435054429708666,0.9980632161794063,0.9785628746241478,4.835471176163907e-05,6.360077418523251e-05,4.0053328348857677e-05,5.596390447193485e-05,3.343645084815028e-05,5.017806409654701e-05,2.8382239059374307e-05,4.349620574565001e-05,2.506307682080869e-05,4.216338476056023e-05,2.740920963183693e-05,3.723748512404662e-05,2.411824753659507e-05,3.644834195078107e-05,1.663807273794002e-05,3.636649132425232e-05,1.3667933806452946e-05,2.3074766331971123e-05,1.3415246865002352e-05,1.4579016894730824e-05,7.494771193704862e-06,1.3916714093839965e-05
2024-04-26,2024Q2,10:00,1.1287163918749457,10:30,1.1210900227092053,14:30,1.2048683501094795,14:30,1.1589077573209365,15:00,1.080361858788356,14:30,1.2072614173502019,14:30,1.1612095392449218,10:30,1.1287163918749457,1.0891778041935765,1.080967584444097,1.0888270209607216,1.052789388881917,1.0671594602072696,1.0549430616842017,1.0494765704836089,1.0431598253398808,0.9980177721193352,0.9782482308314656,4.3119493117777736e-05,1.3846026985835132e-05,3.5155520664322405e-05,1.3571391960388621e-05,3.1624241028210785e-05,1.190198800120569e-05,2.9813240686054465e-05,1.0653124721273615e-05,2.3622451664208142e-05,1.0132356463474908e-05,1.8632527271604603e-05,9.83769462294764e-06,1.5001046376275229e-05,7.954334293420838e-06,1.2386104456436669e-05,7.93912638434659e-06,1.0013067427777956e-05,7.803772639105537e-06,7.672019702218693e-06,6.909516566764599e-06,5.01137195884715e-06,6.226746378857308e-06
2024-04-29,2024Q2,10:00,1.1291072276576408,10:30,1.1285703734212722,14:30,1.2023813744308336,14:30,1.1585017637539914,15:00,1.0712200278515402,14:30,1.2047320149698215,14:30,1.1607666202032674,10:30,1.1291072276576408,1.0895070679784138,1.0813099195179037,1.0891988120318155,1.05307659907189,1.0673574633310883,1.05511965092609,1.0495964458028948,1.0432219725224539,0.9980488270339136,0.9781927594352292,2.399263509211503e-05,1.7415365872522334e-05,1.7395384974547692e-05,1.577026613796408e-05,1.4576411453401202e-05,1.519800194983209e-05,1.1845060804190563e-05,1.4964664516205355e-05,1.0548213602414713e-05,1.4947986904492174e-05,9.327127653017411e-06,1.421802141691771e-05,8.7396890454284e-06,1.4081574215322502e-05,7.322794522098218e-06,1.3175963721696357e-05,5.281907369025888e-06,1.2948714569087666e-05,4.4071933415631475e-06,1.1993028942711016e-05,5.019215409676527e-06,1.1929332530561501e-05
2024-04-30,2024Q2,10:00,1.129168754088082,10:30,1.1168773799116207,14:30,1.1960205528205328,14:30,1.1470616326687848,15:00,1.047378852600382,14:30,1.1987219841423773,14:30,1.1496524813086932,10:30,1.129168754088082,1.0895105185992817,1.0812760333713867,1.0891079133576518,1.052961507589325,1.0672151449790956,1.0549562576553604,1.049404129841823,1.0429490557270904,0.9977464071256045,0.9778513884899498,2.0815168491005917e-05,5.843563731782902e-05,2.0387219738376044e-05,5.5373396751540055e-05,1.528743748715738e-05,5.499197510893486e-05,2.1985334503446308e-05,4.243090274011831e-05,1.9751519501243586e-05,4.221710949124489e-05,1.7530978109489425e-05,4.220540391298661e-05,1.710678710679512e-05,3.470401450876646e-05,1.5414589641175372e-05,3.467971078654966e-05,1.1277069527105465e-05,3.174386779818489e-05,7.911785620398904e-06,2.8705774195081264e-05,5.5740593932003005e-06,2.7995060166290558e-05
2024-05-01,2024Q2,10:00,1.1285272970057965,10:30,1.1159406477849072,14:30,1.180599618900723,14:30,1.1175929375317717,15:00,1.0368630525227396,14:30,1.1842490028125077,14:30,1.121047559760051,10:30,1.1285272970057965,1.088865742771054,1.0804709090812306,1.0886139670146344,1.0524145822667363,1.06654637770517,1.054435840493715,1.0487847084901532,1.0422255926640591,0.9969183981551872,0.9767338602518155,0.00010803181900812197,0.00024265733969286085,9.912253297447047e-05,0.00024265376524527167,9.670471137206417e-05,0.00024167175161894422,9.349510057930913e-05,0.00024056358057542146,9.319819668585266e-05,0.00023931008388241426,9.754978427543492e-05,0.00023656454675818553,0.00010121838867662136,0.00023500099568047087,0.00010366426250099792,0.00023465339428975642,0.00010581301133717107,0.0002344509187631246,8.316169040123917e-05,0.00021613241933666417,3.214201360952552e-05,0.00014806987076416408
2024-05-02,2024Q2,10:00,1.1261805956973718,10:00,1.0513642786924327,10:30,1.111169732250561,10:30,1.0370473386948527,10:30,0.9644545441107961,14:30,1.1096238625947754,14:30,0.9756860101194981,10:30,1.1261805956973718,1.086211092994293,1.077487401638531,1.0851975598024772,1.0489202477574124,1.0628059163286148,1.050549294236261,1.0446079824602241,1.037669778154874,0.9916788665178058,0.971011364477897,5.5418262446210486e-05,2.2095322220625908e-05,5.68917071615757e-05,2.2094435642346323e-05,4.38192641198628e-05,2.1415536592991846e-05,3.824945917478074e-05,2.1221375615287872e-05,2.9653957857449552e-05,1.985069740889336e-05,2.7569055472435686e-05,1.9035602391857055e-05,2.2098980466864362e-05,1.9033139625507708e-05,1.986716008836542e-05,6.055494078561141e-06,1.412935254358917e-05,5.833801416114812e-06,9.366627589215822e-06,4.416300495524878e-06,7.328565152184722e-06,7.248256058674743e-07
2024-05-03,2024Q2,10:00,1.126612610779898,10:00,1.0609152629186245,10:30,1.1155818414282272,10:30,1.0494387948878205,10:30,0.9702045783759915,14:30,1.1096557181001991,14:30,0.9803890747781051,10:30,1.126612610779898,1.086739801346581,1.0778636864484128,1.085506229539,1.0491146884510703,1.0629831908790628,1.0506050480235805,1.0450049960135432,1.037935299733851,0.9918763301970466,0.9713483822149536,4.6466905237326456e-05,2.245868071771859e-05,4.053097229241421e-05,8.036746789387893e-06,3.3406532241314815e-05,6.940204623884894e-06,2.6260506847078145e-05,5.708720289848796e-06,2.2573456018019392e-05,3.2081522113833248e-06,2.008562205960243e-05,2.7701853910081076e-06,1.6530469948056763e-05,2.6177541290498382e-06,1.1916726751247036e-05,1.8257308752529397e-06,9.388803160988638e-06,1.7065471946115542e-06,6.587272988264106e-06,8.70850785790364e-07,4.7057380503991485e-06,6.296727231677626e-07
2024-05-06,2024Q2,10:00,1.1269119581325424,10:00,1.063410880203848,10:30,1.1208474483551578,10:30,1.0612385085891198,10:30,0.9762478491277772,14:30,1.1104895422100671,14:30,0.985739497658789,10:30,1.1269119581325424,1.0872508369453717,1.0783339029295333,1.0859130821109921,1.049537518436031,1.06339726724841,1.0509702316970753,1.0452984210783909,1.0381857397570529,0.9921029447127303,0.9715566530236008,1.825924680242118e-05,1.1857275086259959e-05,1.6020206110933492e-05,1.1813420326137725e-05,1.3132270098363738e-05,1.1811763373336426e-05,1.1237329975858477e-05,1.1647532638391689e-05,1.0256424269738367e-05,1.1399223202609993e-05,9.297744191607793e-06,1.1208885647337025e-05,7.666702560004423e-06,1.008875592777979e-05,6.655024116584236e-06,1.0061626613417557e-05,4.975295667063874e-06,9.745950530319591e-06,3.767281159482018e-06,8.119349733384625e-06,2.3942005410244234e-06,8.044939982353728e-06
2024-05-07,2024Q2,10:00,1.126981210355278,10:00,1.0491917399184034,10:30,1.1221335124041107,10:30,1.0625275916605375,10:30,0.9577227684371558,14:30,1.105515995144779,14:30,0.9818424332021365,10:30,1.126981210355278,1.0873018720412801,1.0783410699220237,1.085884478956546,1.0494999400325573,1.0633339503468662,1.0508924395517287,1.045185222579597,1.0380167144562118,0.991933223405043,0.9712809482858229,1.734663959384789e-05,1.2008459105141568e-05,1.4151629213160421e-05,1.1947572227858062e-05,1.2063213453421916e-05,9.151984015393263e-06,1.1283649917999135e-05,9.083467653924218e-06,9.198256196615152e-06,9.056070566163213e-06,8.194214153275787e-06,8.97494420879063e-06,8.25740515537557e-06,8.571385078632884e-06,6.36597202757717e-06,7.558122236821175e-06,9.128864171644269e-06,4.516466765994573e-07,6.086529588948302e-06,2.9529017896962207e-07,3.541487327152501e-06,1.9029267987301883e-07
2024-05-08,2024Q2,10:00,1.1270351268808698,10:00,1.0443068327756622,10:30,1.114544852524467,10:30,1.0630703240542814,10:30,0.953900152940217,14:30,1.0985498608996813,14:30,0.9873248029304377,10:30,1.1270351268808698,1.0873205244146722,1.0783808517763704,1.0859132628237333,1.049493204960438,1.063301374674339,1.050872568722464,1.0451402838948696,1.0383013341572722,0.9921625380200113,0.971451633019647,1.5689095585856625e-05,5.627048819634794e-06,1.3792121192864307e-05,5.016333224028812e-06,1.2902060802726365e-05,4.173982229285497e-06,1.109421274320045e-05,3.6344510040993225e-06,1.0266560438405051e-05,3.3213905104319882e-06,9.346060788604703e-06,3.3138444114392025e-06,9.778912234458149e-06,3.1794118044010604e-06,7.715779512888062e-06,2.827993884434468e-06,5.160027493730344e-06,7.271397954506344e-07,3.5220947570688312e-06,5.828221516937948e-07,2.6371156175170276e-06,3.3913004143239463e-07
2024-05-09,2024Q2,10:00,1.1271672762004203,10:00,1.0426716076081488,10:30,1.1094980113765436,10:30,1.0662502967861356,10:30,0.9523217704241207,14:30,1.0924744833849096,14:30,0.9901445285088354,10:30,1.1271672762004203,1.0874544649101219,1.0785331490665195,1.0860581291700107,1.0496423958231713,1.0634419484288897,1.0510430739280414,1.0452797512037282,1.0384461059323518,0.9922790541012306,0.9715689749027641,1.5341044123815398e-05,1.0542415437321891e-05,1.309591003037967e-05,9.807786691759908e-06,1.2338205992065025e-05,5.651822600780201e-06,9.699301211692258e-06,5.502787005774343e-06,9.918724389990336e-06,2.9946752469716955e-06,7.429395029087384e-06,2.627783268722493e-06,6.5690223455902526e-06,1.9979700578042907e-06,5.518539943066352e-06,1.7582011656533507e-06,3.893874777106699e-06,1.5165916974260773e-06,3.2372227732127683e-06,1.300621335149416e-06,2.265245824709087e-06,6.632973748292604e-07
2024-05-10,2024Q2,10:00,1.1272161572254553,10:00,1.0388152663606036,10:30,1.10645056846401,10:30,1.0672493279814095,10:30,0.9494306142449537,14:30,1.0921332664239858,14:30,0.9920355772929801,10:30,1.1272161572254553,1.0874935013188425,1.0786463060642468,1.0861335778753374,1.049791458111208,1.0635538436753578,1.0511614318443825,1.0453875875140088,1.038522315399717,0.9923560975403606,0.9716513880402093,1.5550966411153324e-05,1.3568009681369584e-05,1.5402618842246465e-05,3.0727329552537245e-06,1.3900925879510961e-05,2.780717011043284e-06,1.162898355816749e-05,2.7679387526029415e-06,1.0419782317924634e-05,2.6774110858046456e-06,8.881141281353436e-06,2.672377015568984e-06,7.230769653278038e-06,2.499325848102198e-06,5.983103239980874e-06,1.7974501043890198e-06,5.3316794317570515e-06,2.833207865017466e-07,3.3065022320271826e-06,2.561876823425976e-07,2.384089379525067e-06,5.0183628057431145e-08
2024-05-13,2024Q2,10:00,1.1272197878080248,10:00,1.037084923840392,10:30,1.105700209477239,10:30,1.071885211226793,10:30,0.950760335597465,14:30,1.091703412445061,14:30,0.9950152279563732,10:30,1.1272197878080248,1.0876872137640266,1.078843905598197,1.0863083127341215,1.0499588518055993,1.0636996253179631,1.0512833438926725,1.0455078204157362,1.0386878614769408,0.9924768978899834,0.9717701321516178,1.2691712876297716e-05,1.881402637952683e-06,1.0520168578373233e-05,1.869101188095127e-06,9.720582778406933e-06,1.198707237811403e-06,8.62380312765515e-06,8.164013563456597e-07,7.551709469511323e-06,7.661834539862118e-07,6.5052213679408614e-06,5.499195943274e-07,5.772782936256311e-06,3.628531979202747e-07,5.9623418471388045e-06,1.9653286103133665e-07,4.099859890699454e-06,1.025957624265071e-07,2.851956527534419e-06,6.368364544306726e-08,1.6555498955841015e-06,3.0566517301656073e-08
2024-05-14,2024Q2,10:00,1.1273691833236559,10:00,1.0373387790199484,10:30,1.1047464100079787,10:30,1.075175619314941,10:30,0.9502057889322504,14:30,1.0918043138489364,14:30,0.99776656827296,10:30,1.1273691833236559,1.0878235221654315,1.0789966556570532,1.0864650967207925,1.050107283798319,1.0638425407565795,1.0514261157083364,1.0456764726119145,1.0388190931130477,0.992587268549715,0.9718528011977486,2.5055710501445425e-05,1.5113395587414882e-05,1.6501832382704416e-05,1.1271386286474688e-05,1.387477471374655e-05,1.0387117429349126e-05,1.0723478997647162e-05,1.0275171804166443e-05,1.0645880360870145e-05,7.80828094791784e-06,8.877552668954082e-06,7.717919629921238e-06,7.094451248662203e-06,7.717555712199336e-06,5.075727677829621e-06,7.675548228091982e-06,3.802781820291661e-06,7.504621144514219e-06,3.9801133248659886e-06,3.5956043507248415e-06,3.833661102700412e-06,1.4076411240703645e-07
2024-05-15,2024Q2,10:00,1.127482465195798,10:00,1.0434599906011235,10:30,1.1097556243958189,10:30,1.0768802528433827,10:30,0.9518297798226826,14:30,1.0954542768853712,14:30,0.9981834507123608,10:30,1.127482465195798,1.0878916153392162,1.0790449892101426,1.0864561795004881,1.0501610914952684,1.0638586367663898,1.0513991101144888,1.0455900572332768,1.0386878982037877,0.9926035388345376,0.9720407732309906,2.0846994890948708e-05,9.591131062644773e-06,1.443920770654454e-05,7.6101469652292116e-06,1.1595382321846075e-05,5.5321043586395775e-06,1.1317768093351805e-05,2.680048608540557e-06,9.93577378318392e-06,2.5964616357011013e-06,8.650297182866893e-06,2.5563217615995334e-06,7.62372319716745e-06,1.5503350310430641e-06,6.091597841028705e-06,1.2983383078294844e-06,4.7325459015561106e-06,1.2013855182912299e-06,3.968029487602129e-06,1.1986001796245538e-06,2.2073693495310836e-06,1.198596786446611e-06
2024-05-16,2024Q2,10:00,1.1276242107498362,10:00,1.0484382828413574,10:30,1.106627335623806,10:30,1.079328139212279,10:30,0.9547880768636746,14:30,1.0945510348866767,14:30,1.0009747947924366,10:30,1.1276242107498362,1.0879905212577237,1.0791469336334003,1.0866264771065037,1.0503196467778482,1.0640017692121164,1.05155779510598,1.0457287092822647,1.0388023825179584,0.9927134747666296,0.9720937664268984,1.1222052786371894e-05,1.4456929106635268e-05,9.237912436297577e-06,1.3847348924496318e-05,9.227193891471675e-06,1.233642420691254e-05,8.581441386211631e-06,1.2270175779870856e-05,7.1897339358124985e-06,1.201841566086524e-05,7.0109548908330035e-06,1.141812256505606e-05,5.55433911004796e-06,1.1265059609250585e-05,9.912076297722112e-06,8.128138130936999e-06,6.288139645751433e-06,7.918651708285539e-06,4.829815364713028e-06,6.7936814573066274e-06,2.4911079204203355e-06,5.455892387779e-06
2024-05-17,2024Q2,10:00,1.1275524576507212,10:00,1.0423477177627762,10:30,1.1081478894477925,10:30,1.0770780072550812,10:30,0.949275174273319,14:30,1.093592375635453,14:30,0.9990383209479387,10:30,1.1275524576507212,1.087896971763822,1.0790729176953335,1.086530237111252,1.050200175956146,1.0638778040082093,1.0513912749133834,1.0457700615804537,1.0387387362102234,0.9926377445702311,0.9719508076757761,1.3858638731903123e-05,7.175486018725148e-06,1.0487568829276757e-05,6.808733415570061e-06,8.749436090284655e-06,6.7950526926152215e-06,7.565997451820692e-06,6.325920795284547e-06,7.01758132723282e-06,6.311786468888537e-06,5.8785760590800095e-06,6.1166809715282275e-06,5.587873366594429e-06,5.981203685027894e-06,4.506520991653457e-06,5.946297960425865e-06,3.4237462477532318e-06,5.943699605785746e-06,5.5748064393887955e-06,3.5730938878859144e-06,3.0246151718319747e-06,5.792360020034808e-07
2024-05-20,2024Q2,10:00,1.1276339199642784,10:00,1.043341547637924,10:30,1.1063500059469342,10:30,1.0783317180937217,10:30,0.9494963691098283,14:30,1.0921205104007408,14:30,1.0011015322207915,10:30,1.1276339199642784,1.0879464126940714,1.0790985866247764,1.0865442651145205,1.0502087268456002,1.063862634347354,1.0513727318285504,1.0457199427208788,1.0386484232229463,0.9927179594923551,0.9720759265275661,1.133769685710572e-05,4.8855619469926355e-06,8.650390169731784e-06,4.85634840400916e-06,7.892529805091398e-06,4.84717507679167e-06,7.002622641340312e-06,4.770935485919039e-06,6.4867025139694345e-06,4.2690756927816435e-06,5.492006057889314e-06,4.146806574515825e-06,4.104030658480496e-06,3.628473193618523e-06,5.359109181785897e-06,1.2098419684944608e-06,4.283649848381316e-06,1.1553489340423985e-06,3.439003682793672e-06,1.1332283510871409e-06,2.3486446852505626e-06,9.098528109549745e-07
2024-05-21,2024Q2,10:00,1.1277162334591468,10:00,1.0412311000066015,10:30,1.1070438923804116,10:30,1.0797009592104543,10:30,0.9471186873344231,14:30,1.0973054094805497,14:30,1.0034739402609567,10:30,1.1277162334591468,1.0880004490355375,1.079146800888346,1.0865810945893561,1.0502527648566766,1.0638886944730641,1.0513803830057284,1.0458397933444328,1.0387496822074338,0.9928094829238905,0.9721503449666409,1.0029281853919678e-05,6.126678184095609e-06,7.523877325011333e-06,5.032980174837505e-06,6.983838888681235e-06,4.5156435013601065e-06,6.612799022878063e-06,4.468018425597249e-06,6.2627279335226775e-06,3.56429493721277e-06,4.966296701872391e-06,3.4402771446827467e-06,5.0084584625788054e-06,3.2686065854325916e-06,3.859862818332278e-06,3.17319980189857e-06,3.374324010865567e-06,1.6907036576880906e-06,2.4843043398801153e-06,1.115759396789232e-06,1.6108304634823725e-06,1.1129769490553895e-06
2024-05-22,2024Q2,10:00,1.127760293375405,10:00,1.040384030544265,10:30,1.108932078333624,10:30,1.0805467300036138,10:30,0.9464043851676563,14:30,1.0956224229138922,14:30,1.0048961371646967,10:30,1.127760293375405,1.088033314777461,1.079185029323077,1.0866166885566684,1.0503081424987932,1.0639201998336307,1.0514219731800938,1.0458556356440813,1.0388028136479492,0.9928639259455925,0.9721772224196726,8.717754447723556e-06,2.6045637971535943e-05,7.048697876867806e-06,2.6011013416885345e-05,5.999339624797258e-06,2.5999934388984927e-05,5.8305053530180144e-06,2.597733411956868e-05,6.3341021788258e-06,2.5563789233096776e-05,5.584465811160777e-06,2.517409082180058e-05,5.429702389996087e-06,2.508806346935432e-05,4.085079601482605e-06,2.508058373005632e-05,8.594764017585377e-06,2.1958295806712515e-05,1.054936130202325e-05,5.645112930867795e-06,5.4661559001294605e-06,3.699750244993508e-06
2024-05-23,2024Q2,10:00,1.127468720602027,10:00,1.0284341799814016,10:30,1.1063295567977671,10:30,1.072020819111089,10:30,0.935484116707365,14:30,1.1026828615007027,14:30,1.010014777426552,10:30,1.127468720602027,1.087692407161372,1.0787857016856954,1.0861634433752332,1.049857434677089,1.0634092087200624,1.050868079196746,1.0452078585262272,1.0383363734029467,0.9930594377004489,0.9722722092336896,4.012836977744583e-05,6.224973406669806e-05,2.496041131812312e-05,6.156979852570065e-05,2.558272537061793e-05,5.451015812383796e-05,1.7307958511134015e-05,4.63937241970658e-05,1.2769856478965177e-05,4.504763645869276e-05,1.0873824894940617e-05,4.501163094849467e-05,1.464972884143405e-05,3.5428535500691926e-05,1.1833446509877829e-05,3.540226529643251e-05,1.792910485007021e-05,7.45356663279355e-06,1.4070077640365981e-05,3.884105833686736e-06,8.2087753207134e-06,1.732296671371821e-06
2024-05-24,2024Q2,10:00,1.1270448189629638,10:00,1.0216651149024427,10:30,1.0986866651430376,10:00,1.0598018361987287,10:30,0.9251082295831639,14:30,1.104763604501751,14:30,1.0206754935239728,10:30,1.1270448189629638,1.0870192085628645,1.078184896311142,1.0854945677548153,1.0490997371618074,1.0625184926271765,1.050271578040213,1.0444723975643504,1.038670638351147,0.9934632051472903,0.9726037096648248,2.4713929886208323e-05,1.2368007297347435e-05,1.528701954778709e-05,6.269700421320603e-06,1.3352027105607255e-05,5.619935309492577e-06,1.2644122861425968e-05,3.68333007433379e-06,1.1833376641160048e-05,3.4338622650681193e-06,9.273168123931463e-06,3.065497743635137e-06,9.073709242494278e-06,2.2123573921772186e-06,6.553742499470942e-06,1.7991274417086716e-06,4.546168016908391e-06,1.7845921586012979e-06,4.308278584409683e-06,1.6901209255141775e-06,2.2220002219629874e-06,1.3613696349760104e-06
2024-05-28,2024Q2,10:00,1.1271967536210332,10:00,1.0231067363530675,14:30,1.0975804133735259,10:00,1.0638711131397074,10:30,0.9252030822486655,14:30,1.104686704243242,14:30,1.0234175968267933,10:30,1.1271967536210332,1.087154956676863,1.0783167679515084,1.0856693571222302,1.0492803685812946,1.0626633395262266,1.0504498796670196,1.0446089850143598,1.0387589597762628,0.9935671436594466,0.9726493288082003,1.64826411418665e-05,1.0162237266918805e-05,1.0756992834694124e-05,9.916337889139065e-06,8.951814964456064e-06,9.657564046842872e-06,7.837570725906569e-06,9.657474288130494e-06,7.049692072599776e-06,9.610562087466443e-06,6.523675961818291e-06,9.427703770275173e-06,5.978032292989808e-06,9.42511523728636e-06,5.12058895392926e-06,9.232266358168832e-06,6.484886519835056e-06,7.203851553259151e-06,5.493837115923485e-06,6.3192093198332196e-06,4.056003851423001e-06,6.3150735679093655e-06
2024-05-29,2024Q2,10:00,1.1272676412127132,10:00,1.0213869196329877,10:30,1.0977228714979426,10:00,1.0658743173997716,10:30,0.9234126712120615,14:30,1.0996271029731295,14:30,1.0224222456099803,10:30,1.1272676412127132,1.087154578529876,1.0782903338881722,1.0856158494453108,1.0492137894246663,1.0625792148153583,1.0503462923601057,1.0444768477428317,1.0387262252781129,0.9935361295659985,0.972543365979508,1.808000187515585e-05,1.0246671641422229e-05,1.6529562987655207e-05,9.024523775150095e-06,1.4833870434284644e-05,8.776238298561035e-06,1.398528984148604e-05,7.763498744118934e-06,1.288681022816388e-05,7.732396645247598e-06,1.1545796639746453e-05,7.54894406386383e-06,1.0592277119379503e-05,7.240797534706587e-06,9.134283715271504e-06,7.137076616080448e-06,7.848227744969859e-06,7.104675782080569e-06,5.034310515417839e-06,6.518597222694311e-06,4.552727589140802e-06,5.7999063215957146e-06
2024-05-30,2024Q2,10:00,1.1273596847843301,10:00,1.0208505106401247,10:30,1.0978225660017717,10:00,1.0684214080053618,10:30,0.9234211699356095,15:00,1.1060380835147303,14:30,1.0207239619732886,10:30,1.1273596847843301,1.0872622009304769,1.0783874153279456,1.0857281551112414,1.0493185145543136,1.0626640377424532,1.0504251560689464,1.0445259056243166,1.0387415829952127,0.9934791469442028,0.9724881276013545,1.855438249180818e-05,1.0400493197192091e-05,1.7113094234194053e-05,8.947554178705859e-06,1.578579871964168e-05,7.330418339286241e-06,1.5028939887402198e-05,7.330418339286241e-06,1.2081835460456029e-05,6.8797511660650876e-06,1.088588403550348e-05,6.403737029156826e-06,9.450828090993964e-06,5.188225434801745e-06,8.500502338307346e-06,4.772365973686524e-06,6.199028839345222e-06,4.626210839046191e-06,5.799526205017405e-06,3.4072339471016937e-06,3.683223545760976e-06,3.3592126254552255e-06
2024-05-31,2024Q2,10:00,1.1274559437257514,10:00,1.0242131207048033,14:30,1.100349773947209,10:00,1.0710888445974132,10:30,0.9272891871264686,14:30,1.1074657543970388,14:30,1.0232392977758344,10:30,1.1274559437257514,1.0873804788343604,1.0785298545009354,1.0858710160809368,1.049425174064986,1.0627622368479004,1.0505307792688192,1.0446285659207308,1.0387872671619156,0.9935745368002786,0.9725092676456305,2.839696982834489e-05,0.00011244125565241097,2.930545574894317e-05,9.727979615524156e-05,2.3136734245040646e-05,9.7023835067708e-05,2.0949438732396057e-05,9.545452693803606e-05,1.674654706437078e-05,9.457628261880664e-05,1.7088366055649124e-05,9.17322339828011e-05,1.4065345019801559e-05,8.993007234403605e-05,1.1831783507658676e-05,8.355843647291012e-05,9.237692591856641e-06,8.355798890632055e-05,6.388897835698044e-06,8.355053934122511e-05,5.528095312746633e-06,8.193682588986412e-05
2024-06-03,2024Q2,10:00,1.1260715315711516,10:00,1.0042716541190575,10:30,1.0819472029066992,10:00,1.0390418703092528,10:30,0.9086397634117434,14:30,1.0658027890807824,10:30,0.9533498646693284,10:30,1.1260715315711516,1.0861575278800486,1.0770592647790507,1.0842031292058163,1.047619287349657,1.060831778716153,1.0484130669236358,1.0424305453691545,1.0362516289175983,0.9905572870679914,0.9687603173336226,2.255761582520481e-05,5.283101296336955e-05,1.6453518080351382e-05,5.17807909464597e-05,2.6661403141337984e-05,3.1462213824886946e-05,1.9323324663706063e-05,3.0793410829874224e-05,1.8550639526120676e-05,3.052324956952555e-05,2.7375635358844365e-05,1.1870797378379436e-05,2.5288934740230137e-05,1.1800585661567009e-05,2.1248484240420793e-05,9.378611626704084e-06,1.4580254587876985e-05,8.319283581313223e-06,1.2444322358039349e-05,8.319107314600594e-06,6.9807941466966845e-06,7.12913235827481e-06
2024-06-04,2024Q2,10:00,1.1255521575106513,10:00,1.0014693967453638,10:30,1.0744220340928081,10:00,1.0278659501089562,10:30,0.9053542281636766,14:30,1.063337537462244,14:30,0.9498149737520275,10:30,1.1255521575106513,1.085521772230781,1.0769289759005172,1.0839196904330173,1.0473256072483281,1.0611866153052505,1.0487531545045752,1.042764630695178,1.036446400476564,0.9907227644565415,0.9687640759195859,2.9918193452652047e-05,2.980895000580922e-05,2.5362434642984075e-05,2.9100534311085298e-05,2.569345368198642e-05,2.523161551423634e-05,2.27251296609039e-05,2.5221496926019652e-05,2.0530552763038353e-05,2.389588115460017e-05,1.6425162731012418e-05,2.212253840194066e-05,1.5716092703336113e-05,2.135062990266108e-05,1.3310639818860092e-05,2.0518963925792097e-05,1.0573398625421904e-05,2.0481591343627635e-05,1.0641333803070809e-05,5.0437365293986285e-06,6.901305081440934e-06,4.115840223514482e-06
2024-06-05,2024Q2,10:00,1.12550108600592,10:00,0.9982489892167286,10:30,1.0703429621724538,10:00,1.027616457610944,10:30,0.9006336069400411,14:30,1.0638723793860045,14:30,0.9557441453292821,10:30,1.12550108600592,1.0854223240469814,1.0769023144305088,1.083826763958878,1.0472273092576498,1.0610174571213074,1.048577498140886,1.0425292965766757,1.0360984049059923,0.9909449063396233,0.9689113101526204,3.2181538789932234e-05,1.0588069406029075e-05,2.3695995098943058e-05,1.0548248774449152e-05,1.8478538257717187e-05,8.524324215421917e-06,1.7114315649945613e-05,5.497297165645405e-06,1.5922040030777505e-05,5.427291405862296e-06,1.4248416644708226e-05,5.394808434773602e-06,1.1533025314334772e-05,4.421763252294294e-06,9.960825895019615e-06,4.411516688620254e-06,6.828027155587401e-06,3.3615630641162095e-06,5.381173256205717e-06,3.172895072611478e-06,4.080397847923819e-06,2.731795033120374e-06
2024-06-06,2024Q2,10:00,1.1257858911658571,10:00,1.0049915365498354,10:30,1.0730966865372336,10:00,1.035037231831445,10:30,0.9033699095490282,14:30,1.0634596793453275,14:30,0.958153842155984,10:30,1.1257858911658571,1.0856178820090414,1.0770698898277722,1.0840514774077596,1.047451119242408,1.0612219380354884,1.0487589491646931,1.0426853263026128,1.0362076488137146,0.9910329355909511,0.9689837307842651,2.074313209800347e-05,9.237112547016862e-06,1.651630838097197e-05,7.238494479348704e-06,1.4170540219659144e-05,6.053364964594201e-06,1.261512107101761e-05,6.052231788656492e-06,1.2150997523163113e-05,5.648467440840294e-06,1.4061712647082318e-05,5.004680755554452e-06,1.2408244920311075e-05,4.791048683661879e-06,8.363402208671777e-06,3.201371678455588e-06,6.81526238311353e-06,3.1800949620236085e-06,7.669486819561177e-06,2.129704673675781e-06,4.33528218383752e-06,1.8885698590320952e-08
2024-06-07,2024Q2,10:00,1.1259312514808122,10:00,1.0054415626099356,10:30,1.0725902566951866,10:00,1.038963225216145,10:30,0.9049421228108737,14:30,1.0631979428658112,14:30,0.9639219589121534,10:30,1.1259312514808122,1.0857561200682344,1.0772077503161943,1.0841734089262054,1.0475873873680457,1.0614318198738,1.0489531923420352,1.042831555454507,1.036322592836452,0.9912516664812181,0.969201820479556,2.740823391304644e-05,1.3833245661357555e-05,2.1466130798462997e-05,1.308793135446441e-05,1.974016625534136e-05,1.1457321343286975e-05,1.8535988671081213e-05,1.0836949056234867e-05,1.4824438260284128e-05,1.0612147027516068e-05,1.1789147881609041e-05,8.763803317253955e-06,1.2843065566820018e-05,8.174663437670898e-06,1.0902957997598823e-05,8.09343131219831e-06,7.904399909248751e-06,7.923895470176114e-06,8.565783523224829e-06,2.57194354084754e-06,4.213144977402171e-06,2.1023775890480444e-06
2024-06-10,2024Q2,10:00,1.1260975011862397,10:00,1.0079849005673684,10:30,1.072455372295192,10:00,1.0435680246469925,10:30,0.905375452982524,14:30,1.0633607371297384,14:30,0.9702118308500306,10:30,1.1260975011862397,1.0858719452199221,1.0773410353155046,1.0843100665351082,1.0476683990869071,1.0614914566568758,1.0490654542094755,1.0429032035742885,1.0363125603644756,0.9914883735950399,0.9693117137753313,1.6516037634684722e-05,1.1902223983241228e-05,1.2916258069094553e-05,1.0605682208247856e-05,1.046334711640815e-05,1.0480547930394251e-05,1.01378428342191e-05,9.162007126741617e-06,9.699437053351092e-06,9.013813064377085e-06,9.121503529025177e-06,8.786977338218043e-06,8.625194285575402e-06,8.786963361660278e-06,7.457843518555732e-06,7.636838176741288e-06,6.2537436207914415e-06,4.217955289323293e-06,4.933647084404213e-06,2.0471125388027782e-06,2.460459785914989e-06,1.0855180499379852e-06
2024-06-11,2024Q2,10:00,1.1261412302895841,10:00,1.0109286546484824,10:30,1.0722348010121832,10:00,1.0450244344787563,10:30,0.9048398129412382,14:30,1.0625687951006513,14:30,0.9732919075148226,10:30,1.1261412302895841,1.0858942872354131,1.0773261251073483,1.0843141610897795,1.0476739910097173,1.061486522723239,1.049049863355874,1.0428884680553152,1.0363740118160276,0.9916026178573073,0.9693828459473408,2.398080273652526e-05,1.932208843145548e-05,1.6894280094931743e-05,1.5931463572209577e-05,1.3452724268376946e-05,1.2608055931647702e-05,1.1432954164800751e-05,1.2391552247255692e-05,1.2516745341105087e-05,1.1073169155606405e-05,1.1250080620369763e-05,1.107130968372596e-05,9.207288474952547e-06,1.0802939451957456e-05,8.46032486463499e-06,1.0764370978341407e-05,6.09446951885296e-06,7.628400683703759e-06,5.503645089941703e-06,4.241259475444463e-06,3.1299472597415683e-06,4.24067403545571e-06
2024-06-12,2024Q2,10:00,1.126172426696771,10:00,1.014017454829466,10:30,1.0708510235098565,10:00,1.0463773464484776,10:30,0.9036542068283013,14:30,1.0611773866250576,14:30,0.9747700497173291,10:30,1.126172426696771,1.0858878152818998,1.0773237792842287,1.0842738392499538,1.0476939915605328,1.0614744914663132,1.0489939868670428,1.0428080529478128,1.03631489970129,0.9916536738290018,0.9693333109694632,6.524698937595382e-05,1.7275252125909058e-05,6.058398737912713e-05,1.2328632245477876e-05,5.7816081713369784e-05,9.860350609965242e-06,5.916219641884032e-05,9.821651218346687e-06,5.779049797038844e-05,9.625269654937607e-06,5.686454394790033e-05,8.893055653089184e-06,5.296738510650639e-05,8.657006099493705e-06,4.8179596492711006e-05,8.569222631724856e-06,5.6875065325927664e-05,8.175433488932211e-06,4.1615917872946926e-05,8.139508332797318e-06,2.1482228304563763e-05,8.002648948270664e-06
2024-06-13,2024Q2,10:00,1.1268153547171456,10:00,1.0257816075575419,10:30,1.077741586386707,10:00,1.0633021161008933,10:30,0.9159236292072644,14:30,1.073444764869087,14:30,1.0100768808224871,10:30,1.1268153547171456,1.086640747768692,1.0781734971818886,1.0852500588639324,1.0487357912795507,1.0626109408478484,1.0501474152771635,1.04394880291339,1.0378940179015381,0.992972695030425,0.9700261440541953,2.3414281055087183e-05,2.1661206230385557e-05,2.2916456595767054e-05,1.7500374677953822e-05,2.1878871616756702e-05,1.6821841425924742e-05,1.939470643825032e-05,1.555692962967926e-05,1.6400642837585154e-05,1.55458703703961e-05,2.060226187586052e-05,7.964268964825975e-06,1.6154405578319144e-05,4.661222251051101e-06,1.0512272134001186e-05,1.2962424662196541e-06,7.655073776250814e-06,1.2896622043904365e-06,4.8473627107718495e-06,7.990853293477458e-07,2.98579992939251e-06,1.3324841244025712e-07
2024-06-14,2024Q2,10:00,1.1268014044640327,10:00,1.0223300565649998,10:30,1.0783431988175094,10:00,1.0634395682310975,10:30,0.9143125213098638,14:30,1.0733126140471925,14:30,1.014346749267742,10:30,1.1268014044640327,1.0867029450809715,1.078240851848775,1.085300582702968,1.0487379117169853,1.0629017827317457,1.0504433021465331,1.0442150328380566,1.038100083611226,0.9931320960445997,0.9701703405393524,2.2390895918672306e-05,5.4145597247956145e-06,2.0815417508313935e-05,3.7924743002140817e-06,1.6647327574535668e-05,3.3652329913359522e-06,1.3719854311804949e-05,3.2780818775739993e-06,1.374219517191037e-05,3.276853388287303e-06,1.227568176329469e-05,3.0285418065186553e-06,1.0169817911016981e-05,1.5004310569990814e-06,9.609220241844795e-06,1.1326027891872796e-06,8.396627929737728e-06,7.234854524381328e-07,6.581221790588093e-06,6.769530774560973e-07,3.91252812237756e-06,5.764616681594272e-07
2024-06-17,2024Q2,10:00,1.1270300284009465,10:00,1.0401980559229773,10:30,1.0801062420426684,10:00,1.069480728701992,10:30,0.9321355855962534,14:30,1.077741602585621,14:30,1.020636838831121,10:30,1.1270300284009465,1.0869691785271625,1.078475170841259,1.0855049972933792,1.0489628720971937,1.0631187515592757,1.0506691272222122,1.044459962203852,1.0383495008431742,0.9933644313559119,0.9703396060183864,1.4550318554101315e-05,2.945920673968889e-05,1.2425236695761536e-05,2.9405329288663035e-05,1.0488766762742018e-05,2.839072193705156e-05,9.522839447081482e-06,2.5478754890902727e-05,8.141195755128276e-06,2.5389050759026502e-05,1.2605575749675355e-05,1.5508683884004027e-05,9.117454927251949e-06,1.5491275183317754e-05,8.392696918949352e-06,1.2783796360396195e-05,6.672030342659664e-06,8.969117428785878e-06,6.227061472896751e-06,7.698042281155905e-06,3.3414995158829143e-06,7.455557663747486e-06
2024-06-18,2024Q2,10:00,1.1267683718030026,10:00,1.0367692980397925,10:30,1.0747531428351205,10:00,1.0633207978047257,10:30,0.9281978861547955,14:30,1.0736305137970334,14:30,1.0189440689586766,10:30,1.1267683718030026,1.0866577465310736,1.0781130471822375,1.085140403913958,1.0485594585343967,1.0630257855628922,1.0504810862940024,1.044315861791631,1.0382633686635645,0.9933086185879071,0.9701431735219197,1.9889721523571222e-05,4.850840696834866e-06,1.7529939561573936e-05,4.819489681632249e-06,1.611386673010523e-05,4.49511579499412e-06,1.4020594283045774e-05,4.469264116406279e-06,1.1160780557617681e-05,2.674214292049627e-06,9.79288096127389e-06,2.1959686851387504e-06,8.570694702942034e-06,1.3131858510850519e-06,6.865722555336375e-06,1.2507757613303577e-06,5.439404537759074e-06,1.2493105803653815e-06,4.440685791876056e-06,8.348398095752798e-07,2.5214243257841845e-06,5.702775428595595e-07
2024-06-20,2024Q2,10:00,1.126970711925438,10:00,1.0394796882688295,10:30,1.0754734059181368,10:00,1.0687223408624658,11:00,0.9320941423991768,14:30,1.0565861324541634,14:30,1.0228269351165253,10:30,1.126970711925438,1.0868536819443761,1.0783157277108477,1.0853247664531074,1.0487417643600876,1.0632043924330397,1.0506699735570826,1.044477391193112,1.0383984551866814,0.9934505704334096,0.9702424824640392,1.7884366046247763e-05,2.4281784127379527e-05,1.657393517250617e-05,2.3130349774004384e-05,1.3476981276842354e-05,2.3093861808138078e-05,1.2623095432165015e-05,2.2674058993093088e-05,1.3735869469527654e-05,2.1780449284522958e-05,2.0601293624858214e-05,1.5468062970232637e-05,1.6455704610461205e-05,1.5187455811604691e-05,1.545279193719163e-05,9.865341450421898e-06,1.0434985962332929e-05,6.5821916867346494e-06,6.602574667871584e-06,2.811364512360015e-06,4.4925384819939185e-06,1.7976186629386427e-07
2024-06-21,2024Q2,10:00,1.126837764200874,10:00,1.035586015510286,10:30,1.0752184830769773,10:00,1.0657587698684194,11:00,0.9277463169300788,14:30,1.064102666378962,14:30,1.026901890902131,10:30,1.126837764200874,1.0867172085275418,1.078110292788226,1.0850839271220374,1.0485432023879564,1.0633038681400222,1.0506830673990424,1.0446269406071236,1.0385158331358417,0.9936002958691372,0.9704603619509614,2.6980940828102774e-05,1.2296560506196943e-05,2.0009667671367806e-05,1.1521187445578631e-05,1.6185633572865313e-05,1.049835419367426e-05,1.5804888434458763e-05,9.80605158195877e-06,1.3359193144758446e-05,5.5862449101424375e-06,1.180375521572929e-05,5.29998368940399e-06,1.1930211211470398e-05,3.7137948678879426e-06,1.1398593191967074e-05,2.9422464847238697e-06,9.22658499513861e-06,2.8476663953291617e-06,6.62406678058859e-06,7.633457302613493e-07,3.7876821283323594e-06,7.37275648536814e-08
2024-06-24,2024Q2,10:00,1.1270217841330754,10:00,1.0373300903702247,10:30,1.0752029782128796,10:00,1.0708898274130092,10:30,0.9282129407815963,14:30,1.0666947788986259,14:30,1.0333286203909828,10:30,1.1270217841330754,1.0868365163517748,1.0781977913650191,1.08518768223177,1.0487067597508242,1.0634515043845711,1.0508938342489034,1.0448687311968605,1.0387202198457575,0.9938308184445119,0.9706478659842711,1.656487769995986e-05,1.5882934921867288e-05,1.6289483761834925e-05,1.5643410981017324e-05,1.2937583703949616e-05,1.4411523112217338e-05,1.1704556593597153e-05,1.4369036885356126e-05,8.949972222925938e-06,1.4337088489567602e-05,7.88391174475661e-06,1.4180414579029411e-05,9.701009926450421e-06,1.1509530218618136e-05,9.830549101931426e-06,9.221984623573794e-06,7.115136191598728e-06,8.86582429128621e-06,4.984915064752995e-06,8.70784767814958e-06,3.0482952792890627e-06,7.86623243853452e-06
2024-06-25,2024Q2,10:00,1.127003062921052,10:00,1.0626603891960837,10:30,1.0736251721805556,10:00,1.0707248078585356,14:30,0.9765298192035571,14:30,1.063208982559846,14:30,1.02896036102583,10:30,1.127003062921052,1.0868251713311636,1.0781510472854523,1.0851095836655942,1.0485741236893114,1.0632793213592122,1.0508309952580268,1.044874386992716,1.0386519728082169,0.9936866650744448,0.9704165102712943,1.957118459651013e-05,1.434732781936005e-05,1.3959683059155568e-05,1.2022705578159028e-05,1.2458635351784794e-05,1.1661783287959663e-05,1.0554365258678898e-05,1.0856462478701093e-05,8.754725875226354e-06,1.0645467945378753e-05,8.621551854428146e-06,8.998179219860826e-06,8.963561296261545e-06,7.187347157124251e-06,6.395610034786297e-06,5.4157861225785245e-06,5.461351597821775e-06,4.961449952264207e-06,4.7731051965697e-06,2.5603336320227847e-06,2.704744320806673e-06,1.973182092125167e-06
2024-06-26,2024Q2,10:00,1.1270507375512997,10:00,1.061936070100188,10:30,1.0727672697232282,10:00,1.0722980426348705,14:30,0.9806259185252214,14:30,1.0650985836074316,14:30,1.0313499236208905,10:30,1.1270507375512997,1.086839392420484,1.0781489893703402,1.0850849639953497,1.04852165543678,1.0632566909506456,1.0508680172530676,1.0448957771649499,1.038662013847911,0.9937742250910601,0.9704563481027588,1.5719378547762113e-05,1.2304914913901218e-05,1.6492441768220225e-05,1.182574518468059e-05,1.2427076877867934e-05,1.133387074994774e-05,1.1363649770450362e-05,1.1142370234470488e-05,1.0715941889127797e-05,4.963701583643219e-06,8.850820503576091e-06,4.9147975524229875e-06,8.227434751504544e-06,4.247277574401768e-06,7.1681479983616635e-06,4.049705473872886e-06,6.103337746437196e-06,3.6257943613448647e-06,4.091324984418341e-06,3.594356474340835e-06,2.7604488911590494e-06,3.455146366352201e-06
2024-06-27,2024Q2,10:00,1.1270766763334517,10:00,1.0682581088820753,10:30,1.0738528676399035,10:00,1.0732477665906393,14:30,0.9796222035711676,14:30,1.0678283147553593,14:30,1.0318007557641986,10:30,1.1270766763334517,1.0868973381361346,1.0781527166535274,1.0850703738291712,1.048641739138058,1.0633433994614072,1.0509667781581395,1.0449810216237712,1.038738172100412,0.9937946238565512,0.9704264664658423,1.7857758880467247e-05,1.2336609648942193e-05,1.475082903691172e-05,1.1940912034290344e-05,1.3666306048214758e-05,1.0833741817516798e-05,1.4010586865988968e-05,9.214313302887384e-06,1.2286439226913232e-05,9.206623638335553e-06,1.0389186088788818e-05,7.802179795683668e-06,9.397043748231718e-06,7.681930610467056e-06,6.902834907831197e-06,6.348142885627418e-06,5.365870530531599e-06,5.468870155256705e-06,6.644620072849252e-06,2.1717281407361757e-06,3.5259195408343e-06,1.0366004509228997e-06
2024-06-28,2024Q2,10:00,1.1271320645985354,10:00,1.06685281865494,10:30,1.073534173223152,10:00,1.0749956695879954,14:30,0.9837494409596189,14:30,1.0699897276509513,14:30,1.0367792107692233,10:30,1.1271320645985354,1.0869255479163913,1.0781883858574384,1.0851509096100622,1.048699074121283,1.063393447008504,1.051001498905317,1.0449888329588053,1.0387279150570552,0.9939708234240752,0.9705535243854196,2.5357028561798774e-05,1.92669124278744e-05,2.2481487045480227e-05,1.2845653689706494e-05,2.0607447398863374e-05,1.0226407279355501e-05,2.1090979141663365e-05,7.568922484651445e-06,1.8454060998458488e-05,7.564638216256788e-06,1.548290958909257e-05,5.6911009108475e-06,1.621298139038169e-05,4.231092563728193e-06,1.389717817734284e-05,4.230759348996099e-06,1.2086053005232645e-05,3.9773355913928954e-06,1.1128924949189332e-05,2.716627478518809e-06,6.944893534633367e-06,2.4201715679826933e-06
2024-07-01,2024Q3,10:00,1.1271830570201813,10:00,1.0666672313890069,10:30,1.0764662209827127,10:00,1.0767604827365054,14:30,0.9882003913194676,14:30,1.0773544577625238,14:30,1.046238609834055,10:30,1.1271830570201813,1.0870611222369064,1.078360450852553,1.0854093445376045,1.0489282254240604,1.063618952560584,1.0513101159005653,1.04526382030252,1.0389870226170026,0.9943018195905872,0.9707852272210648,2.463920490875925e-05,1.2466952520931342e-05,2.5010680961693618e-05,1.1752419317355132e-05,2.6869378203056935e-05,9.135953547585974e-06,2.0214849550411952e-05,6.801465852511257e-06,1.636267227892093e-05,6.616476618812565e-06,1.206341631055197e-05,4.649674838702999e-06,9.86472108028008e-06,4.458863180281837e-06,8.177209774389909e-06,4.449827784877314e-06,6.572334561647475e-06,4.3942149918239226e-06,5.696735263742852e-06,4.362777565118737e-06,2.7643743146603286e-06,4.354740974163606e-06
2024-07-02,2024Q3,10:00,1.127331311322835,10:00,1.066871988963284,10:30,1.0780767159023128,10:00,1.0810480381705572,14:30,0.9872968810779159,14:30,1.077342864078677,14:30,1.0475537717542183,10:30,1.127331311322835,1.0872557941997951,1.078666003690735,1.0856668396027844,1.0491334199930498,1.0637891307040879,1.0514458912509328,1.0453661274361281,1.0390523807433265,0.9943551715457375,0.9707114802454186,1.998820957001711e-05,8.528536614686506e-06,1.6091112831913476e-05,8.339405313271324e-06,1.344173591246945e-05,7.722782191758072e-06,1.0945895921901235e-05,7.366640479278836e-06,1.06208775245146e-05,6.68307954542031e-06,8.144990848292331e-06,6.468068624365471e-06,6.572535288712662e-06,6.403758683955884e-06,6.393260838888738e-06,4.811279922672562e-06,4.780573382366596e-06,3.4399779617004625e-06,3.191009288763665e-06,2.739466197010523e-06,2.3159306964746824e-06,2.6869616537071797e-06
2024-07-05,2024Q3,10:00,1.127476566236724,10:00,1.0737483105155958,10:30,1.0799503895743392,10:00,1.0851966398156374,14:30,0.9830439881084146,14:30,1.0763023009389563,14:30,1.0479371051000623,10:30,1.127476566236724,1.0873675387172899,1.078757767693665,1.0857259886955164,1.049212011838416,1.063819354083653,1.051441678170402,1.0454056904885138,1.0390916620466661,0.9943735059065109,0.9706967477119525,1.2575912469282645e-05,5.274461454380262e-06,1.3004846832264029e-05,4.451140946190514e-06,1.0873810127363972e-05,4.265173024157832e-06,8.739008754688481e-06,3.306638368313263e-06,8.308541074668257e-06,2.047594398020295e-06,6.553780474616409e-06,2.038832888790398e-06,6.060371902932429e-06,2.00706031705572e-06,5.2561668512195305e-06,1.5516286568606808e-06,4.137169638880923e-06,9.865222813542269e-07,2.817383112188366e-06,7.746303694040792e-07,1.6260788809128845e-06,3.580629840432887e-07
2024-07-08,2024Q3,10:00,1.127569381075676,10:00,1.077359509098917,10:30,1.080223765923178,10:00,1.087860172918558,14:30,0.9947540481176357,14:30,1.0748034658520456,14:30,1.0502749317778495,10:30,1.127569381075676,1.0874974224525036,1.0788703713287762,1.0858292839588766,1.049346137624652,1.0639241668832204,1.0515452508212528,1.0455111152876353,1.0391930026598648,0.9944538715994934,0.9707611785945417,1.0824470472455209e-05,5.6078043824539156e-06,1.0299411683413382e-05,4.336049204085161e-06,8.609239103066463e-06,4.162797483084007e-06,7.3781436205441526e-06,4.059632170980685e-06,6.924796927488338e-06,3.723646538183741e-06,6.796560678651963e-06,2.8615739720433857e-06,5.383438541015242e-06,2.725978818865366e-06,4.480112841664004e-06,2.6992598184544665e-06,3.1671261944993705e-06,2.3288458119377446e-06,2.231609406148269e-06,2.328641780180575e-06,2.424898085509077e-06,2.1208214450618015e-06
2024-07-09,2024Q3,10:00,1.127632399309043,10:00,1.075962000306152,10:30,1.0782036211277912,10:00,1.0897126977621543,14:30,0.9944466169982786,14:30,1.0721878572213688,14:30,1.0500347570191693,10:30,1.127632399309043,1.0875862445839315,1.0789442915006688,1.085888863574202,1.0494118302970847,1.0640138481875627,1.0516112417328205,1.0455592102871738,1.0392173260177016,0.9944505696110912,0.9707796257059718,1.5027045054389036e-05,5.595547719160233e-06,1.2831180283399357e-05,3.781462318099877e-06,9.534986035451046e-06,3.4505700822387974e-06,8.841280991902815e-06,3.153882047062024e-06,6.873948166650675e-06,2.435874615422168e-06,5.893350372473707e-06,2.3297149247949754e-06,5.044689379564015e-06,2.3292525861072255e-06,7.383251084446114e-06,7.615351809590815e-07,4.353649531611747e-06,6.949456885718844e-07,3.447298583627712e-06,1.522221340570683e-07,2.1216087285968428e-06,6.041940576917077e-08
2024-07-10,2024Q3,10:00,1.1277544328411893,10:00,1.07927188602691,10:30,1.078763970288512,10:00,1.093245348706691,14:30,0.9987082036376026,14:30,1.0740455774699933,14:30,1.0539365210483775,10:30,1.1277544328411893,1.0877249184125033,1.0790486105534267,1.0859975117994523,1.0495058273703466,1.064095456596969,1.0516792806917203,1.0457502805477967,1.0393355674597142,0.9945799486093192,0.9708835776228271,1.0069060655598575e-05,1.3929470055274288e-05,9.154454948687688e-06,1.3928751641642017e-05,8.181994750160761e-06,1.356763270971868e-05,6.219769323571179e-06,1.2010109969515917e-05,6.445373230998875e-06,1.185000388767406e-05,7.621731226415746e-06,8.627023120884131e-06,7.221763941283832e-06,8.12629979799192e-06,4.935882499209291e-06,8.126185297282443e-06,3.390878441423262e-06,7.526094075318147e-06,2.677019910847884e-06,7.348051331894585e-06,2.109556059701766e-06,6.577849642965039e-06
2024-07-11,2024Q3,10:00,1.1276754946074918,10:00,1.0818881113082235,10:30,1.0757898517149664,10:00,1.0911931160538855,14:30,1.0008286810801303,14:30,1.0714020623594294,14:30,1.047944271553817,10:30,1.1276754946074918,1.0876295660174324,1.0789327224684222,1.0858606806835869,1.0493754303007068,1.0640582213889092,1.0516445637222356,1.0456469794055256,1.0391913192733948,0.9943982064505823,0.9706681433614002,2.2155747034782728e-05,4.1112066928811663e-05,2.5403188506096587e-05,2.4769399080992644e-05,2.0318851660826156e-05,1.9037224645619795e-05,2.2124302197249382e-05,1.490337735518877e-05,1.9908303228894837e-05,1.3807548276907502e-05,1.5454849949397035e-05,1.2890950390009079e-05,1.6953367484222856e-05,1.0437733657280171e-05,1.1856202424953926e-05,8.785345955885717e-06,1.063463290557422e-05,4.150569982799981e-06,6.8638171610514515e-06,3.7131433421615575e-06,4.757484455094178e-06,1.122414407448784e-06
2024-07-12,2024Q3,10:00,1.1273369059780782,10:00,1.0751516712180522,10:30,1.0794275802273083,10:00,1.0822100416229965,14:30,1.0050206535554576,14:30,1.082543798546386,14:30,1.0515217581110108,10:30,1.1273369059780782,1.0876051381337057,1.0789287574976334,1.0859797913113602,1.0494933366924115,1.0640997422283391,1.051801175645142,1.0457243854697336,1.039397068215074,0.9945226463358158,0.9708529011493026,2.1165811576827865e-05,5.166495706556987e-05,1.644801875096536e-05,4.962309718201854e-05,1.4031020134499626e-05,4.31843485198526e-05,1.1810964662600289e-05,4.212078443540962e-05,1.2653803626364004e-05,3.920297276848674e-05,1.0394973519295223e-05,3.912512221501046e-05,8.424771400155502e-06,3.5945488381346685e-05,7.0104469621128686e-06,3.4095695309522243e-05,6.403705236592902e-06,3.280686776578086e-05,4.515558710329264e-06,3.279280520530058e-05,2.231567676607016e-06,3.258594502952655e-05
2024-07-15,2024Q3,10:00,1.1268186264621494,10:00,1.0626668140526172,10:30,1.071993358885418,10:00,1.0685924453299653,14:30,0.9760678391407891,14:30,1.0677277080741605,14:30,1.0168226891367076,10:30,1.1268186264621494,1.0870091576822716,1.0783451037560374,1.0853001138218186,1.0488739926708135,1.0633542164880343,1.0510319472407696,1.0448947267961233,1.0384965909545085,0.9934215897029732,0.9693742108948149,2.5354708299013755e-05,1.5081150703884576e-05,1.9727656811473986e-05,1.3300104162032455e-05,1.6270392765306967e-05,1.071777408505003e-05,1.8138504103792765e-05,1.066495496449261e-05,1.8144054840321372e-05,1.066475453722684e-05,1.8148967027267286e-05,8.179731429831374e-06,1.432271696393686e-05,7.806270775807276e-06,1.1213379004703655e-05,5.3715646960356095e-06,1.0336974382629634e-05,4.281528125733943e-06,7.670158194298404e-06,2.7414968788940363e-06,4.602515857348675e-06,2.098898504970997e-06
2024-07-16,2024Q3,10:00,1.1269354724283271,10:00,1.0641318004221367,10:30,1.073086640051441,10:00,1.0722316766620152,14:30,0.9816308751427244,14:30,1.0716820184268299,14:30,1.0225713712068794,10:30,1.1269354724283271,1.0870928504186246,1.0784295644328585,1.0854315654731266,1.049025221989736,1.0635797298540228,1.051192083352274,1.0450569203361548,1.0386880878701061,0.9936154141512519,0.9695033310243404,2.2075464788631784e-05,1.418324848458286e-05,1.9809860230673725e-05,1.354249460150562e-05,1.5133339687845263e-05,1.222186838225822e-05,1.4734175065758639e-05,1.2000451567564134e-05,1.3627993409086942e-05,1.1529163169533985e-05,1.4459403535862339e-05,1.0621536930982623e-05,9.946236596148036e-06,7.83512868963251e-06,9.28993252944805e-06,5.805041462083125e-06,6.785770028393635e-06,5.018182176187114e-06,5.3232332290668956e-06,4.955963935985636e-06,4.647953655461057e-06,6.943138327581027e-07
2024-07-17,2024Q3,10:00,1.1270205901426378,10:00,1.0675082859759162,10:30,1.0739830933071879,10:00,1.0749514044757447,14:30,0.9799289106519372,14:30,1.070924523587142,14:30,1.0229062149138302,10:30,1.1270205901426378,1.0871736291016227,1.0784645550480523,1.085465772953293,1.0490585457022494,1.0636551732919097,1.0512368324493928,1.0451502514969175,1.0387392302658907,0.9936310414925292,0.9697031873414089,3.076565148643552e-05,1.8026414906671157e-05,2.7454055781161986e-05,1.3861835932718349e-05,2.3124430336069413e-05,1.3152207121321656e-05,2.1512515008505345e-05,1.2821874247268659e-05,2.0113338041600773e-05,1.2738309943918034e-05,1.944911751235812e-05,9.103301590274168e-06,1.7330016301770008e-05,7.98718285403501e-06,1.5061851157027582e-05,6.9271717436224905e-06,1.2272505975294623e-05,6.921252403516665e-06,1.0841239045031479e-05,5.31063562964968e-06,6.9099833060782465e-06,4.361868589897965e-06
2024-07-18,2024Q3,10:00,1.1271665578195662,10:00,1.0677625410152012,10:30,1.0744156180020614,10:00,1.0794784951393186,14:30,0.9824465341375734,14:30,1.0722622544602636,14:30,1.0293489092147057,10:30,1.1271665578195662,1.0873701988929656,1.078624700655473,1.085617796178494,1.0492051776704223,1.0638881011727281,1.0514705658645462,1.0453766885157152,1.0389044124769153,0.9938489825658987,0.9698379233343941,2.5997184965848287e-05,6.611920168065462e-05,2.1403047535407595e-05,6.610131107539013e-05,2.684950796298604e-05,5.278901908316331e-05,2.8375114776000846e-05,2.2104286779701512e-05,2.6094251326077396e-05,1.9759820885680663e-05,1.99081853508604e-05,1.9754090613494228e-05,1.731662417670123e-05,1.3599309471310245e-05,1.594109545936957e-05,1.3598259858148404e-05,1.3480174705606554e-05,1.1915386155322217e-05,9.106240542588093e-06,8.516792263347228e-06,7.088147887831481e-06,8.37596955787847e-06
2024-07-19,2024Q3,10:00,1.1264892725941487,10:00,1.0565655697003158,10:30,1.0644258761744108,10:00,1.0617124495815342,14:30,0.9828165505795289,14:30,1.0699670027530515,14:30,1.0298049820453108,10:30,1.1264892725941487,1.0865698670834627,1.0780862102489823,1.0857053968082828,1.049321609118478,1.0638616887853425,1.051549481996962,1.0454266288804037,1.0389401842934896,0.9938741128478709,0.9697859068516516,4.696490376804074e-05,4.3719798206444334e-05,4.162451148032056e-05,3.3002452475607424e-05,3.5246013063985204e-05,3.2999096320572016e-05,3.653723579997912e-05,2.5589667386943105e-05,2.782526064478753e-05,1.9707330469762967e-05,2.6577499708561903e-05,1.7010309048786584e-05,2.4562329870871324e-05,1.5422371478938582e-05,2.188879707467159e-05,1.3189342983429003e-05,1.6715169242392265e-05,1.0829868714104792e-05,1.270767604367996e-05,9.000361240739751e-06,9.1218037556286e-06,8.415826358151381e-06
2024-07-22,2024Q3,10:00,1.1264574029445418,10:00,1.0548519194622075,14:30,1.0654077029016964,10:00,1.0619253161785027,14:30,0.9902688402067993,14:30,1.0718156868186353,14:30,1.0339355914151058,10:30,1.1264574029445418,1.086661232416324,1.0780803106097017,1.0858804640261326,1.0494767066489408,1.0640637811649796,1.0517676485974312,1.045660943343739,1.039117598662638,0.994021375134041,0.9698341377651554,3.376444104368048e-05,2.3277759920843223e-05,2.9947878037422984e-05,2.2651535660102348e-05,2.4451790887001767e-05,2.1575171075144244e-05,2.6290208571644487e-05,9.018199557931681e-06,2.2591965137919414e-05,9.017563107282002e-06,1.8808347787716436e-05,8.64713214209382e-06,1.732353524147038e-05,2.3109457177157775e-06,1.5163903453778468e-05,9.338799607466608e-07,1.1288743607882026e-05,5.217056475302336e-07,7.708949717557923e-06,4.79744970044318e-07,5.269921967068809e-06,3.4799054070194e-07
2024-07-23,2024Q3,10:00,1.1265625749386694,10:00,1.0594136338923883,14:30,1.0675230744988033,10:00,1.0654516052395608,14:30,0.9921527482108832,14:30,1.0736380518045632,14:30,1.0425722980145073,10:30,1.1265625749386694,1.0867457256258681,1.0781016222206956,1.086210315970851,1.0497615903171256,1.0642926666977293,1.0521569801391648,1.046071325202094,1.0394665590688936,0.9943044331416144,0.9700818757614703,2.483147295349671e-05,2.493177322151794e-05,1.926710314270168e-05,2.4414597324561606e-05,1.723147905337497e-05,2.030270112523851e-05,1.2698302030025494e-05,1.3043077218073702e-05,1.1509833466525882e-05,1.292600130234735e-05,1.2071103495172857e-05,8.758269632167979e-06,1.1527931476904257e-05,8.008527211658492e-06,8.13186352784615e-06,7.911883602040791e-06,5.743677697747837e-06,7.2788130986286e-06,5.3866199608177855e-06,6.780622986525207e-06,3.4768760056596115e-06,6.586941557720623e-06
2024-07-24,2024Q3,10:00,1.1265171963149547,10:00,1.0524163446495993,14:30,1.0670702235041978,10:00,1.0647755064226603,14:30,0.9834834801195105,14:30,1.0732398517219675,14:30,1.0405897151178891,10:30,1.1265171963149547,1.0866306688718,1.0780183940605352,1.0861809479410767,1.0497169140419649,1.0643581635745332,1.0522380478734605,1.0460671454777648,1.0394073966200172,0.9942513985034467,0.9699356149046802,3.58207070143345e-05,1.3945601096807054e-05,3.316891563113824e-05,1.2486736354110281e-05,2.948672337364364e-05,1.1784039327169916e-05,2.829795350835481e-05,9.508421383476534e-06,2.3680457525217216e-05,8.925736161178581e-06,2.021100246010293e-05,8.786115740851058e-06,1.9611315879611157e-05,8.45499890390218e-06,1.4744665968587166e-05,7.80506379695423e-06,1.254909246125081e-05,7.291937047994744e-06,1.0441841463807159e-05,6.229766356334895e-06,9.852709320730502e-06,3.5648907229858083e-06
2024-07-25,2024Q3,10:00,1.1267974470676487,10:00,1.0578554001882428,13:30,1.0700724295997734,10:00,1.0730066608434519,14:30,0.9853345522466219,14:30,1.0751988802551573,14:30,1.0453907439612342,10:30,1.1267974470676487,1.0869410070951095,1.0783182826747948,1.0865400804733203,1.0500273155885247,1.064616773289218,1.0525180294982033,1.046257392286184,1.0395686976944067,0.9944175730736878,0.9702566485893066,5.756128449936264e-05,0.0001696678192013583,5.4113091764768204e-05,0.00016736701262995153,5.040034890797793e-05,0.00015055978707423113,4.457842923074289e-05,0.00015000434970936406,3.667174520833107e-05,0.00014836602752647804,3.71766654950504e-05,0.00013188118645809146,3.2722836085348195e-05,0.00013187893001901724,3.1010208115343545e-05,0.0001250003591232801,2.1975533461380544e-05,0.00012498347598735463,1.6539542089368398e-05,0.00011534046367618927,1.5342110887437778e-05,0.00010018861634972539
2024-07-26,2024Q3,10:00,1.1249397951007172,10:00,1.0193099325790551,10:30,1.0475504766405173,10:00,1.0267204250912219,11:00,0.9301758882766012,14:30,1.0298344812751938,13:30,0.9459795045218348,10:30,1.1249397951007172,1.0849227905290975,1.0763232795591617,1.0841807809885011,1.0474519898797319,1.062166208343446,1.0497555447142737,1.0433830934579036,1.0360790908510007,0.9905949817796668,0.9661674507900375,6.460772940495047e-05,4.099518476776825e-05,5.382304745630137e-05,3.917160030826601e-05,4.945511405604051e-05,3.8775772814387876e-05,4.274831244060164e-05,3.864641356651511e-05,3.7385634184287105e-05,2.9491547745849863e-05,3.483996585003252e-05,2.76057848920886e-05,3.212830355739924e-05,2.3297877903775332e-05,2.323620010530781e-05,2.2895426655754397e-05,2.5784274093182754e-05,8.693559438620435e-06,2.0218375208685494e-05,8.030467211600104e-06,1.5223438485538802e-05,5.274667558682451e-06
2024-07-29,2024Q3,10:00,1.1251967144684298,10:00,1.0266732449082983,10:30,1.048632854039065,10:00,1.0350563776654804,11:00,0.9349021927868714,14:30,1.0356756998908099,14:30,0.948985262010937,10:30,1.1251967144684298,1.08510151551018,1.076460754715137,1.0841976768465584,1.0475923161314924,1.0622971192653066,1.049955190042987,1.0433643082258357,1.0366212590913424,0.9910724151039799,0.966673167944849,4.3131065556107964e-05,2.2209391114630354e-05,4.0309650254805984e-05,1.8035606960722553e-05,3.8454702994954073e-05,1.3754166093095106e-05,3.195719335880276e-05,1.3556000741899572e-05,2.78933462749439e-05,6.053398800298394e-06,2.5354472494909224e-05,5.503466712716088e-06,2.3392271170301487e-05,5.419229254662549e-06,2.061912328637348e-05,3.159165219232733e-06,1.545144381276702e-05,3.119480978709908e-06,1.1724227304029787e-05,2.242945588838343e-06,8.723210034776825e-06,2.1246539508577096e-06
2024-07-30,2024Q3,10:00,1.1254487001553877,10:00,1.0324392883125564,10:30,1.0512568654098853,10:00,1.0425337869378015,11:00,0.9423371696456909,14:30,1.0395396615552182,14:30,0.9593514066343394,10:30,1.1254487001553877,1.085428720218962,1.0768817912613116,1.0845412261304317,1.0480579137173198,1.0627598741615238,1.0504158318347805,1.043862983774834,1.0370160478313977,0.9914422824417275,0.9670061765976627,3.762558607239949e-05,5.645522867128269e-05,3.064605581444582e-05,5.133756866710517e-05,2.909948557240211e-05,4.7130662460033353e-05,3.6777992214178695e-05,3.78651006990717e-05,3.504204460231488e-05,2.8051503502432272e-05,2.7952085149609632e-05,2.781447046829712e-05,3.2733933274595795e-05,1.4736403951572857e-05,2.3518550596766714e-05,5.25189104337994e-06,1.705659892951896e-05,2.6865284540645957e-06,1.2780474907367334e-05,1.530874746111528e-06,7.445565474333893e-06,6.042498410645678e-07
2024-07-31,2024Q3,10:00,1.125089058530509,10:00,1.0259145521362663,10:30,1.0445333519926006,10:00,1.0347307166549278,13:00,0.9443260285636206,14:30,1.0402741763405485,13:30,0.9722194354938002,10:30,1.125089058530509,1.0850333940730637,1.0764965822823283,1.084455934180885,1.0481797369996355,1.0627217553577322,1.0508646505816552,1.0443821155280184,1.0374771315469289,0.9918806913371542,0.967348756096391,9.137040372268225e-05,6.670962522179307e-05,9.13072519050464e-05,5.929418361209237e-05,8.406715780325486e-05,5.898097276321203e-05,7.244553267104416e-05,5.788290643600042e-05,7.470643457878149e-05,5.713151701526953e-05,6.729030081294621e-05,5.708816834402025e-05,6.730892142499682e-05,5.672868726746973e-05,6.833704122004321e-05,5.663495796122747e-05,7.272256301625472e-05,5.660718811883055e-05,5.1946581608773675e-05,5.4907902988417155e-05,2.6093152045757423e-05,4.085300002270484e-05
2024-08-01,2024Q3,10:00,1.1253153073984006,10:00,1.0347393335811335,10:30,1.0554610973258642,10:00,1.0428328602106096,13:00,0.9549338635673519,14:30,1.0345780427396787,13:30,0.9798171496701455,10:30,1.1253153073984006,1.0854581787504582,1.0768621900691353,1.084648126243956,1.0484993646160872,1.0628785080256038,1.0510645081808183,1.0446461542867091,1.0379284488019698,0.9917829822123243,0.9666797686799097,4.538078869673612e-05,0.00013493122243967974,5.185300107423039e-05,8.045261276723183e-05,5.402529818936528e-05,6.022509483797863e-05,5.157504424074745e-05,5.45016120789264e-05,4.744887200675759e-05,4.781118042225175e-05,4.395699724582486e-05,4.749352994013487e-05,4.147461552905789e-05,4.1745868190237124e-05,3.450243212666146e-05,3.4899985206650845e-05,3.016883518242342e-05,3.47379436270591e-05,2.030643023990392e-05,1.7091255643643478e-05,1.358328520710096e-05,1.6729012938686853e-05
2024-08-02,2024Q3,10:00,1.1238418375222294,11:00,1.013898648906264,10:30,1.0493091290736387,13:30,1.0226534907578366,13:00,0.9524269221500076,14:30,1.0332758040623002,13:30,0.9789998746494011,10:30,1.1238418375222294,1.0849001684008808,1.07666996658203,1.08449849265581,1.048441608708484,1.0627242631537033,1.0510021624685209,1.044590011948744,1.0377388104389098,0.9919132368843177,0.9665509057553112,0.00014686076145477498,0.00010467236808562438,0.00015638923532857786,6.227637935713102e-05,0.0001331012932366106,5.615400561598868e-05,0.00010431094795799871,5.601208484078287e-05,9.797135319307479e-05,2.915436231793766e-05,8.003029910669237e-05,2.7858243528682222e-05,7.425030729337385e-05,2.0113642594607593e-05,5.850636219807327e-05,1.829064404653897e-05,4.408283641062938e-05,1.7919673510061255e-05,4.464578683337952e-05,1.0607861248892977e-05,2.8625430395816498e-05,8.605861521974935e-06
2024-08-05,2024Q3,10:00,1.124245754087294,11:00,1.0323123781666905,10:30,1.0621661760370702,10:30,1.0548205548587208,13:00,0.9688720336188895,14:30,1.047079172541408,14:30,1.0098980149479961,10:30,1.124245754087294,1.0862960010486655,1.0779581562764031,1.0853621085972553,1.0498927098063948,1.0639158619452462,1.0523794100699868,1.045720477457713,1.038559394730146,0.9932372698002873,0.9675615074744146,0.00034494931973968747,0.00021548372343142212,0.00029062465502496907,0.00021472792675456407,0.00017814074216850918,0.00020447194861757947,0.00016246136484070772,0.00016273182911021833,0.00013640563456026746,0.00016104734329965408,0.00012547842389090214,0.00012564337805590916,0.00012130170634389469,4.7573228908340776e-05,8.325276697351238e-05,4.55050100730297e-05,6.17693831578989e-05,4.3904417492735057e-05,4.071661174392986e-05,4.389625708291747e-05,3.73441110229565e-05,3.7624003408546026e-06
2024-08-06,2024Q3,10:00,1.1256608195660498,10:30,1.055597171544073,10:30,1.0695512241984853,13:00,1.0999076627831148,13:00,0.9948817503591797,14:30,1.043406388386083,13:00,1.043333516273628,10:30,1.1256608195660498,1.0871944453998563,1.0772112473790698,1.0850822831621938,1.0491916681746813,1.0637227638323261,1.0542244120667639,1.046742504752247,1.0390793398889036,0.993125605072975,0.9692384652948899,0.00016584105994017624,0.00018723759228476278,0.00013705351857823598,0.00018139651661144864,0.00010923032066900404,0.00015951665402201906,0.00010989842418596325,0.0001279968491193091,8.174903668340998e-05,8.68228717668452e-05,6.40770309164192e-05,8.668759510311775e-05,4.7586026805916456e-05,7.689975338537412e-05,4.1531996440663785e-05,7.681943260196416e-05,3.115184013872461e-05,7.679487527275126e-05,2.3529622130209658e-05,7.353310034343659e-05,2.6722762615607487e-05,6.764895162533317e-05
2024-08-07,2024Q3,10:00,1.1250433638860675,10:30,1.042127370917843,10:30,1.062102193120633,13:00,1.0771863598187068,13:00,0.9794711661299619,14:30,1.0245809236791619,13:00,1.0226204340070675,10:30,1.1250433638860675,1.0862549245711168,1.0761082058918776,1.0845109274882085,1.0489915594615609,1.0630612284195757,1.0533589237971968,1.0456309169073958,1.0375192405558424,0.9912137465996959,0.9673121744019268,8.554952666888066e-05,0.00012875422792242778,9.028334888137422e-05,0.00011071476772998283,6.997909797267616e-05,0.00010038538568492343,6.050391228677249e-05,9.764453241557322e-05,6.203337641521469e-05,8.867684776068915e-05,5.954743192165115e-05,8.829294629763003e-05,6.806838528634143e-05,6.431299502303665e-05,6.791206922039341e-05,5.6793859329112476e-05,6.05101412768402e-05,4.674590369478699e-05,4.669094716073561e-05,4.026475643576264e-05,3.526893279520014e-05,3.469363103481047e-05
2024-08-08,2024Q3,10:00,1.124229712573994,10:30,1.031816734449214,13:30,1.0593655346303426,13:00,1.0764646532671946,13:00,0.97940215810193,14:30,1.0256973557599258,13:00,1.0219271818478215,10:30,1.124229712573994,1.0857875148376115,1.0754390234573385,1.0836179747056842,1.0483292450519786,1.0622560797424587,1.0533672774226046,1.0458743120921377,1.037903856675424,0.9914752160326796,0.9673967941574946,0.00015331927025162743,5.500751476775835e-05,0.00011175969139297866,2.5987987407282627e-05,9.992784712440855e-05,2.560902176218103e-05,9.763287158863753e-05,2.534325374781895e-05,8.224902792985714e-05,2.5268249310091885e-05,7.174000009275927e-05,2.3600323115068912e-05,6.959004440865448e-05,2.2380408289223698e-05,4.66265334019541e-05,7.3834514367615785e-06,3.177603814705082e-05,6.9792047638441256e-06,2.8096391513864582e-05,6.9379580651253805e-06,2.131759968001101e-05,6.795119455941743e-06
2024-08-09,2024Q3,10:00,1.1254838355786319,10:30,1.0535770117024374,13:30,1.0809256739301432,13:00,1.1035658731082187,13:00,0.9974947039134637,13:30,1.0324179188184903,13:00,1.046476372643799,10:30,1.1254838355786319,1.0870894228430323,1.0767116323497359,1.0849976626101745,1.0495203698181534,1.0633505749100545,1.0545540271685159,1.0469846117812112,1.0386892954356832,0.9922932530621579,0.9681264328836254,0.00013040985760474997,4.93963665033187e-05,9.340409843313205e-05,4.2376192063044995e-05,7.620737405111224e-05,3.9958783003720116e-05,6.861983961727921e-05,3.876077171003206e-05,5.990964585524855e-05,3.745069448211475e-05,4.94441199854312e-05,3.745040900926399e-05,3.239527151216984e-05,3.291219257969248e-05,3.1007369018753275e-05,8.892810316268765e-06,2.466357558888566e-05,1.961067745321105e-06,1.7506542555985512e-05,9.378052466881989e-07,1.1667256563698508e-05,6.46619663217834e-07
2024-08-12,2024Q3,10:00,1.1265088206066776,10:00,1.072350635348599,13:30,1.0872700415201175,13:00,1.1012477165492003,13:00,0.9915246994119249,13:30,1.0378639182318952,13:30,1.0460746442503601,10:30,1.1265088206066776,1.087826633609498,1.0772946065914342,1.085519574474423,1.0499601644921335,1.0635760094487168,1.0544944397770426,1.0476036621182385,1.0394136761375223,0.9929323110483116,0.9686728145360004,6.944910111800835e-05,7.653234062840423e-05,4.1692171375187526e-05,5.091385460064845e-05,3.616198254475239e-05,4.7229665546389e-05,4.6381426198901694e-05,2.8032765522931858e-05,3.020470056657308e-05,1.4732625036820978e-05,3.049156819648455e-05,1.287684537949526e-05,3.5988152881866985e-05,7.247666431475366e-06,2.634722017721511e-05,5.99605349329512e-06,2.2806479281233643e-05,2.632028327041576e-06,1.5050173729364207e-05,2.402165165153834e-06,8.69675183057933e-06,1.5369827406493108e-06
2024-08-13,2024Q3,10:00,1.1262793729467022,10:00,1.0669920304008773,13:30,1.0907844135117482,13:00,1.1178976385053614,13:00,0.9993697504527662,13:30,1.0406499780868863,13:00,1.059392954314346,10:30,1.1262793729467022,1.087613549772617,1.0770362456528786,1.0858327969245547,1.050274602050926,1.0639694394332124,1.055224724643256,1.048176078874309,1.040056176088804,0.9934205427310752,0.9690294748730539,5.053122904457357e-05,1.598932979093467e-05,4.355777071951244e-05,1.539941756401518e-05,3.2944311095018685e-05,1.23743785565851e-05,2.6541325656629703e-05,1.1757755751918128e-05,2.463823351571395e-05,1.1541999471649168e-05,2.1840503153439734e-05,9.928117008429596e-06,2.063120532402043e-05,3.65544669507074e-06,1.7085072414722686e-05,3.3474664204656118e-06,1.447917719097391e-05,3.3432967184090026e-06,9.419748243789825e-06,3.221792960265871e-06,6.9307510607358875e-06,2.369310022179099e-06
2024-08-14,2024Q3,10:00,1.12672437912871,10:00,1.0710971662931645,13:30,1.1002456928505195,13:00,1.1278205005613113,13:00,1.0036249326116953,13:30,1.0492887324388167,13:00,1.068359012994061,10:30,1.12672437912871,1.0880306325257603,1.0773805166368853,1.086103210172592,1.0505416020531588,1.0642335365686202,1.055656840859713,1.0485633351777883,1.0404083311320305,0.9936602595657196,0.9692587869323913,6.176117398147503e-05,3.6701214179972314e-05,4.831918362984956e-05,3.5958504352457235e-05,3.570093708811029e-05,3.522339971322165e-05,2.7964664176559032e-05,3.2885961635342876e-05,2.2397129804494833e-05,2.5189096163606055e-05,2.485957768021477e-05,1.0836880458237518e-05,2.08193861436238e-05,1.0212738909785038e-05,1.526162459129306e-05,1.0178317943631189e-05,1.1204424646115617e-05,1.0152216717436742e-05,7.66305122811981e-06,1.0106089046736323e-05,5.8047717232039375e-06,7.4713014457633994e-06
2024-08-15,2024Q3,10:00,1.1270034937356124,10:00,1.0768979174909585,13:30,1.1044837232756135,13:00,1.1334259958850914,13:00,1.0082294282118713,13:30,1.0531990428236915,13:00,1.0734060964594967,10:30,1.1270034937356124,1.0881736070891868,1.0773410875802145,1.085951106651206,1.0504549296217296,1.06454554641294,1.055915370355696,1.0486941958420553,1.0404288730038895,0.9935685981149013,0.9691877235577891,2.871459041295622e-05,7.502675593448613e-06,2.4653940836635757e-05,7.340675106496265e-06,1.7891313793210575e-05,6.6431419261633476e-06,1.5000512174629428e-05,5.7502632790634895e-06,1.338013792892751e-05,5.535824151286732e-06,1.1736767505728027e-05,2.861763512916897e-06,1.2767453351216319e-05,1.4913914550437286e-06,9.044403153012994e-06,1.4387023699167534e-06,6.243214268896433e-06,2.1289102616121481e-07,4.816925520170646e-06,1.1423637282669925e-07,3.488809091711985e-06,7.90168489307798e-08
2024-08-16,2024Q3,10:00,1.1272805288879382,10:00,1.0872478663574263,13:30,1.1038408774038062,13:00,1.1401694345807236,13:00,1.0266618937311005,13:30,1.0523704148659356,13:00,1.0794977525078222,10:30,1.1272805288879382,1.0884327136037881,1.0775293369675454,1.086122871025891,1.0506162062910067,1.0647489946373427,1.0562036205559047,1.0489090740397027,1.0406215545169533,0.9937498198823105,0.9693564836452019,4.331484249513059e-05,1.1765437652881622e-05,2.8275694469666753e-05,9.999804656087304e-06,2.7069961425222273e-05,7.770109892023389e-06,2.1037048150586425e-05,7.043277672599241e-06,1.572587487020654e-05,5.402262284699346e-06,1.3051044674806332e-05,4.4725846840075675e-06,9.636502169444945e-06,1.7367032172493567e-06,8.372497320845282e-06,1.554951580901735e-06,6.510621494141704e-06,1.5541213017298732e-06,4.105476253417521e-06,1.2665082369957305e-06,2.8481988215009806e-06,8.674673465277711e-07
2024-08-19,2024Q3,10:00,1.127691411540188,10:00,1.0966962512347673,13:30,1.1053436567212935,13:00,1.1448769680233883,13:00,1.0282094223058733,13:30,1.0536100357423983,13:00,1.083748620096887,10:30,1.127691411540188,1.0887030584959503,1.0778571901601532,1.0863854477211001,1.0508304390062502,1.0649430247852676,1.0564045451066284,1.0491012986056483,1.0407781236548226,0.9938595042692343,0.9694557560305285,2.142092953188771e-05,1.4893239340048033e-05,1.6383143541855826e-05,1.4360696694253478e-05,1.2237926591565943e-05,1.0188534110155902e-05,1.135919323599533e-05,1.0181126412972746e-05,1.0465202887450039e-05,9.908647578269446e-06,8.604788980699684e-06,8.628375702534302e-06,7.558059490290148e-06,7.730429630251592e-06,6.2150288211465215e-06,7.608466412467148e-06,4.149136613339998e-06,7.074831768153896e-06,2.882417030106839e-06,6.984431715281121e-06,2.9502396525064524e-06,6.393017010997518e-06
2024-08-20,2024Q3,10:00,1.1277546466978294,10:00,1.095253977872232,13:30,1.1060506145231463,13:00,1.1440774269554776,13:00,1.0260593791878632,13:30,1.0543345302729803,13:00,1.0830078279943784,10:30,1.1277546466978294,1.0887146927170337,1.0778792122418441,1.0863913026295622,1.050831566282502,1.0649293583785437,1.0563888804702308,1.0490509252663631,1.0406753050081843,0.9937031568124967,0.9692952002021714,1.9878424806241238e-05,2.418935795454061e-05,2.3149429035892457e-05,1.4999314968050883e-05,2.086954877733156e-05,1.350678634299466e-05,1.9243955404126207e-05,1.2882374297249182e-05,1.5250742080963993e-05,7.220650314556763e-06,1.3949885521887025e-05,5.6320216252022296e-06,1.2408518507193236e-05,4.651473352268735e-06,1.0927114807159963e-05,4.5923501017534515e-06,7.690501067542122e-06,4.538359583725817e-06,6.258979907149959e-06,8.736813624290283e-07,3.985591153194828e-06,6.730367755794719e-07
2024-08-21,2024Q3,10:00,1.1276535078014647,13:00,1.0937794243701182,13:30,1.110645150071966,13:00,1.1484975870180996,13:00,1.035205600875622,13:30,1.0585385185157954,13:00,1.0869935090961793,10:30,1.1276535078014647,1.0888206499483706,1.0779898251267734,1.0864942034093528,1.050994854837059,1.0651154451233222,1.0565818263009317,1.049225068946221,1.040770219764814,0.9939107900162156,0.9694599881409717,3.6247561523380874e-05,1.7969703558459986e-05,2.8981775608527493e-05,1.7810489930455204e-05,3.149460189905198e-05,1.5108296002590686e-05,2.1533989982065606e-05,1.349167962545017e-05,2.1203275060645193e-05,9.724804210589394e-06,1.7056443544221493e-05,8.86355163715307e-06,1.55044947790474e-05,7.104050029396728e-06,1.1824106324149608e-05,7.029701202812176e-06,1.1263450863217766e-05,6.483177335570519e-06,6.148152031827822e-06,4.343524421391535e-06,4.7210110564684936e-06,3.5649834234395875e-06
2024-08-22,2024Q3,10:00,1.127871877196151,10:00,1.094756129616005,13:30,1.111185103215642,13:00,1.1531090884063748,13:00,1.0342729058168523,13:30,1.0589251977671055,13:00,1.0911454453761982,10:30,1.127871877196151,1.0889696031386782,1.0782563110863463,1.0866289603152761,1.0512288286479567,1.0652936219139755,1.0567877025860775,1.0493518385989244,1.0409146294032794,0.9939813043432073,0.9695225114420315,2.749295956540026e-05,6.847183778723309e-05,2.8062013361277518e-05,6.366478281977689e-05,2.5858831456014636e-05,6.258828924915389e-05,2.6159390510975656e-05,5.657100516935634e-05,2.7718826390694022e-05,5.0981299012328134e-05,1.7443326474840464e-05,3.959769960595015e-05,1.9314413208658786e-05,2.51721326464313e-05,1.6793285392799728e-05,2.516346810268803e-05,1.789702261533942e-05,1.1475259196479934e-05,1.178053896906026e-05,3.7210898942783793e-06,8.282979321311436e-06,4.0750858727632876e-07
2024-08-23,2024Q3,10:00,1.1271930503386345,13:00,1.0998359301253244,13:30,1.1027717349989958,13:00,1.1470415270199137,13:00,1.0409196133943412,13:30,1.0511817221337163,13:00,1.0855964877568345,10:30,1.1271930503386345,1.0883292280472463,1.077527684561145,1.0859376063596768,1.0506781996647394,1.064715347385288,1.0566002561320393,1.0490781106434772,1.0411048988878036,0.9942924897589795,0.9699123969179594,8.148158487747752e-05,7.578930340254152e-05,4.726163748956461e-05,4.759449169186582e-05,4.14916785969021e-05,3.221315762832372e-05,3.51355219506466e-05,2.7725748929611483e-05,3.5482606782434875e-05,1.9458130189090478e-05,3.265279520038813e-05,1.2199282018349889e-05,2.4593202687071557e-05,1.0601176048951298e-05,1.5850934144091967e-05,7.333169527280196e-06,1.0742321589750453e-05,7.314361024283275e-06,7.011781195089957e-06,6.672607471789635e-06,5.046283495763231e-06,6.639654758706773e-06
2024-08-26,2024Q3,10:00,1.12713922529328,13:00,1.1073251592167757,13:30,1.102437982379709,13:00,1.1548430154196034,13:00,1.0476661843011645,13:30,1.0506309714543862,13:00,1.0926239373873492,10:30,1.12713922529328,1.08825887802209,1.0776463110786885,1.0860359746841128,1.050998099090922,1.0651748476388636,1.0569446411553372,1.049310378556237,1.0412048427373861,0.994307012053931,0.9698435361597104,2.4089440247651993e-05,2.396078475585743e-05,2.5617378680888217e-05,1.9767825152867067e-05,2.462301839116175e-05,1.7981280306126556e-05,2.2806330528896057e-05,1.7322941074669283e-05,2.059929211101741e-05,1.5886097700427054e-05,1.5456896777962235e-05,1.174491548834817e-05,1.2731914129172906e-05,1.1408979981813312e-05,1.0284919060893428e-05,1.0560505901653018e-05,1.0135989339202332e-05,3.5333180226088596e-06,6.1868607689248626e-06,1.5852422043605164e-06,4.420917377999942e-06,5.224778615555795e-07
2024-08-27,2024Q3,10:00,1.127099455711641,13:00,1.105013310398452,13:30,1.0985146685643274,13:00,1.1545635699509742,13:00,1.0454617700633246,13:30,1.0469146406791268,13:00,1.0923416597184072,10:30,1.127099455711641,1.0883225102213732,1.0777380463038455,1.0861140817167096,1.0510810971902598,1.0652436814243724,1.0569619492939664,1.0492877125605276,1.0414111778479183,0.9944844850038376,0.9700369399522554,2.643767539483544e-05,1.1520660961574055e-05,2.0346408316716567e-05,7.007419733358368e-06,1.596107647947448e-05,5.9329196047526065e-06,1.586958798547385e-05,3.6907217423902268e-06,1.2701008896689045e-05,3.6002355875877272e-06,1.1113388588646172e-05,3.536352100945168e-06,1.0095861885830337e-05,3.5355395509213202e-06,7.035257699177075e-06,3.5408664129246153e-07,5.641969648696369e-06,2.4378244861094625e-07,4.130572162057579e-06,6.955781496514671e-08,2.4978707818211735e-06,2.253958388787511e-08
2024-08-28,2024Q3,10:00,1.1272827939596117,13:00,1.1069629072758882,13:30,1.099676527706774,13:00,1.1583847265256253,13:00,1.0471443555408348,13:30,1.0478325192551063,13:00,1.0957874197529072,10:30,1.1272827939596117,1.088519670905687,1.0779053373046787,1.0863460790997626,1.0512707001046078,1.0654152854540788,1.0571254110462716,1.0494773806872524,1.0415833522076374,0.9946408159757765,0.9701592814428607,1.7629570500968125e-05,6.222460743421421e-05,1.3233968156491537e-05,6.222449515131793e-05,1.3885903750233666e-05,5.507693376677034e-05,1.8689279214396104e-05,4.9083069728094566e-05,1.5413348254333025e-05,4.895655567511663e-05,1.5106694235667125e-05,4.613546538751796e-05,1.1614303757651445e-05,4.277422744771956e-05,9.702062764507094e-06,4.156491542676912e-05,1.694778091869606e-05,1.9407826670964168e-05,7.971016767774701e-06,1.8901443809581968e-05,8.283740540601146e-06,1.1306443533257063e-06
2024-08-29,2024Q3,10:00,1.126567707216308,13:00,1.0882626554207337,13:30,1.0899130379604405,13:00,1.1346664150478885,13:00,1.0302955927340631,14:30,1.0449471831203279,13:00,1.0742276240244915,10:30,1.126567707216308,1.0876757583424326,1.0771107911658009,1.0856693419121288,1.0505048829333696,1.0646208368249201,1.056262555227326,1.0485130809570065,1.041479018390703,0.9942242850830146,0.9705143689689865,3.641277036279288e-05,4.0115702760006084e-05,3.0532192183646626e-05,3.936284791683311e-05,2.4373411745520036e-05,3.869497347716414e-05,2.0741100211919112e-05,3.869330544097055e-05,1.5202857791374497e-05,3.8137328957047126e-05,1.2966990009065635e-05,3.600238411949193e-05,1.1334548997049573e-05,3.591688375318155e-05,1.0230130782209425e-05,3.453427021013724e-05,7.786199927148489e-06,3.4110402151464436e-05,1.1628459448681756e-05,1.7981733622028993e-05,1.1675892940217918e-05,3.974328784302069e-06
2024-08-30,2024Q3,10:00,1.1264482133851155,13:00,1.0747220114145097,13:30,1.0823609222259416,13:00,1.1164817749884703,13:00,1.0181340399316645,14:30,1.037712108915199,13:00,1.0576950020619444,10:30,1.1264482133851155,1.0874856898354504,1.076808678787632,1.085254079939047,1.0499772394849352,1.0640295374683257,1.0555800800910686,1.0477752296277383,1.0405941406383563,0.9939840741131993,0.9709006023073871,3.5136684518669236e-05,3.805246644124748e-05,3.0239632749079874e-05,3.699665357668935e-05,3.3678119546482134e-05,3.1696210212948756e-05,2.8325212684944808e-05,2.935848507391817e-05,2.3769925494094124e-05,2.9353633667705545e-05,2.50605735211951e-05,2.5985858042203393e-05,1.869636712432477e-05,2.3253339037885273e-05,1.5526094130382342e-05,2.3184450178623458e-05,1.1603275944394944e-05,2.3157421544445694e-05,8.65742759158799e-06,2.0983323865665977e-05,8.024496692230136e-06,1.7914266707739066e-05
2024-09-03,2024Q3,10:00,1.1263431023926893,13:00,1.0685431252982758,13:30,1.0822205694671951,13:00,1.1120061222667008,13:00,1.0124243336975116,13:30,1.0331200633501405,13:00,1.0536046985367609,10:30,1.1263431023926893,1.087331119914745,1.0768007811822402,1.0851850712920394,1.0498276875045887,1.0639692094137558,1.055430109424386,1.0475264278169514,1.040195869166661,0.9935155294307418,0.9704382242410462,4.230209983301133e-05,4.441927484739439e-05,3.5068328713573495e-05,3.319167864519213e-05,3.227279278039841e-05,2.1803292592682628e-05,2.9667903519548627e-05,1.8136432548873114e-05,2.5778622022777303e-05,1.6327132423588894e-05,2.2336936432128628e-05,1.632705232066655e-05,2.0344494819828666e-05,1.4575488310393233e-05,1.7073266420172284e-05,1.2588186321560618e-05,1.4503663608377552e-05,6.698417989656076e-06,1.1807701840555857e-05,1.2695514536754233e-06,8.199082660517126e-06,7.886047684839744e-07
2024-09-04,2024Q3,10:00,1.1262380304596928,13:00,1.0678956272821596,13:30,1.080623792604562,13:00,1.1145592338269679,13:00,1.0116889630281,14:30,1.033095838833681,13:00,1.055896519001166,10:30,1.1262380304596928,1.0873153207653161,1.076954178500904,1.085379888230228,1.0500108424790644,1.0640848623119898,1.0555572575249081,1.0476367061412064,1.0404360391297542,0.9939205579118389,0.9708051022698796,6.433453786551763e-05,3.1120708703592367e-05,4.505375886867554e-05,3.10539120538456e-05,3.808942931081103e-05,2.3348633732806467e-05,3.574020592434214e-05,1.323163853108423e-05,2.9902505758831363e-05,1.292729613868124e-05,2.4785310048702533e-05,1.2742009911162424e-05,2.1361917005593432e-05,1.2570594041898491e-05,1.755174479821097e-05,8.434584552235205e-06,1.4004817600530186e-05,8.113030253165306e-06,1.0104067367168266e-05,7.525827133586514e-06,9.413354426874164e-06,1.996220426604434e-06
2024-09-05,2024Q3,10:00,1.1266359675194437,13:00,1.0736208908759133,10:00,1.0830262120190104,13:00,1.1191110661868076,13:00,1.0169131314996174,13:30,1.0331454950189811,13:00,1.0600005537182062,10:30,1.1266359675194437,1.0874897416284988,1.0771798489940858,1.0857968391383217,1.0503569738196037,1.064346272098414,1.055764605274268,1.0478839233160946,1.0406133076569624,0.9940213019170908,0.9711739981652374,5.834083838896378e-05,8.368046943132148e-05,3.396704892317013e-05,8.103008503965094e-05,3.831873974004512e-05,5.790731699772769e-05,4.4574179055802185e-05,3.726074474791614e-05,3.8701343098867724e-05,3.6800775329238644e-05,2.9957188632654836e-05,3.316187571818761e-05,2.373826673654195e-05,3.303855046594341e-05,1.969973388733206e-05,3.0120706232779556e-05,1.5921462768805696e-05,3.930464479809718e-06,1.2218140945403713e-05,2.552475584514109e-06,8.755689802860855e-06,2.4272281792516493e-06
2024-09-06,2024Q3,10:00,1.1261482040071344,13:00,1.0783866940281217,13:30,1.0798220452420413,13:00,1.110992970270853,13:00,1.0217032492541624,14:30,1.0384508236923367,13:00,1.0525956356010666,10:30,1.1261482040071344,1.0866540593275023,1.076760839121205,1.0858770663403456,1.0503579776408718,1.0642220625330263,1.0554793623445338,1.0475477009500451,1.0409902251770842,0.9943929491174894,0.9714897093282407,8.57717527982456e-05,7.524561629443782e-05,7.841954495268302e-05,3.929455666663645e-05,8.307962225581039e-05,1.8489488523757873e-05,6.227072708870787e-05,1.678192405437932e-05,5.061637763598257e-05,1.4226770947501787e-05,4.217498189754739e-05,1.2586017537678535e-05,3.502748579365217e-05,1.2344129933658318e-05,3.109794699215894e-05,1.0525099547491095e-05,2.429496640563034e-05,1.0253834179883302e-05,1.8569274815783158e-05,8.863357989622571e-06,1.3511520923558297e-05,7.995370478364067e-06
2024-09-09,2024Q3,10:00,1.1261622245648077,13:00,1.0904471333344743,13:30,1.0846159339582275,13:00,1.124109785336476,13:00,1.0325790022388124,14:30,1.0410336114811996,13:00,1.0644552358996309,10:30,1.1261622245648077,1.0872049578806071,1.0778607166799297,1.0867352208787497,1.0511133506279229,1.0648914953496547,1.0560423279673454,1.0481164124755393,1.0414240085469155,0.9947673361844209,0.9717730228754312,5.273009950114277e-05,4.026398805694658e-05,4.9778567445690815e-05,3.90390582237478e-05,5.0159374395920406e-05,3.184507676136927e-05,3.661565375939051e-05,2.9081964562656237e-05,2.545435196899098e-05,1.7605411964073527e-05,2.1971315074540704e-05,1.4845806120741756e-05,1.9765283235889015e-05,1.3646749294850824e-05,1.559357521515373e-05,1.3544825286646549e-05,1.657020707742288e-05,5.156786288068031e-06,1.1249896776742788e-05,3.0375026991413036e-06,7.241068628538588e-06,2.976304017527467e-06
2024-09-10,2024Q3,10:00,1.1262623213346354,13:00,1.090053061015699,13:30,1.0849688266550825,13:00,1.126839908786286,13:00,1.0320719913051641,14:30,1.0443793320077612,13:00,1.06690210792082,10:30,1.1262623213346354,1.0873180170882035,1.0781362663130916,1.0868327970710157,1.0512604410513948,1.0650347761414376,1.0561792880719607,1.0481559791110053,1.0417806309814541,0.9950830729109434,0.9719874840336689,4.2636857993640385e-05,5.538169917505416e-05,3.923241747719931e-05,5.3783435655877296e-05,3.469275063630714e-05,5.254199028930896e-05,2.576464852176716e-05,4.9248038103631924e-05,3.661565375939051e-05,1.2898860123336017e-05,2.9825733335250364e-05,1.2861712117399373e-05,2.3076711269274104e-05,1.0047640377620879e-05,1.6590109445518385e-05,5.448111177193412e-06,1.193506003883851e-05,4.3368715908714525e-06,7.997570950301684e-06,1.345578182411547e-06,5.953390317256e-06,1.0098325818282618e-06
2024-09-11,2024Q3,10:00,1.1259950467759143,13:00,1.0964434830760206,13:30,1.085734556201761,13:00,1.134127069765131,13:00,1.0378092554730736,14:30,1.0445877444406853,13:00,1.0734776466387213,10:30,1.1259950467759143,1.0870215961805467,1.0777545709437713,1.086292794155981,1.0517483238849603,1.065409658601284,1.0564980773622212,1.0484640662055107,1.0420167690217275,0.9953385645449637,0.9722326598075026,7.109497663759926e-05,0.00011286725952019928,6.639192717180752e-05,7.086887854494288e-05,5.7339800007436085e-05,7.074073295190206e-05,5.158911289447073e-05,6.452984063137932e-05,4.2090121357637676e-05,5.111614540732462e-05,3.724064199687776e-05,3.295920038156665e-05,3.078934993022643e-05,3.1925305758289215e-05,2.1293388291130573e-05,2.3373706348629684e-05,1.8883207667028263e-05,1.959869359990646e-05,1.3085972697887482e-05,1.622816713078082e-05,1.2316120291917823e-05,1.473782392363879e-05
2024-09-12,2024Q3,10:00,1.1252379755308686,13:00,1.0900684581272724,13:30,1.0834074362886332,13:00,1.1307976984392425,13:00,1.0318485158959756,14:30,1.0413881299426242,13:00,1.0704024304287176,10:30,1.1252379755308686,1.0868578490878236,1.077426363162403,1.085933191125864,1.0515016147614598,1.065459029792211,1.056422954856647,1.0483731384877817,1.0419678030318666,0.9952209739500928,0.9721334911210001,6.210364278874817e-05,3.976695114662661e-05,4.500748738802222e-05,2.749897674356523e-05,4.9871988149635065e-05,2.1903457403374024e-05,4.345929387374838e-05,2.1147402170398623e-05,3.721296643206053e-05,2.026421555488215e-05,2.8282142912986944e-05,1.74450202997469e-05,2.430085125763456e-05,7.887183120568442e-06,1.8160315113200804e-05,6.264964119201818e-06,1.3804167402840417e-05,7.943184424422168e-07,9.398380138054681e-06,7.820497589915448e-07,9.60688502890357e-06,7.962902669663218e-08
2024-09-13,2024Q3,10:00,1.1254725216252608,13:00,1.091428435366013,13:30,1.0863093382095135,13:00,1.140307955145056,13:00,1.0327370131619733,14:30,1.044332624958867,13:00,1.0789880431202241,10:30,1.1254725216252608,1.0870903550292217,1.0778823942194047,1.0863312044560898,1.0518376775721767,1.0656841290708223,1.0568309467522055,1.048701131121358,1.0423806739778734,0.99555151126611,0.9726030733676417,4.686398865914365e-05,1.4256075982740821e-05,3.952590835595429e-05,1.4239637111720242e-05,2.932685570168428e-05,1.2617361195218332e-05,2.3934205039658197e-05,1.261470217744495e-05,1.814728071944184e-05,1.0466367617190738e-05,1.9473755537806053e-05,6.824079648570352e-06,1.5657081845363755e-05,5.4766415128966505e-06,1.1950783567017215e-05,4.60743964364498e-06,9.993840472806676e-06,4.516390395586729e-06,1.1499065192501558e-05,4.899481972552119e-07,5.773075666061274e-06,4.898340259043805e-07
2024-09-16,2024Q3,10:00,1.1258889178773608,13:00,1.0975237619108114,13:30,1.0866862059332336,13:00,1.1461714322627994,13:00,1.0382568770310479,14:30,1.0469535094245852,13:00,1.084277546512093,10:30,1.1258889178773608,1.0874600403712917,1.0781553151671166,1.0865298351580515,1.0519884723214232,1.0659673727371384,1.0570830650785001,1.0489025287653548,1.0425488346952994,0.9959737325409193,0.9728640697203169,2.7789549874982022e-05,9.69829084455122e-06,2.7351293813099467e-05,6.358362299032535e-06,2.6180803354981886e-05,4.6316003385626535e-06,2.1552347113181283e-05,4.597266439709859e-06,1.7392396574257657e-05,4.008183630955508e-06,1.5246858552720274e-05,3.969159803202591e-06,1.2227259008894007e-05,3.894058138830908e-06,9.047482338576479e-06,3.826599628686558e-06,7.0129211141272374e-06,1.6026148639102211e-06,4.593300159975145e-06,1.5980627184034914e-06,3.15994589305498e-06,1.546413591976896e-06
2024-09-17,2024Q3,10:00,1.1261168225085827,13:00,1.1089507955689575,13:30,1.090056556905304,13:00,1.1510497729429852,13:00,1.0488612753265505,14:30,1.0485390133595303,13:00,1.0886790808368587,10:30,1.1261168225085827,1.0877742055055268,1.0785229654335902,1.086851276273861,1.0522667824732723,1.0662230708846603,1.0572902457702986,1.04904491987756,1.0427187706012908,0.9960888227104164,0.9729456391019382,3.25833422475903e-05,3.153540302005918e-05,2.6138039676933904e-05,2.435410532748675e-05,2.2866475166892233e-05,2.2146797811905195e-05,2.2060282483889987e-05,2.213235948615727e-05,1.8890813960319922e-05,2.2008595528629374e-05,2.2712913595675828e-05,1.7389765221134446e-05,2.3485455867802304e-05,5.772349851521494e-06,1.638374059928542e-05,3.2151225055820905e-06,1.3757875782984946e-05,3.1912814813192043e-06,8.524789577811692e-06,3.18898250120347e-06,6.679111858436381e-06,2.0220301946578146e-06
2024-09-18,2024Q3,10:00,1.1260772681913778,13:00,1.1097525787902105,13:30,1.0935880749725047,13:00,1.1617095473652257,13:00,1.0491790779582562,14:30,1.0509195624083776,13:00,1.0983000851312843,10:30,1.1260772681913778,1.0877687698587641,1.0785052839186189,1.086812575780234,1.0521766702533943,1.0663198609236213,1.0577341867604078,1.0494129301772115,1.0430505298923272,0.9962938615146406,0.9731777745413727,0.0001677001537575884,8.977376713218968e-05,0.00017714134854229308,8.972692796271656e-05,0.00017301119861979941,8.936285774740968e-05,0.00017274598112472636,8.935150752287395e-05,0.00018713606783528743,8.56609061096568e-05,0.00016826308568094724,7.993314424217048e-05,0.00016121201830555346,7.877787412425572e-05,0.0001537047143641318,7.876249109906601e-05,0.00016067416063110778,7.796698849968692e-05,7.312215109062968e-05,5.546957265404137e-05,4.419051321727124e-05,4.4225049221313566e-05
2024-09-19,2024Q3,10:00,1.1269756149032923,13:00,1.1405164857706884,13:30,1.111540898580447,13:00,1.2041709428667124,13:00,1.0762438744360727,14:00,1.0583537220425898,14:00,1.1382478888594825,10:30,1.1269756149032923,1.0889893455813573,1.0798324845259097,1.088277824856323,1.0542210493911632,1.0682427655104811,1.0597193748194786,1.0514181004511944,1.0455682212947515,0.9969770428531022,0.9732343908809861,4.8949606827389934e-05,2.9024270742759465e-05,3.729641150411356e-05,2.0160901126784005e-05,3.8131039968022e-05,1.3652807276315705e-05,2.7570955805146068e-05,1.0633648083043873e-05,2.4143857780437096e-05,9.85812219661819e-06,1.6663855644948374e-05,4.748159007698564e-06,1.5177606671462468e-05,4.644735801861379e-06,1.2654668810951148e-05,4.2197975980482646e-06,1.034378676002204e-05,2.951502229968888e-06,1.0508548833650036e-05,2.0394970062498074e-06,6.60043549053241e-06,2.0353168986716187e-06
2024-09-20,2024Q3,10:00,1.12719455882971,13:00,1.143363298087319,13:30,1.112799699389526,13:00,1.2100580483020296,14:00,1.0800642444081054,14:00,1.0593602133010036,14:00,1.1434051166636499,10:30,1.12719455882971,1.0892246956395941,1.08023744933758,1.0885876850674687,1.0545107939607936,1.0685111931714761,1.0599807398282481,1.051649996900853,1.045798479818686,0.9973012453266282,0.9734614668033424,4.24018301367794e-05,1.9719816152337233e-05,3.3024561058196106e-05,1.957329196900713e-05,2.8578360920259187e-05,1.7193207851524034e-05,2.6101789091419346e-05,1.668554320692506e-05,2.1285979982913503e-05,1.3612553503788067e-05,1.7060393280399613e-05,1.0413972106182821e-05,1.3909528041849305e-05,1.0335265974525799e-05,1.1442831479763522e-05,1.0334747547978026e-05,8.655536560788573e-06,1.0294104764203961e-05,7.815076812125515e-06,4.000416725248325e-06,5.038060665003256e-06,1.6436994089973517e-06
2024-09-23,2024Q3,10:00,1.1274664651650474,13:00,1.1275087076815287,13:30,1.1119409667654077,13:00,1.2109239462437695,13:00,1.0636312555988454,14:00,1.0577916045334212,13:00,1.1423207187697975,10:30,1.1274664651650474,1.089404203954518,1.0804106434776728,1.0887413804950916,1.0546567998143646,1.0686485489950988,1.0600560125950031,1.0516661978787152,1.0457315597136403,0.9974475581103793,0.9736304469824008,2.4596640648118336e-05,6.297060387104586e-06,1.7930174041499673e-05,2.7853025476814802e-06,1.3912243772157247e-05,2.782731997857021e-06,1.2579010288367676e-05,2.7477538269970965e-06,1.1840588548616857e-05,2.7107540177714614e-06,1.0775758991151595e-05,1.3650920013691551e-06,1.0956137343083573e-05,1.0816803814756685e-06,7.664070062516877e-06,1.0290335391785071e-06,4.891028588224861e-06,1.6190923144535313e-07,3.355458801869292e-06,1.61392820245559e-07,2.126379894336098e-06,4.858910606866005e-08
2024-09-24,2024Q3,10:00,1.1277022723949914,13:00,1.1310663139880295,13:30,1.1134421995799857,13:00,1.2169381198495486,13:00,1.066735809799022,13:30,1.0585541869518547,13:00,1.1477235726133972,10:30,1.1277022723949914,1.0896326405282064,1.0805994096162,1.0889269994080564,1.0548459827915504,1.0688642423980501,1.060305938544547,1.0518518686191993,1.0458813097912025,0.9975697370205413,0.9737326351457064,2.0371599082886318e-05,1.1058451278272758e-05,2.070740006214101e-05,8.142651313583068e-06,1.2257174550805885e-05,3.0096582097372673e-06,9.932202196436622e-06,2.6288109629555543e-06,9.980980396605637e-06,1.0993963741039263e-06,8.989728172540899e-06,1.0848889996113981e-06,7.583010247268726e-06,1.0579557008536645e-06,5.7769280538100436e-06,9.709045704929915e-07,4.3093837671889915e-06,9.041429041715915e-07,3.105709110431082e-06,7.670522193786625e-07,1.8700810565977414e-06,6.401201817790418e-07
2024-09-25,2024Q3,10:00,1.1278087383272353,13:00,1.1322612236999816,13:30,1.114664757963029,13:00,1.220903975869026,13:00,1.0676969952397042,13:30,1.0595813412446504,13:00,1.1512851268118445,10:30,1.1278087383272353,1.0898141129582382,1.0807552667616642,1.0890638650730449,1.0550317832025629,1.0690455102804726,1.0604705536759353,1.0519860199252606,1.0459879889360684,0.9976592520918532,0.9737939132784591,1.509877602288207e-05,3.801460447851229e-06,1.4502143884884451e-05,3.3272200098217458e-06,1.1807964749396675e-05,3.2742414516767756e-06,1.0682372083761971e-05,2.5701434453117095e-06,8.667101149410779e-06,2.5645067917485306e-06,7.732220618548171e-06,2.5430174709221094e-06,8.219614671520124e-06,1.1364877248624263e-06,7.38195590768313e-06,1.0262002309833252e-06,6.696143871628826e-06,2.657495021336311e-07,4.712615893253376e-06,2.4472375627098236e-07,2.4133092065932208e-06,1.8573123499116004e-07
2024-09-26,2024Q3,10:00,1.1279544159382993,13:00,1.1339942073953646,13:30,1.1175598928798574,13:00,1.2252522825138337,13:00,1.0691509946226363,13:30,1.0621539116674847,13:00,1.1551908184100617,10:30,1.1279544159382993,1.0899808748253046,1.0808983835652624,1.089216476181703,1.0551573411707882,1.0691615689845801,1.0606492563715149,1.0521637971707793,1.0461915349481972,0.9978301504567552,0.973903635411423,1.698703500882448e-05,2.1761339808313348e-05,1.661398075108948e-05,1.8424050970342434e-05,1.9374896981251744e-05,1.2270687116194134e-05,1.3202343354432195e-05,1.2101280454642648e-05,9.729149105259187e-06,8.42404399568708e-06,1.096420972087947e-05,3.6448360878853595e-06,1.0492591230485375e-05,3.5462412161918666e-06,8.20079337269486e-06,3.546229020382732e-06,5.116195320670572e-06,2.913967446503166e-06,3.974415251349608e-06,3.128742965481291e-07,2.3006515317551077e-06,1.9765813272529198e-07
2024-09-27,2024Q3,10:00,1.1278525961671348,13:00,1.1418869012634196,13:30,1.1278462956456792,13:00,1.2291992012324404,13:00,1.076418350934271,14:30,1.0735706572494064,13:00,1.15872471756738,10:30,1.1278525961671348,1.0899277172023127,1.08100413325596,1.0892168909286133,1.0551750394017514,1.0693251536941386,1.060820730408698,1.0522898617035088,1.0462571016422426,0.9979702119539502,0.9740072476444016,1.7577570589849886e-05,1.5732756486802214e-05,1.3742644702920254e-05,1.3658545783307084e-05,1.1790385665388142e-05,1.3613663087969296e-05,9.865018826956485e-06,1.3008059386480047e-05,9.66792481307477e-06,1.0755709951649703e-05,1.1207416914741643e-05,1.068935066990232e-05,8.830856254147706e-06,1.0689323785300802e-05,8.729611294922683e-06,9.890976846318087e-06,4.367145868707076e-06,8.47643128111143e-06,6.148155292752883e-06,3.7033860996540933e-06,3.5706351152101817e-06,5.256190047519334e-07
2024-09-30,2024Q3,10:00,1.127850351666301,13:00,1.146903445603155,13:30,1.1252028179714129,13:00,1.2264217114314673,13:00,1.081212393794812,14:30,1.0718267511912334,13:00,1.156176101399184,10:30,1.127850351666301,1.0899101822039214,1.080953515008313,1.0891336195718468,1.055139644273262,1.0693199938361737,1.0607568431377135,1.0522425310126793,1.0461143963597257,0.9980639862935091,0.9741575728477875,3.0311225420398952e-05,5.645200610910852e-05,2.3350550161842256e-05,5.6322722817655895e-05,2.0101890334290996e-05,5.589476051690956e-05,1.587654687486416e-05,5.5535093589784424e-05,1.3266083005223385e-05,5.55175566115255e-05,1.081030080843718e-05,5.5026869009474004e-05,1.0545922336426247e-05,5.4667610600154325e-05,1.1585320416280532e-05,5.377422297296158e-05,8.43992944584549e-06,5.294232275848456e-05,1.645933441296353e-05,3.672185924626009e-05,6.305382165234193e-06,3.1525971208431196e-05
2024-10-01,2024Q4,10:00,1.1274014391662446,13:00,1.1235667809221606,13:30,1.107727203938573,13:00,1.190862708727417,13:00,1.0604185640636106,14:30,1.059013499454587,13:00,1.1239322352955143,10:30,1.1274014391662446,1.089327767654105,1.0802567227505477,1.0882713999184617,1.0541867857315845,1.0682099208770024,1.0595502747675039,1.0509756312012466,1.0446286515653365,0.9972929576361932,0.9729599499191585,6.417803252163824e-05,6.661270387213491e-05,5.03560378993995e-05,5.212588068691928e-05,4.3566177702324815e-05,5.090760590158933e-05,3.9076352380666005e-05,5.084985230215688e-05,3.3145954898564824e-05,5.016775881017271e-05,2.9399663522100624e-05,4.97632205435473e-05,3.101491451138638e-05,4.929623609581959e-05,2.8695933511464187e-05,3.734310549322646e-05,2.0831412142958526e-05,1.147445573255632e-05,1.4013682236923847e-05,7.088345773574752e-06,8.03625336667478e-06,7.072092690454174e-06
2024-10-02,2024Q4,10:00,1.1272546001491683,13:00,1.1113248600437207,13:30,1.1053062498516333,13:00,1.1737785570590353,14:30,1.04952531399579,14:30,1.063595119335421,14:00,1.1114193925326363,10:30,1.1272546001491683,1.0892294483800655,1.0800594071720464,1.0879573858740275,1.0537721154279325,1.0676614690153692,1.0590113637950862,1.050678892300846,1.0449084850112205,0.9975580690517012,0.9730166265044707,4.354123703865041e-05,2.054936275878499e-05,3.236130364549509e-05,1.6435210349438376e-05,3.0099921429771673e-05,1.6427210329320702e-05,2.431455948261325e-05,1.217150142672675e-05,2.1545918970739594e-05,1.2168166978575938e-05,1.8410104844302075e-05,1.2166817777701495e-05,1.9966305701552107e-05,4.398218176377174e-06,1.5097383870739465e-05,3.4340133089012978e-06,1.0393518047026865e-05,2.475050897866491e-06,7.693608182456703e-06,1.3217543113610425e-06,4.705633272045024e-06,6.665325227230245e-07
2024-10-03,2024Q4,10:00,1.1275284973898398,13:00,1.115063894294357,13:30,1.1090784065307928,13:00,1.1829879090176496,13:00,1.0525426919794796,14:30,1.0695261402241714,14:00,1.1172470033991975,10:30,1.1275284973898398,1.089450623263644,1.0802727286702676,1.0881711406384966,1.0539553163380724,1.0677865561766613,1.0594001581040822,1.0510019973978562,1.045155473145169,0.9978014293428064,0.9732156365205439,4.110987923608885e-05,3.1184007412520594e-05,4.1117750506249344e-05,2.9742368625311994e-05,3.9089679476012244e-05,2.89765588534767e-05,2.6904170761825123e-05,2.721725427600684e-05,2.1605585687180602e-05,2.410922352529202e-05,1.8394016615487754e-05,2.389363759493392e-05,2.4441126721426526e-05,7.0504047537379115e-06,2.2123742928226935e-05,6.987178594046327e-06,1.3968958358366782e-05,6.119217067493804e-06,9.40340794442404e-06,6.111499608899347e-06,5.728380492704424e-06,5.926077778180136e-06
2024-10-04,2024Q4,10:00,1.1276084281052727,13:00,1.123220498331379,13:30,1.113333503877603,13:00,1.1930700999297088,13:00,1.059810828854268,14:30,1.0705228835190124,13:00,1.125717179633157,10:30,1.1276084281052727,1.0895838664988369,1.0804070856223695,1.0881187962720058,1.053875459394637,1.0676223438983805,1.0598311205648476,1.0514175671121195,1.0453950156486185,0.9979275770755587,0.9732137254498349,5.586569461017363e-05,3.931565433051298e-05,5.181726933653445e-05,3.431457613731771e-05,3.4669750478454164e-05,2.973410849198567e-05,3.52168149123285e-05,2.413510094343363e-05,2.4836409157980392e-05,1.4792818759840503e-05,2.305480689281837e-05,1.3525610697564287e-05,1.774925411408888e-05,8.945776336498645e-06,1.453139737525634e-05,8.93784799494339e-06,1.3266612724833942e-05,6.801515835243107e-06,7.348878669950257e-06,5.947714194776343e-06,4.626311758518543e-06,4.443015269529551e-06
2024-10-07,2024Q4,10:00,1.1277633034309744,13:00,1.1718759393430205,13:30,1.1147054560416731,13:00,1.1975250818597702,14:00,1.1083906615736516,14:30,1.0715970019188157,13:00,1.1296969201714975,10:30,1.1277633034309744,1.089804352273092,1.080450970734575,1.0882915008856586,1.0540694890094398,1.0678209839444648,1.06004102558585,1.0515618813203522,1.0455896948535384,0.9979815103808869,0.9732285468751922,2.9111938800025274e-05,3.384577549981513e-05,2.0884338287787575e-05,3.212000021181139e-05,1.806225988386065e-05,3.189166377183924e-05,1.5871565844347094e-05,3.1445666139053757e-05,1.4441682774798176e-05,3.067634611819645e-05,1.2718451313780382e-05,3.05569266370931e-05,1.2269303474752293e-05,3.017941899205401e-05,1.020030708830813e-05,3.0047429298418434e-05,6.923690944030416e-06,3.004595601274382e-05,5.803806866470689e-06,2.74139583687283e-05,1.1098320209276252e-05,3.8272823137602666e-06
2024-10-08,2024Q4,10:00,1.1276417190488,13:00,1.1612582899209725,10:00,1.106808700708377,13:00,1.182616734010976,13:00,1.0960015618196537,14:30,1.059228639605411,13:00,1.1161597714822729,10:30,1.1276417190488,1.0895886863135724,1.080168393077669,1.08793780936888,1.0536942600123558,1.0673621896106777,1.0595407254648208,1.0509609444261616,1.0448159290299297,0.9971599218066549,0.9735899834235312,2.524944323766479e-05,6.975490296694328e-06,2.1632477829178567e-05,6.848658386914783e-06,2.0215511494709776e-05,4.21787158982746e-06,1.7069574107290416e-05,4.2164055810463986e-06,1.3820117284259522e-05,3.833920411944159e-06,1.2589941693701056e-05,3.734531069363275e-06,1.2361303761291476e-05,3.6328665994739235e-06,1.1503728362965693e-05,2.676338598397338e-06,6.795240150459304e-06,2.124684635979379e-06,4.060337386896026e-06,1.9114626527214877e-06,3.264705772513615e-06,1.9734358567973968e-07
2024-10-09,2024Q4,10:00,1.1278750327290863,13:00,1.1616715385443273,10:00,1.1110830334796462,13:00,1.1876976455464068,13:00,1.0961682127776984,14:30,1.0592993447997414,13:00,1.1207267822626492,10:30,1.1278750327290863,1.0898050945287105,1.0804382723679096,1.088178378245592,1.053899340546249,1.0675604257601323,1.0597566368036189,1.0512050202850305,1.0449604657552485,0.9972420297720392,0.9737405943735844,2.3040291599604238e-05,1.6376181713406092e-05,1.861342374621757e-05,1.499802868753731e-05,1.768797848336906e-05,1.3282953489993813e-05,1.8915252804023196e-05,1.1367587802997758e-05,1.8972241252534606e-05,7.118733780971323e-06,1.677047539348904e-05,5.9178686261233865e-06,1.516938388058948e-05,5.49034080492361e-06,1.174081089256555e-05,4.413464265469714e-06,1.1555618236133959e-05,2.939059571744883e-06,6.532043209387609e-06,1.6866302156075497e-06,3.524150747533902e-06,1.520117922409973e-06
2024-10-10,2024Q4,10:00,1.1279363555311854,13:00,1.1666173708749796,10:00,1.110098344856679,13:00,1.193187240666964,13:00,1.1005888710458689,14:30,1.0575743354106077,13:00,1.1256549327454846,10:30,1.1279363555311854,1.0898397310688694,1.0804957623447755,1.0883044957945958,1.0541398112071783,1.0678012296198753,1.059993792020053,1.0514044282168113,1.045228467073946,0.9974268706524991,0.9738407769385501,2.9978844953357993e-05,1.1385151482353932e-05,2.3788035744086473e-05,1.0810279178141767e-05,1.958942027542108e-05,9.952367087549316e-06,1.4775103841333517e-05,7.777852423050545e-06,1.3135428008491983e-05,6.318235553581303e-06,1.1915461438043354e-05,6.246538270371441e-06,1.3427422583636995e-05,3.673910850486273e-06,9.615492242731028e-06,3.5934492005205517e-06,7.863218486444247e-06,3.47379833212133e-06,5.986183841189578e-06,1.5513804617909488e-06,4.426130888090013e-06,1.5301882902570172e-06
2024-10-11,2024Q4,10:00,1.1281662755396589,13:00,1.1626884729043867,10:00,1.1180882290433969,13:00,1.1989775669217966,13:00,1.0966322336339662,14:30,1.0584827119999372,13:00,1.1308596222735523,10:30,1.1281662755396589,1.090023023111415,1.080647981761215,1.0884260697856538,1.0542755476212107,1.06792205195579,1.0602355440998907,1.051568325278062,1.045362140254521,0.997596027638389,0.9739846703943212,2.2909270643555165e-05,2.1733735325610535e-05,2.2380256820951752e-05,5.861172375571107e-06,1.7296554856308314e-05,4.548861217811073e-06,1.4157793351894223e-05,4.541457187591041e-06,1.1893908878516874e-05,3.926151454219499e-06,1.195613914103545e-05,1.7462689404557576e-06,1.0360014666073796e-05,1.7286881745967577e-06,7.383491305825984e-06,1.7284488655128852e-06,4.958092987013818e-06,1.5140242257594378e-06,4.001339783570137e-06,1.1677941702416078e-06,2.7545213759368915e-06,9.973973729424406e-07
2024-10-14,2024Q4,10:00,1.1281446813306042,13:00,1.169131547220536,10:30,1.1196837320604798,13:00,1.204336305780768,13:00,1.1024844049419584,13:30,1.0574998251169605,13:00,1.1356822921982515,10:30,1.1281446813306042,1.0902671264362542,1.080861253728407,1.088603581605822,1.0544380933141475,1.0681544842820394,1.0604517778027764,1.0517245941302518,1.045468743487893,0.9977041127235684,0.9740720553803293,1.5588545226589616e-05,4.436483612759221e-06,1.130507159285057e-05,4.3832886903415596e-06,1.0150632652360466e-05,3.1031343434487154e-06,8.628238634479959e-06,3.098457422772307e-06,6.145067665245313e-06,1.8528108551600206e-06,5.588922128045651e-06,1.6354261569463726e-06,5.009448963097666e-06,1.6143601601564403e-06,3.9039701514912715e-06,1.6137052084114985e-06,3.0245669890450327e-06,1.4982111597127793e-06,2.9063136171640756e-06,9.080235037520086e-07,1.958206846166185e-06,8.028814618930373e-07
2024-10-15,2024Q4,10:00,1.1282866255994144,13:00,1.161880387907157,10:00,1.119936318076805,13:00,1.206338138835366,13:00,1.0955602197524252,13:30,1.0533519043370425,13:00,1.13748032089497,10:30,1.1282866255994144,1.0903667384562452,1.080978325087721,1.088704811964267,1.054525945802106,1.068242974652922,1.0605353927232946,1.0517865494998522,1.0455147959849416,0.9977803384988208,0.9741296936413351,1.6909428349525267e-05,1.6569362878905398e-05,1.4940868487184632e-05,1.3898529529700526e-05,1.6613048637689344e-05,9.199178505477416e-06,1.2857532045559567e-05,8.883766282288395e-06,1.3476429457938623e-05,6.469326866954217e-06,1.0134669375404189e-05,5.018370320348324e-06,7.744888657366781e-06,4.7122534328165925e-06,8.111992074905876e-06,3.4008468010339838e-06,5.910010661212334e-06,3.354859742740458e-06,4.904666637407603e-06,2.7948707998271588e-06,3.6778245860117024e-06,2.170509510653505e-06
2024-10-16,2024Q4,10:00,1.128262683348298,13:00,1.1777841818870012,10:00,1.116520629622261,13:00,1.207694358145644,13:00,1.1104832869105,13:30,1.0507341861590718,13:00,1.1386843371152622,10:30,1.128262683348298,1.0903634784488303,1.0810931796606893,1.0887661673532283,1.0546654036059266,1.0683529136007275,1.0606050498641366,1.0519138573121374,1.0455906598959948,0.9978609616520238,0.9742063050452284,2.1370349228876483e-05,1.760606349064577e-05,1.704369179498681e-05,8.685329131173208e-06,1.4710745720357714e-05,6.788802355489929e-06,1.2599863595683054e-05,6.060040164796632e-06,1.0871550728306984e-05,5.645270480841897e-06,9.007359763369313e-06,4.497400551117964e-06,8.229005961599922e-06,3.7320320236249937e-06,6.537450338505387e-06,3.615598723215998e-06,5.067035696180706e-06,2.9496408111054256e-06,4.195085637375968e-06,1.3928084617252794e-07,2.814804817419998e-06,7.65461755675974e-09
2024-10-17,2024Q4,10:00,1.1282828733758328,13:00,1.1787957665961595,13:00,1.123732582633174,13:00,1.2101652612967326,13:00,1.1113236184067323,13:00,1.0594121519960251,13:00,1.140897579686638,10:30,1.1282828733758328,1.090479037882034,1.0812201177596734,1.088881746954595,1.0547684530335515,1.0684496861902355,1.060713321549091,1.051990602955448,1.0456532699994372,0.9980155051926661,0.9743438677746479,2.3224811409467418e-05,1.777573216095801e-05,1.9434683595871008e-05,1.7689556232586286e-05,1.8030382919997775e-05,1.601698784782722e-05,1.3760693152802338e-05,1.3498940872191667e-05,1.0877790046114895e-05,1.2011398038134468e-05,9.028112154735806e-06,1.150076636537547e-05,7.780897947950684e-06,1.1494610220699573e-05,5.923646150177419e-06,1.1449138072060297e-05,4.56914073493006e-06,1.1380119266863673e-05,6.026841908483266e-06,2.9976619796035325e-06,2.654086600108776e-06,1.87040937727502e-06
2024-10-18,2024Q4,10:00,1.1283253424683108,13:00,1.1683301856256918,10:30,1.1255896882027119,13:00,1.206082438398369,13:00,1.101573183914274,13:00,1.058761594644546,13:00,1.1371683177201022,10:30,1.1283253424683108,1.0904812435409001,1.0812323837342346,1.0888636873146857,1.0547309227650983,1.0683746404656271,1.060601513078057,1.051818853473122,1.0454218940897804,0.9981311349022286,0.9743846164083126,1.7210840546233025e-05,5.825925146502405e-06,1.3521608852555073e-05,5.69715008571381e-06,1.1042201134859528e-05,5.693572407111979e-06,8.811483791601895e-06,3.5725647828906702e-06,8.160930054786249e-06,3.094752875167902e-06,6.369939576844147e-06,2.8564864460972943e-06,7.0083785157672075e-06,1.8677576015132988e-06,5.872737786071411e-06,1.8107942172637792e-06,4.23367811566353e-06,1.807820153081764e-06,2.9896652864895118e-06,7.933482457032272e-07,1.6987643714978222e-06,5.592083054476298e-07
2024-10-21,2024Q4,10:00,1.1284678971788242,13:00,1.1599764985834211,10:00,1.1252905181467434,13:00,1.209281219189152,13:00,1.0935654461255093,13:00,1.058228253690469,13:00,1.1400473695533935,10:30,1.1284678971788242,1.0905927265593043,1.0813164928976235,1.0889584293670254,1.0548335021674367,1.0684510224605048,1.0607289236261126,1.0519301939833885,1.0454958663238518,0.998214862242794,0.9744411509250513,1.3132703317680082e-05,2.7100654880228267e-05,1.0955677221359887e-05,2.699211693613738e-05,1.2259370964150766e-05,2.1565530969919133e-05,1.578709735318926e-05,1.2323464585882913e-05,9.023750826268255e-06,5.192521714795216e-06,7.636902018350669e-06,5.108818067562444e-06,5.776888771593324e-06,3.8369223816086874e-06,4.784422431101479e-06,3.822999782010304e-06,3.327986966861361e-06,3.416387176349141e-06,2.65464052964505e-06,2.2669263632029528e-06,1.6814603869338017e-06,2.029048880173497e-06
2024-10-22,2024Q4,10:00,1.1282341341757267,13:00,1.1543800800897892,10:00,1.1260192763842765,13:00,1.210052415529582,13:00,1.0882450568347495,13:00,1.0596545996564812,13:00,1.1407278957971891,10:30,1.1282341341757267,1.0903109426659598,1.08112618165368,1.089003992186974,1.054907787190954,1.0685011618034486,1.0607721788761428,1.0519515975831013,1.0454881714406836,0.9982297854722978,0.9744266631178181,1.9793411872195866e-05,1.0781629548111315e-05,1.646516122844835e-05,1.0762365666071234e-05,1.219516806986067e-05,1.0031151029385325e-05,9.38030301494485e-06,1.0019130336312427e-05,8.170770858367718e-06,1.0018178104593688e-05,6.891070217959812e-06,9.69270146912873e-06,5.846112091752918e-06,7.593924823721413e-06,4.254623072116678e-06,7.542133635041788e-06,4.85281575971257e-06,2.6672589262363626e-06,3.1618216826919696e-06,2.359300072850526e-06,2.407504751119555e-06,1.25481510534362e-06
2024-10-23,2024Q4,10:00,1.1283363243668167,13:00,1.1592740186132406,10:00,1.1249433570316585,13:00,1.2077717267282426,13:00,1.0929162898269316,13:00,1.0570140563973474,13:00,1.138637952149324,10:30,1.1283363243668167,1.0903830600914912,1.0811494116749336,1.0889745400826976,1.0548575800894542,1.068421412739144,1.060716204346096,1.0518483926384339,1.0455533092260036,0.9982605120134456,0.9744847021995234,1.7072734762935687e-05,3.8137994303174095e-05,1.597698233453623e-05,3.782336538647283e-05,1.497284077479725e-05,3.714165353470102e-05,2.0234935768262482e-05,2.8874319558570454e-05,1.500239458272532e-05,2.587206623965403e-05,1.725460487459258e-05,1.7315588934680662e-05,1.3757824148819435e-05,1.731462377709155e-05,1.2497792383461938e-05,1.3299090457139428e-05,1.0186260402483975e-05,9.836409306009074e-06,8.905230195435403e-06,9.36623887277671e-06,5.102666082633989e-06,1.3290354989932144e-06
2024-10-24,2024Q4,10:00,1.1279887815034395,13:00,1.1495248719654028,13:00,1.1212546529710985,13:00,1.2028950205666928,13:00,1.083844434101572,13:00,1.057189491476954,13:00,1.1341651708854412,10:30,1.1279887815034395,1.0899981397733691,1.080716429827128,1.088758980175631,1.0546003693303967,1.0683927575765113,1.0605995065318345,1.0518065905028904,1.0455502104925856,0.9982435791380729,0.9746712110170642,2.4402986777183417e-05,6.461208840623733e-06,2.204599850547896e-05,5.447356269649849e-06,2.0012515352824167e-05,5.422813716222247e-06,1.797047510750949e-05,5.347769615295571e-06,1.764320899430094e-05,4.581295657835299e-06,1.5869150387778358e-05,4.5453070353987955e-06,1.1939572027814345e-05,2.5433591898074445e-06,9.110886303604934e-06,2.4418729608170573e-06,8.11938152836691e-06,1.570208780609818e-06,4.983825683481402e-06,1.1461227237741225e-06,2.824371008146896e-06,1.1444110814075265e-06
2024-10-25,2024Q4,10:00,1.1282178907082347,13:00,1.1586620076234122,10:00,1.1215496506308031,13:00,1.2090044330344736,13:00,1.0922184865136397,13:00,1.0564101370204981,13:00,1.1396740234416844,10:30,1.1282178907082347,1.0902435361089031,1.080959729832431,1.088992585950795,1.054868497178628,1.068646057125637,1.0608335437737006,1.0519900260785298,1.0457545425220518,0.9983897725830815,0.974754917454548,1.7887100253998022e-05,2.4603066901128847e-05,1.37335125037892e-05,2.2531084800068804e-05,1.368911004626585e-05,2.0816187097334047e-05,1.5379107709986898e-05,1.795054448390875e-05,1.4195463848745779e-05,1.7724039795178185e-05,1.064714331358479e-05,1.702650653673965e-05,1.0476221387556603e-05,1.581891479602393e-05,1.3435224939196307e-05,8.364642251819378e-06,1.6312138876578544e-05,3.776119423650727e-06,1.0309240026563174e-05,2.65334314552069e-06,4.363968639934856e-06,2.246795567792423e-06
2024-10-28,2024Q4,10:00,1.1280858015015611,13:00,1.1635856714714274,13:00,1.1215031335784107,13:00,1.2030537739567682,13:00,1.0970248453395506,13:00,1.057349563359494,13:00,1.1342352459884981,10:30,1.1280858015015611,1.0900785946954799,1.0808082827534682,1.088912445999902,1.0547743326925507,1.0684725165388567,1.060673945913481,1.0521199691756498,1.0461444842859915,0.9986813966036997,0.9748613858951173,2.255645354810889e-05,9.933873121852899e-06,1.5726499351358157e-05,7.728038061454648e-06,1.3757543235827889e-05,7.3288191928478454e-06,1.2699589972808728e-05,6.8231912235272375e-06,1.2868816969113578e-05,5.648442887189676e-06,8.971634708984058e-06,4.69951898302961e-06,9.380290875587715e-06,3.9759409184825885e-06,6.718668879001966e-06,3.6895180396194423e-06,4.529892438010523e-06,3.3417581850692163e-06,2.8998333889805983e-06,2.9545213084307133e-06,2.4034151695962384e-06,2.8801242378692484e-06
2024-10-29,2024Q4,10:00,1.1282376717802944,13:00,1.1631089487841413,13:00,1.1198050800386428,13:00,1.2062428031826318,13:00,1.0964403061699726,13:00,1.0556185867985481,13:00,1.137101756305328,10:30,1.1282376717802944,1.0901897876481166,1.0809085748175307,1.0890137342224753,1.0549188967144596,1.068563329084453,1.0608046258779487,1.0521994805774293,1.0461770914385404,0.9986794631576744,0.9748415873932705,1.903542949393146e-05,1.2350167924187876e-05,1.5162849625714633e-05,1.1629745502089138e-05,1.0413697509063533e-05,8.661515819250578e-06,9.39438586637033e-06,8.076358172561128e-06,7.4928837154944176e-06,7.633472948172675e-06,7.013897160906484e-06,7.631329191765212e-06,5.752844020067937e-06,6.5949293401660586e-06,5.042949073492126e-06,6.594926541689052e-06,3.545005573030642e-06,6.593867903515363e-06,2.0451394801802704e-06,6.1837580349555895e-06,1.4556883184010674e-06,6.164991832951425e-06
2024-10-30,2024Q4,10:00,1.128305920751122,13:00,1.1658694172672093,10:00,1.1151852123209192,13:00,1.2047052818794382,13:00,1.0990751389710367,13:00,1.0483849106147518,13:00,1.1356860429570041,10:30,1.128305920751122,1.0902276082908298,1.0809266388208478,1.0890252479902072,1.0549071884503853,1.0685371114647362,1.0607731682100516,1.05214634283501,1.0460713586153094,0.9985222707707091,0.974618639917397,1.7426290710343685e-05,1.3114380955509744e-05,1.3785483528705627e-05,1.0901184052127295e-05,1.1368957120743144e-05,1.050679331256424e-05,8.81377693087634e-06,9.760097593587086e-06,7.895892570454728e-06,9.670544335127246e-06,6.999281713847555e-06,8.696321004802644e-06,6.449600994531445e-06,7.92776917170717e-06,6.174421428231429e-06,7.298293915471395e-06,6.253167283006797e-06,5.070426151783828e-06,3.4991758379838887e-06,4.230697811911267e-06,2.041563396883459e-06,4.230686019840232e-06
2024-10-31,2024Q4,10:00,1.1283410893173513,13:00,1.175920090582699,10:00,1.119209395552774,13:00,1.2025284947957078,13:00,1.108601820192309,13:00,1.0527282008998746,13:00,1.133686964649988,10:30,1.1283410893173513,1.0902565405973528,1.080926842969509,1.088990370132383,1.0548589766291296,1.0684844169814771,1.0607235791645304,1.0521041924311432,1.0461012807052463,0.9984946736520028,0.9745167509316772,3.9628623975604266e-05,3.2840673686138685e-05,3.627298955321921e-05,2.3435362621539365e-05,2.9856676034014332e-05,2.089842455223224e-05,2.7838964978175583e-05,2.0887819800017603e-05,2.2918950917166345e-05,2.0750775069551776e-05,2.1090854847241174e-05,1.948726415049157e-05,1.617917133136193e-05,1.9327607745361215e-05,1.5091548878401382e-05,1.9280009726511556e-05,1.1669842449676267e-05,1.716786829231111e-05,7.17134687418296e-06,1.711625239656022e-05,6.3783728376690495e-06,1.7000124430351835e-05
2024-11-01,2024Q4,10:00,1.1283754921908011,13:00,1.2680377014858153,10:00,1.1141088108160464,13:00,1.1975836712642356,13:00,1.195569139257391,13:00,1.047905365930692,13:00,1.1291415683968962,10:30,1.1283754921908011,1.0904196974115423,1.0810516305031146,1.089088175761662,1.054880501058978,1.068490596215546,1.0606142797173879,1.051958777242048,1.0459031088450417,0.998117487968893,0.9740184969476016,3.512052518602472e-05,4.369412665333548e-05,2.2717623967466504e-05,2.8748778043354265e-05,2.0466034633738033e-05,2.5843146278080536e-05,1.6251645033524875e-05,2.3984892898337624e-05,1.8135791152721374e-05,1.672075399190115e-05,1.532960459545815e-05,1.6480411041004522e-05,1.4040605958237038e-05,1.5951901079758155e-05,1.1765187791975773e-05,1.4371346514704847e-05,1.4094078439651212e-05,2.0544633059572944e-06,8.818002172514863e-06,1.86298748320519e-06,4.795759934029641e-06,1.7105559111989598e-06
2024-11-04,2024Q4,10:00,1.1281859783386077,13:00,1.2657654371611808,10:00,1.1128107870646693,13:00,1.1940396765942252,13:00,1.193508608170704,13:00,1.0476548822332812,14:00,1.1331859129250215,10:30,1.1281859783386077,1.0902884280256286,1.0809233842526458,1.0888986949583428,1.0548908936384214,1.0684382552327623,1.0605415231158033,1.0518649277941758,1.0462794624364624,0.9983820743016376,0.974171534538361,3.1873959489489425e-05,2.4214798081388125e-05,2.2279440853364527e-05,2.3481776046696873e-05,2.0481183122719787e-05,2.286065323939464e-05,1.8767049254885945e-05,2.2056056958541884e-05,2.5508715306492133e-05,6.481630233267426e-06,1.8616377547632856e-05,2.6557204028223004e-06,1.3734002642492947e-05,1.8227180050850693e-06,1.2625805453192717e-05,1.818762498091445e-06,8.66313923436693e-06,1.7747766936584394e-06,5.869437740769581e-06,1.5504663266672956e-06,3.558242619002254e-06,1.4798814058233037e-06
2024-11-05,2024Q4,10:00,1.1282468255603755,13:00,1.264785144509697,13:00,1.1134239106312676,13:00,1.2022085130766345,13:00,1.192248935604106,13:00,1.0495683619377871,14:00,1.1390239200771193,10:30,1.1282468255603755,1.090237912174867,1.080850818032365,1.0887979547005318,1.0552809602594988,1.0688005326615873,1.0608398185474892,1.0521647691611338,1.0464938901010132,0.998546381774389,0.9742750265734054,3.132769833476452e-05,9.456153316493411e-06,2.6421073269028492e-05,9.449481513736544e-06,2.4653119538582018e-05,9.44943314264631e-06,1.7875991082293772e-05,7.786012811608602e-06,1.4695953279245994e-05,6.395919355506412e-06,1.4364902094755467e-05,6.1930294445899656e-06,1.1856556930182611e-05,5.842390048648027e-06,1.1622612124864715e-05,4.543632234516038e-06,8.99314509077687e-06,4.47238952215947e-06,5.794924309549085e-06,4.306511890241243e-06,4.480179980366133e-06,3.7405179879417636e-06
2024-11-06,2024Q4,10:00,1.128522748292189,13:00,1.2700327985348676,10:00,1.1077709869137777,13:00,1.2056477234120133,13:00,1.1970342567399517,13:00,1.0375006177231323,14:00,1.1422874512017216,10:30,1.128522748292189,1.0904829536694647,1.0810985260290016,1.0889782820179494,1.0554469494935306,1.0689783476418093,1.0609828343540668,1.0523562465666039,1.0466297446601165,0.9986032015789889,0.9743158904310063,6.358045809785584e-05,4.268739488662493e-05,3.548207420063138e-05,1.9526251270151034e-05,3.161541091831679e-05,9.604972765631318e-06,2.454037108933232e-05,5.7424875470350954e-06,1.9870426371941715e-05,4.5403569378745765e-06,1.7092682932755447e-05,4.539625694432255e-06,1.5227708036717845e-05,3.7587038328622563e-06,1.0230245716339084e-05,1.2276310017973126e-06,7.750181490450146e-06,1.2248873436470278e-06,4.7579500229251245e-06,9.749825716075252e-07,3.2287469488806806e-06,9.74696927039016e-07
2024-11-07,2024Q4,10:00,1.1287284063506537,13:00,1.2772326238995901,10:00,1.1072708893632255,13:00,1.2133229168055477,13:00,1.2034980569632836,13:00,1.0382004392741377,14:00,1.1479769750872308,10:30,1.1287284063506537,1.0906985931638853,1.0814626849871274,1.0893291077248406,1.0557618823178874,1.0692593021843348,1.0612668765933504,1.052606384081404,1.0468334856502803,0.998747057099481,0.9744273023418203,4.2877684965748275e-05,8.05616871806397e-06,3.646333179063839e-05,7.964954672619661e-06,3.5983459756053924e-05,6.986051532627491e-06,3.3923764398832995e-05,6.825556192376618e-06,3.3299528039143254e-05,5.8741532617400664e-06,3.16881523094874e-05,5.870309355776951e-06,2.9442296294176498e-05,5.8168958161092836e-06,3.109282556200107e-05,5.022479414639918e-06,3.445792313354625e-05,5.021758738415496e-06,2.2629071731105274e-05,5.015545886934311e-06,9.453524179214204e-06,9.701292198182512e-07
2024-11-08,2024Q4,10:00,1.1291793316704735,13:00,1.2861872110525672,10:00,1.1099487088985576,14:00,1.2298938236871162,13:00,1.2112646485069762,13:00,1.0433961558741527,14:00,1.173839309492357,10:30,1.1291793316704735,1.091120670677737,1.0819502241259504,1.0898372098067302,1.0563277905949695,1.069842512605669,1.0618548247387074,1.0533284615679892,1.0477531411169054,0.9994167196918105,0.9748432019694889,1.608853768632418e-05,5.409549858716487e-06,1.1776395288369525e-05,5.397038425922625e-06,1.0198139619120027e-05,4.838005152924895e-06,7.993877893951896e-06,4.673696645525316e-06,6.91359468451867e-06,4.6655852028843144e-06,6.007800001520206e-06,4.447364135638028e-06,5.205250300054572e-06,3.954254185887243e-06,4.207795392080083e-06,3.917467551925384e-06,4.619525794924865e-06,1.8746558229476224e-06,2.85356111571849e-06,1.7982981721611835e-06,2.0274895139525335e-06,1.55221784911096e-06
2024-11-11,2024Q4,10:00,1.129312528819799,13:00,1.2840573307297853,10:00,1.1090950284431134,14:00,1.232206755972072,13:00,1.2092298815428415,13:00,1.043512682181418,14:00,1.1759529715075292,10:30,1.129312528819799,1.0912101296435601,1.0820353427123346,1.089892838545085,1.0563692454350173,1.0698711941366439,1.0618802514964916,1.053330739388191,1.0478367637376071,0.9994568633818278,0.9748683411738581,1.5288808658579406e-05,6.670047730541029e-06,1.0167700520163576e-05,6.517033014708275e-06,8.06894353221776e-06,4.68685754427736e-06,7.352475236770612e-06,3.67358416150451e-06,5.586999223803722e-06,3.3881469428382704e-06,5.68917670502163e-06,2.288321202030795e-06,4.8797693939044886e-06,1.3703910547279388e-06,5.017471965724166e-06,8.585639898618789e-07,3.3281954946570893e-06,2.3642474905562517e-07,2.070164039563865e-06,1.850304061551154e-07,1.3348465382768927e-06,1.2249914378073817e-07
2024-11-12,2024Q4,10:00,1.1294160356227212,13:00,1.2835622099150874,10:00,1.1093079758680082,14:00,1.2352752095723227,13:00,1.208665135313541,13:00,1.0429737655725968,14:00,1.1787722096878148,10:30,1.1294160356227212,1.0912565633138924,1.082086742457591,1.0899570622889794,1.0564111704422652,1.06994556562871,1.0619667701278712,1.0534458126052941,1.0479337733110217,0.9995285086274759,0.9749277489943564,1.4793916823381519e-05,2.9221834406423405e-05,1.316099603461079e-05,2.6108047343590163e-05,1.1880543916696317e-05,2.432568524915679e-05,9.813237935431702e-06,2.4318143486520466e-05,1.0933854528705936e-05,2.278066737198649e-05,8.819895060771098e-06,2.277965864468317e-05,1.3200483310872949e-05,1.3754244896580609e-05,7.74269807203698e-06,1.023887238262543e-05,5.305549666739718e-06,2.9766866384499746e-06,2.9985105700406705e-06,2.0527830636324576e-06,1.7302744179130842e-06,2.0471576719638167e-06
2024-11-13,2024Q4,10:00,1.1291731225386632,13:00,1.2782397497398894,13:00,1.1058269539576757,14:00,1.2369338281517823,13:00,1.2036934954695857,13:00,1.0413357211467267,14:00,1.1802774266645977,10:30,1.1291731225386632,1.0910237528536906,1.0818392097874199,1.0896370674204026,1.056137101658276,1.0695888502951156,1.0619312595364834,1.0533606914731743,1.0480026137984293,0.9995644834333544,0.9749147703772407,1.7175965441655935e-05,1.4094350406478098e-05,1.6137463841137864e-05,1.1989950763297249e-05,1.2105280033848618e-05,1.027733576670999e-05,8.814817037907205e-06,8.245381161057113e-06,7.984828461839956e-06,8.217564637332666e-06,7.204592348074877e-06,7.824564689516918e-06,5.83489443741461e-06,6.272371749560492e-06,4.706052648951474e-06,5.7668122707805276e-06,3.5394746228342637e-06,5.697555191184679e-06,3.2414407696991405e-06,3.0460608113575345e-06,2.6974552255678485e-06,1.5163866397115817e-06
2024-11-14,2024Q4,10:00,1.1291899408760964,13:00,1.2785604819533456,10:00,1.1077348880874929,14:00,1.233342517116671,13:00,1.2040191691400155,13:00,1.0431360561682375,14:00,1.1769365841320822,10:30,1.1291899408760964,1.0910701580634956,1.081856121337383,1.089633815633106,1.0561226190708544,1.069562147483817,1.0619104036911406,1.053322422473353,1.0479260596918096,0.9995719574971033,0.9749743477652185,2.0182530242710014e-05,1.800936722772395e-05,1.7113024735295938e-05,1.800761928260386e-05,1.462704327818517e-05,1.7865976512141472e-05,1.1820489448698753e-05,1.772556038201029e-05,1.1297895763499417e-05,1.6060875693609052e-05,1.2514553885657072e-05,1.3786155541070564e-05,1.0936892080755174e-05,1.3582738277697619e-05,8.813385851517099e-06,1.3558429191030283e-05,8.445555761925068e-06,9.215851338902082e-06,4.8621566341914945e-06,5.1415312674090625e-06,4.322460614760056e-06,5.0714067661035545e-06
2024-11-15,2024Q4,10:00,1.1291878945504488,13:00,1.272016205835305,10:00,1.108769215134866,14:00,1.2303479137507645,13:00,1.1979557213947014,13:00,1.040928118363717,14:00,1.1741216761503839,10:30,1.1291878945504488,1.0910316833449314,1.0817755794674164,1.089490229540159,1.0560044611543622,1.0695110133876333,1.0618223888562257,1.0531695697339136,1.0478879137848223,0.9995614280555307,0.9749439568493288,2.595845173788282e-05,2.5192333873923922e-05,2.307835347626141e-05,1.5169006623447111e-05,2.1127791732189903e-05,1.4794095283045205e-05,1.6469927433035054e-05,1.2831706057186905e-05,1.603342356658136e-05,6.320827012270213e-06,1.3998351024969571e-05,6.133571666089898e-06,1.1977459055995986e-05,6.133428116733419e-06,1.0140100113942296e-05,6.126738309261233e-06,8.50159099195287e-06,3.468272185910529e-06,6.0732639532645444e-06,3.0064495370287815e-06,4.598977639516009e-06,7.862712427953686e-07
2024-11-18,2024Q4,10:00,1.129154724864394,13:00,1.279056972782569,10:00,1.1064598187948897,14:00,1.234721705253533,13:00,1.2044301047878094,13:00,1.0403448079975604,14:00,1.1781233752132916,10:30,1.129154724864394,1.0911307635500251,1.081863337660325,1.0895379255813677,1.0561996548675936,1.0696815076449546,1.0619603144243117,1.0532726353748767,1.048041089100702,0.9996779687708706,0.9751311917505382,2.305839386642797e-05,1.9085046131709687e-05,1.5078390958624277e-05,1.0172605217426483e-05,1.2765738616906414e-05,8.254151938010265e-06,1.0375021891256772e-05,7.608328306805719e-06,1.0425274076619352e-05,7.164453857156051e-06,8.159123262940829e-06,7.159143701299093e-06,6.722256862928304e-06,6.898675457309375e-06,5.884805660086035e-06,6.118163649275604e-06,4.498726633435421e-06,5.992512073624352e-06,3.879286168954382e-06,2.656826893336061e-06,2.1471015747624704e-06,7.7487719533911e-07
2024-11-19,2024Q4,10:00,1.1291748264089898,13:00,1.2790357179611622,10:00,1.106515597744346,14:00,1.23171157255663,13:00,1.2044273723875036,13:00,1.040971891468496,14:00,1.1753140916219,10:30,1.1291748264089898,1.0911911380875206,1.0819290262493855,1.0895778682750719,1.056259259441602,1.0696929917913258,1.0619450763774694,1.05325700637443,1.0479850291396602,0.9997244307737794,0.975199171608721,3.582537038576778e-05,2.0796267356662066e-05,2.418798582136053e-05,1.7369399730551034e-05,1.6855627528381953e-05,1.2206701066596887e-05,1.2157663384014539e-05,8.71365437054562e-06,1.0261474480766845e-05,8.703664830858488e-06,8.274977872376978e-06,8.6157499799936e-06,6.2441526975315734e-06,8.489223369431183e-06,5.165562234302601e-06,8.088395711458194e-06,4.944335131399615e-06,3.0257087341634585e-06,3.2407744451531583e-06,1.4412930366842068e-06,2.4631160556895497e-06,8.172844626810025e-07
2024-11-20,2024Q4,10:00,1.1293392626678218,13:00,1.2768261765951046,10:00,1.1065991895933582,14:00,1.2329851252629258,14:00,1.2027614619785891,13:00,1.0384418517221348,14:00,1.176466695014528,10:30,1.1293392626678218,1.0912705490746537,1.081991498911721,1.0896288728352674,1.056281530585795,1.0696714259160984,1.0618751687416395,1.0531633132080103,1.048040824689644,0.9997927871630186,0.9752805637882558,3.383852001466223e-05,6.229316343606059e-05,3.357087966673665e-05,5.403003862520545e-05,2.286327122471649e-05,4.605754327737423e-05,2.226679263841928e-05,3.955860390020147e-05,1.8790466501013086e-05,2.2338054111707413e-05,1.7801573300150423e-05,1.8420409153475233e-05,1.4582369683600557e-05,1.840100127488352e-05,1.0625817493137133e-05,1.7749922034663588e-05,7.9781486688624e-06,1.5897329804770544e-05,5.333067604497812e-06,1.579185827986243e-05,3.1996884770192396e-06,1.3539747361993064e-05
2024-11-21,2024Q4,10:00,1.128853240326143,13:00,1.2715863866624617,10:00,1.1012277033595221,14:00,1.2208960815360594,13:00,1.1976323921620662,13:00,1.036378990845724,14:00,1.1652353728634632,10:30,1.128853240326143,1.0908856840128287,1.0815300931028333,1.0892301438261098,1.0561813958172945,1.069627859962733,1.061750162223725,1.052938027266181,1.0477677814876276,0.9993959420050228,0.9747921059325609,5.1121548117064297e-05,7.244000008749874e-05,5.2654914610300006e-05,5.919977541211288e-05,3.4229448597929305e-05,1.6813665709152096e-05,2.7084325890892353e-05,1.3109940649386971e-05,2.3505820074838904e-05,1.1178024496743315e-05,1.680791650841867e-05,8.173572655090942e-06,1.4122941597134294e-05,6.5737674710551324e-06,1.1199746110818614e-05,5.066014201974381e-06,7.933476712773708e-06,5.064884649068677e-06,5.512674077077872e-06,5.049864996831859e-06,3.731385817181349e-06,4.964519771279984e-06
2024-11-22,2024Q4,10:00,1.1284456030514223,13:00,1.289088938053306,13:00,1.1008329729074906,14:00,1.2227264026031703,13:00,1.2139111020512254,13:00,1.036633957416831,14:00,1.1668902755001227,10:30,1.1284456030514223,1.0907050848014908,1.0818045071158366,1.0894751013207924,1.0564251691143398,1.0698125417463582,1.0619302648069102,1.0531017951725536,1.0478503662901095,0.9994136205789924,0.9747380274673152,2.856904833774154e-05,3.890797462229664e-05,2.761714081996451e-05,2.3085946986096043e-05,1.6424079780748557e-05,1.0762675670777864e-05,1.6564542036862815e-05,6.571083296238983e-06,1.1409743993024567e-05,6.083943075800098e-06,9.736849134579826e-06,4.989530723281102e-06,8.654442605504971e-06,4.9687758001661015e-06,7.86284204860699e-06,4.908092618440469e-06,5.616437127155404e-06,4.865601352032485e-06,4.102834357052018e-06,4.348317724880612e-06,2.019907013946415e-06,3.880417348283009e-06
2024-11-25,2024Q4,10:00,1.1282417543212377,13:00,1.3074568332292518,13:00,1.1031979500115014,13:00,1.2232331311460225,13:00,1.2311090834345375,13:00,1.0387777114836332,14:00,1.1665379065939356,10:30,1.1282417543212377,1.0907419811600518,1.0818862600841128,1.0896550103901947,1.0565289700272844,1.069913260427367,1.0620154223716065,1.0531770055626433,1.0478666507433476,0.9994044031836145,0.9746520208758549,1.5688617182863823e-05,1.2798237338988388e-05,1.3245148341842734e-05,1.2620650452307002e-05,1.2233564164061972e-05,9.127005006343417e-06,9.601952644863051e-06,9.116975423357763e-06,9.155682621584859e-06,7.502241239516666e-06,1.0943078000726482e-05,2.7369697320807135e-06,9.695866403379932e-06,2.075092619686864e-06,6.176229522905171e-06,8.085275850393944e-07,4.157694802378591e-06,7.220520784057935e-07,2.95540847616966e-06,4.888376123394384e-07,1.8213554171150266e-06,4.829263025739105e-07
2024-11-26,2024Q4,10:00,1.1282583543752585,13:00,1.3078994318175632,13:00,1.1038272051391036,13:00,1.2287385817298178,13:00,1.2313068663697533,13:00,1.0391854174022597,14:00,1.1697409677993171,10:30,1.1282583543752585,1.0907340994379522,1.0819265950277979,1.0896486532336607,1.0565545770718048,1.0700967538830468,1.0622042867945882,1.0533256493154302,1.0479735655677909,0.9994979992133272,0.9747179300452747,1.8236161366536472e-05,6.155201144853153e-06,1.3428567891141815e-05,5.811122775938435e-06,9.895287371998713e-06,5.435131692103929e-06,8.476943753859863e-06,4.907881158602234e-06,6.856794213859726e-06,4.7738427187302255e-06,5.433099417925442e-06,4.282707412717459e-06,4.8943309850824705e-06,2.8107943496910188e-06,3.856528666456235e-06,2.693357720836697e-06,3.3527288162662593e-06,2.4170569598093895e-06,2.295629624999652e-06,1.7000666114791326e-06,1.510083273782135e-06,1.3819864806762012e-06
2024-11-27,2024Q4,10:00,1.1284084004352446,13:00,1.3120927802519917,13:00,1.1040174626028807,13:00,1.2298564793709912,13:00,1.2351986983802956,13:00,1.039317457820548,14:00,1.1701108907726026,10:30,1.1284084004352446,1.090841407336728,1.0819952309385843,1.0897084903339445,1.0565923370714563,1.0701162165624,1.062252398721377,1.053354108672606,1.0479993318623855,0.9995206265880419,0.9747258852512973,1.4825039942830005e-05,6.409222550880353e-06,1.2129899198304668e-05,2.3636969451552338e-06,1.1190881390432085e-05,1.708145236273472e-06,9.47779836337052e-06,1.1674683810456182e-06,8.583186009823896e-06,9.334090102923878e-07,7.233095589614234e-06,8.997150418444936e-07,5.71543823540782e-06,8.328727050550432e-07,4.245110405646106e-06,7.979722417470864e-07,3.4002523521342274e-06,3.3309269122690773e-07,2.4209362458043985e-06,1.7436619756152687e-07,1.7565534425837335e-06,1.6260968747093274e-07
2024-12-02,2024Q4,10:00,1.1285092882872498,13:00,1.3140564324944917,13:00,1.104816716078459,13:00,1.2335346364523614,13:00,1.2369054882249744,13:00,1.0399506640715503,14:00,1.1730965433711091,10:30,1.1285092882872498,1.0909859612027573,1.0821549431494948,1.0898654018240836,1.0567505611773425,1.0702597544961523,1.0623741627828276,1.0534491407045345,1.048095238812444,0.9996058615568345,0.9748038601974239,1.1734715855586888e-05,4.689104349979496e-06,7.948400276171565e-06,4.4155061840220465e-06,6.819633203309212e-06,3.7303834588459215e-06,5.056924273362111e-06,2.9780132026572344e-06,4.117024540360239e-06,2.623359603097825e-06,4.039252309432449e-06,2.5785590633596655e-06,3.2735354602497828e-06,2.567004579326792e-06,2.519392935773233e-06,2.5551028222619604e-06,1.9214790270981842e-06,2.525526952734244e-06,1.570601323111201e-06,2.1263875070190745e-06,1.3802294717570692e-06,1.3811167341767103e-06
2024-12-03,2024Q4,10:00,1.1285948930832024,13:00,1.3125344009707145,13:00,1.1045080783935959,13:00,1.233619324236283,13:00,1.2354568023288692,13:00,1.0396466695801314,14:00,1.1718882817550496,10:30,1.1285948930832024,1.091033345361039,1.0822025114945284,1.0899000362451257,1.056778567960823,1.0702890432950452,1.0623879349699252,1.0534443322299991,1.0480724356730675,0.9995848092828766,0.9748055147558098,1.1936187733045496e-05,9.005298644972433e-06,9.430077173480135e-06,6.275207782297456e-06,6.883977919684129e-06,5.862062536598088e-06,5.272320469379602e-06,5.057289298106593e-06,4.813417858533623e-06,2.7920663478010597e-06,3.7166085780202497e-06,2.114427995881665e-06,3.2289370111063948e-06,7.460712726966421e-07,2.734827522033838e-06,6.751840859630516e-07,1.9490418702036123e-06,6.602105666577309e-07,1.272300551965369e-06,6.208305502129541e-07,1.056662918522902e-06,2.9822940097790194e-08
2024-12-04,2024Q4,10:00,1.1286184451855814,13:00,1.3747845924658237,13:00,1.1052188088192958,13:00,1.2354648101449137,13:00,1.2939766070838767,13:00,1.0402555368737363,14:00,1.1730426252387511,10:30,1.1286184451855814,1.0910724399591085,1.0822117419009947,1.0898954548304074,1.0568173611578682,1.0703223142142906,1.062449340227299,1.0535008110059336,1.0481119457177555,0.999609532366891,0.9748556512880585,1.2417643932317524e-05,4.185455006562714e-06,9.428798877046269e-06,4.053999184546521e-06,7.641683991413008e-06,3.140938460679786e-06,6.8678999666194335e-06,3.088554241344763e-06,6.2156992269688126e-06,3.0817784221889952e-06,5.1869288194856945e-06,3.0798022326380646e-06,4.978215177033238e-06,3.0789271646029195e-06,5.584195689868583e-06,2.3622720417911295e-06,3.4879039181302725e-06,2.2856563414915204e-06,2.118528100262831e-06,6.580948045451412e-07,1.524030570223192e-06,6.326237730149322e-07
2024-12-05,2024Q4,10:00,1.1287206513395733,13:00,1.3698834524903163,13:00,1.1137662846712548,13:00,1.236411590175478,13:00,1.289311343146278,13:00,1.0482581578966013,14:00,1.1737239233743662,10:30,1.1287206513395733,1.0911481786097297,1.082284251674383,1.08996240179796,1.0568789745654388,1.0703655844278201,1.062492360570892,1.05358720375354,1.0481462732709315,0.9996649418007946,0.974899918066826,8.272340494174085e-06,7.790591380596926e-06,7.748853683407692e-06,5.912115252360477e-06,7.2714414055584096e-06,5.814474175439124e-06,4.631455447274676e-06,4.531347899191394e-06,3.923120542887411e-06,4.395966314416851e-06,3.180089768796358e-06,4.27928181543766e-06,2.8524865711239034e-06,4.001645562042358e-06,3.7794336083172995e-06,8.839658081486626e-07,2.8187088847104034e-06,8.754894662604673e-07,2.188534115709496e-06,7.410697758890344e-07,1.4015081054672356e-06,7.233280843895338e-07
2024-12-06,2024Q4,10:00,1.1287137302229084,13:00,1.3763719423190224,13:00,1.111809107309339,13:00,1.2347092164476954,13:00,1.2954611924363542,13:00,1.0464508230891514,14:00,1.1755250745235768,10:30,1.1287137302229084,1.09116781452147,1.0823009742127856,1.0899565225617587,1.0568639228810774,1.0703335378347778,1.0624571004944583,1.053666688746277,1.0482060172931071,0.9997198574014015,0.9749338902712802,1.1105059925382042e-05,6.6225504782155115e-06,7.815045961046603e-06,6.616355239167842e-06,6.212981027263781e-06,6.590006295494657e-06,5.679036303780756e-06,5.102996504579145e-06,5.233044747066609e-06,5.0538297026275694e-06,4.316944746934239e-06,5.013683000622488e-06,4.07128584902001e-06,4.585866177254282e-06,2.5301277122496836e-06,3.1513034430530663e-06,2.088547160593595e-06,3.1502281862775976e-06,2.2819061310640027e-06,8.551093604043163e-07,1.1928758171465878e-06,7.415283541036632e-07
2024-12-09,2024Q4,10:00,1.1287619436097198,13:00,1.371797195923803,13:00,1.1110167330161649,13:00,1.233407172600662,13:00,1.2911799023211255,13:00,1.0457248936472012,14:00,1.1736301576343342,10:30,1.1287619436097198,1.0911768230897263,1.082285264088265,1.0899587588523207,1.0568616709255467,1.0703095253573807,1.0624369179366513,1.0536446350402429,1.0481678836506454,0.999773986938355,0.9749568161989858,6.44088789887913e-06,1.159608044624035e-05,6.569136217600832e-06,6.936587335552292e-06,7.901157445825067e-06,4.416984106605863e-06,5.928954758406091e-06,3.918769935602039e-06,4.8876187190378796e-06,3.714882226083901e-06,4.235111113068306e-06,3.1147425869194616e-06,3.750953948063292e-06,2.9405765954728703e-06,2.1994189847698508e-06,2.5801769528992044e-06,2.2470921890542465e-06,2.3610610780698537e-06,1.6421520321026665e-06,1.2053579162837867e-06,1.6354432242137199e-06,8.79366792577973e-07
2024-12-10,2024Q4,10:00,1.1286736569779785,13:00,1.3681519907829778,13:00,1.109305585419323,13:00,1.2335095514439252,14:00,1.287765163882042,13:00,1.0440987872038798,14:00,1.1729218552236533,10:30,1.1286736569779785,1.0911616981422514,1.08233858558626,1.0899904424377826,1.0568816873976945,1.0703301498061635,1.0624527094702105,1.0536301482966943,1.04816072918151,0.9997905647419816,0.9749947743805629,8.512966885054893e-06,3.7127867431945077e-06,7.5554275136394335e-06,3.61449785931863e-06,6.296926854082801e-06,3.5815278294002226e-06,5.935403963436843e-06,3.253207871824711e-06,4.8103597526843105e-06,3.211271790322615e-06,3.7693424120635327e-06,3.209948301533724e-06,3.3237318855950686e-06,3.1572310830861215e-06,2.7446733890169975e-06,3.1492828929099004e-06,2.305474541970682e-06,2.725222996118726e-06,1.7900522988150782e-06,2.7229233324918205e-06,1.5895382014700133e-06,2.325916690492378e-06
2024-12-11,2024Q4,10:00,1.1287310541383573,13:00,1.366565732901701,13:00,1.109337587682068,13:00,1.233034463045399,14:00,1.288917040554005,13:00,1.0441296678289513,14:00,1.1717936265277478,10:30,1.1287310541383573,1.0912163228567422,1.08237994040824,1.0900361100665539,1.0569111724554239,1.0703377832697196,1.0624519366341756,1.0536141468047253,1.0481434177168554,0.999755206504038,0.9749616924319372,8.947825830484406e-06,4.26339559953759e-06,8.140941411930553e-06,3.984225409136731e-06,6.019915244507955e-06,3.792551179500574e-06,4.511740635548883e-06,2.295190945398592e-06,4.038796899187834e-06,2.1026064878299736e-06,3.7925467934147805e-06,2.1024354924656233e-06,3.151418565194298e-06,1.738997170775567e-06,2.3316093960296792e-06,1.6516875412835907e-06,2.1568915041406623e-06,9.585324471448575e-07,1.4944497642237316e-06,9.362015010964915e-07,1.0314149630092267e-06,9.283330682212145e-07
2024-12-12,2024Q4,10:00,1.1287859671192781,13:00,1.3690605799712234,13:00,1.1087597940355376,13:00,1.2338808755419506,14:00,1.2891175618256456,13:00,1.0435535762720052,14:00,1.1728396643384984,10:30,1.1287859671192781,1.091273694898131,1.082412655378252,1.09007452215571,1.0569489846173752,1.0703730670095915,1.0624847820429837,1.0536306459078169,1.0481796173161047,0.9997763864472194,0.9749678540367371,7.5300317439020464e-06,9.343354592801074e-06,6.871812387345853e-06,9.124642680345636e-06,5.420624719762179e-06,8.94427375717319e-06,4.697264532593262e-06,8.923308589198607e-06,5.122260152488958e-06,5.9784809171528544e-06,3.982699106356327e-06,4.8141823059227264e-06,3.262225316769157e-06,4.563755915638127e-06,3.307269867505327e-06,4.3390264878919955e-06,3.08399619428698e-06,2.856679567736177e-06,2.996080928840464e-06,1.1671037215519075e-06,1.8057910151133799e-06,1.1298188535357236e-06
2024-12-13,2024Q4,10:00,1.1287459170987484,13:00,1.3706246190132032,13:00,1.107007779405375,13:00,1.2318758389339548,14:00,1.2918727612627812,13:00,1.0419437920301475,14:00,1.1723583299685025,10:30,1.1287459170987484,1.091227031767898,1.0823398749667332,1.0899784116623301,1.056924077894462,1.0703462960304635,1.0624448150398356,1.0535953718438493,1.0481824346739756,0.9998457562075631,0.9750022024910939,1.069386192877633e-05,1.6025458992781252e-05,9.784539665209034e-06,1.1924017656832837e-05,9.208140538144416e-06,4.805205136899046e-06,8.1013172907611e-06,4.639463452255651e-06,6.836757979232928e-06,4.6032693491369704e-06,5.715185742253824e-06,3.945671651507334e-06,5.447953255248387e-06,3.6154711813796308e-06,3.952847100464259e-06,2.8880480810490076e-07,2.8411573566160893e-06,2.5265617587090735e-07,1.938783736792025e-06,4.6044265005106186e-08,1.1268242794787911e-06,1.1175186707894206e-08
2024-12-16,2024Q4,10:00,1.128647760988752,13:00,1.3460909001453356,13:00,1.1064425972695926,13:00,1.2327239630513578,13:00,1.2669266315324057,13:00,1.0413721633445279,14:00,1.175126397628206,10:30,1.128647760988752,1.0911782360779023,1.0824083196821497,1.0900365795163816,1.056965105840289,1.07038042260728,1.062485282606442,1.053697153227431,1.0482633684902707,0.9999175342558514,0.9750566294436913,7.330014163159287e-06,3.3994064179861034e-06,6.113300332993915e-06,3.3447100674342354e-06,5.726458489360132e-06,3.279581580661358e-06,5.449756840300026e-06,3.2754557445319797e-06,3.6750546278394825e-06,3.183732211387298e-06,3.268048013441497e-06,3.180021651745216e-06,2.58169772940427e-06,2.9507453807846035e-06,2.1738189649494676e-06,2.432028089112122e-06,1.6732965186879517e-06,2.4222965915435687e-06,1.2276234393140054e-06,2.258686253226763e-06,7.64641606255732e-07,2.2177753959321877e-06
2024-12-17,2024Q4,10:00,1.1286941274941478,13:00,1.3392750566139833,13:00,1.1046611222263951,13:00,1.2318156211994369,13:00,1.2605281669109898,13:00,1.039709096784306,14:00,1.1736643983552726,10:30,1.1286941274941478,1.0912154837206405,1.0824454943796595,1.0900724858281055,1.0569715560165114,1.0703773169168755,1.0624713447665102,1.0536863078276146,1.048236168561065,0.9998784439886649,0.9749884614689889,1.1607140984153335e-05,1.487747353535592e-05,1.0047770132393056e-05,1.0888956265135736e-05,7.0104397715528595e-06,9.256182901991586e-06,6.63488849469319e-06,8.750527752425104e-06,4.959712547791322e-06,7.758050587572137e-06,4.3033852177909105e-06,7.283547323224956e-06,4.060129910763073e-06,7.080121660728604e-06,3.493125649261602e-06,6.067283340496608e-06,2.5161318303647264e-06,6.063338431887618e-06,2.0336486567261827e-06,5.253702877659865e-06,1.4933686012422786e-06,5.031158675338618e-06
2024-12-18,2024Q4,10:00,1.1286253206317058,13:00,1.3310885153749807,13:00,1.1169992404481808,13:00,1.2277856514133876,13:00,1.25292578808475,13:00,1.05140802994183,14:00,1.1681482743953537,10:30,1.1286253206317058,1.0911877535097085,1.0823941134791133,1.0900170167340781,1.0569041368351435,1.0702974433839278,1.062384163558252,1.0536054309000735,1.0481155794545187,0.9997563898493944,0.9748221097861431,4.317163678557277e-05,0.00027412131750627084,3.5811772586140306e-05,0.0002726287004983028,3.273094931802386e-05,0.00027191558659206194,2.8168035004493406e-05,0.00027162653942833335,2.6901524726878642e-05,0.00027156288176788596,2.576702935814604e-05,0.0002715558143980505,2.590200175878653e-05,0.0002715055059246357,2.7632938120127105e-05,0.0002711486830177048,2.8037397475606244e-05,0.00027090032969839594,2.981715125353299e-05,0.00019094308633343764,1.6543321703960072e-05,0.00015089109630676595
2024-12-19,2024Q4,10:00,1.1251054220438865,13:00,1.1619131205161197,10:00,1.0714285565336492,10:00,1.0485162620935888,13:00,1.1004859517367216,13:00,0.9916998697103258,13:00,0.9571577088677259,10:30,1.1251054220438865,1.0872483309665055,1.077947748417471,1.084925797584519,1.0515225271884374,1.0642775010564367,1.055818221652405,1.0464624948769483,1.040146652517191,0.993693453841302,0.9685036206945669,7.00504661348224e-05,7.47509972229011e-05,6.670391570602483e-05,6.604698794182248e-05,5.631909592941173e-05,6.299685090424276e-05,4.444042784051968e-05,5.9109165401415145e-05,3.6820691247364595e-05,5.639271769050453e-05,3.15544116229821e-05,4.608113145504732e-05,2.6690223730988387e-05,4.26135029410413e-05,2.0371431312048646e-05,4.1686620972359064e-05,1.9868825316609423e-05,3.440350584693296e-05,1.526550029844879e-05,2.2760029222686122e-05,1.2901240861562048e-05,1.9056404019694655e-05
2024-12-20,2024Q4,10:00,1.1249198015261617,13:00,1.14664662487943,10:00,1.0694442618132673,10:00,1.045674246964968,13:00,1.0864970677943564,13:00,0.9878834296133233,10:30,0.9545178263490892,10:30,1.1249198015261617,1.0871715456119642,1.0777509880201037,1.0845520644509097,1.0510580228217314,1.0638804479415493,1.055360993478961,1.0458196117118368,1.039651545465561,0.9934170035992484,0.9682350113962173,7.680568933622789e-05,0.00016746397960727422,6.0735872529400456e-05,9.594107283149792e-05,4.684220021685728e-05,9.076403262242684e-05,4.289058813432975e-05,4.706834291320719e-05,3.628273122191722e-05,3.432729154881655e-05,2.528718379340091e-05,3.0381202263380004e-05,2.1061096885259313e-05,2.722311147713726e-05,2.960948909637163e-05,1.1444962123457165e-05,2.2690145621146036e-05,1.1439976083653943e-05,1.3675717995765478e-05,7.733344518495087e-06,8.98061717528171e-06,6.125666090077e-06
2024-12-23,2024Q4,10:00,1.1234491919820275,13:00,1.1419753494866642,10:00,1.0557893432240735,10:30,1.0226721103442773,13:00,1.0822671783941529,13:00,0.985663078254362,12:00,0.9467223886080594,10:30,1.1234491919820275,1.0865172385695878,1.0768867326407034,1.084397355914881,1.0510622098625793,1.0637208444629924,1.0551695295621042,1.0463071794261003,1.039987282757239,0.9936423286455324,0.9683824275754573,4.942518352084982e-05,3.434854971465245e-05,4.819055431107451e-05,2.9782692809740153e-05,3.5165948538331735e-05,2.9563542904241374e-05,2.3740331071719078e-05,2.184286751241493e-05,1.8623187475542578e-05,1.2356053624614875e-05,1.712832232660872e-05,1.1941495878336466e-05,1.3556996805447048e-05,1.146179806741034e-05,9.981345612745018e-06,1.0172901697654443e-05,6.726050466317801e-06,9.548371999615806e-06,4.559097979935717e-06,9.490020165293926e-06,5.2421847130983375e-06,7.503117735184893e-06
2024-12-26,2024Q4,10:00,1.1235919515222925,13:00,1.1383212719248879,10:00,1.0563957569262548,10:30,1.029543000537406,13:00,1.0787668271088064,13:00,0.9853734950057375,12:00,0.9499755791932182,10:30,1.1235919515222925,1.0867548825373996,1.076943147770826,1.0843983792968566,1.0511785714115633,1.0638212311214172,1.0552060401928494,1.0462888695564745,1.0398876743078123,0.9934592780270388,0.968284636088202,2.275278972669397e-05,9.498733396929495e-06,1.8401540695349644e-05,8.941156449614097e-06,1.401316381790152e-05,8.016533629103676e-06,1.1646841998698085e-05,8.012977141747965e-06,9.482469322316587e-06,5.631111857896128e-06,8.048043122461297e-06,5.416384050086104e-06,8.608741545511332e-06,4.574488562572511e-06,5.805210714202404e-06,3.3470649405353417e-06,5.409698504325306e-06,3.013155367721284e-06,4.644595876055423e-06,2.639496704401417e-06,2.5974055880311033e-06,9.708577854974224e-07
2024-12-27,2024Q4,10:00,1.1237510765883716,13:00,1.1417753450036887,10:00,1.0687501144649063,10:30,1.033133126998791,13:00,1.0819434245008845,13:00,1.0080003971468552,12:00,0.951972974728222,10:30,1.1237510765883716,1.0868852324553973,1.0770342948657001,1.084454438804761,1.0512521257127054,1.0638730744439697,1.0553004151121907,1.0463525059181085,1.0399584338086034,0.9935352766882878,0.9683647200043604,3.065462158710127e-05,7.732710275693141e-05,4.152898626523331e-05,4.0982784523385195e-05,3.089913000931932e-05,3.9543632620347076e-05,2.8321356391586824e-05,3.883021643825509e-05,3.377493101507118e-05,2.243596436627905e-05,2.921289883666473e-05,2.167903529501279e-05,2.1988953827965697e-05,2.076869274187629e-05,1.7439707831934383e-05,2.0243537184934043e-05,1.252464041415316e-05,1.4480859005660172e-05,8.944576575178331e-06,1.4477611834828919e-05,6.0274960222951855e-06,9.801744522778525e-06
2024-12-30,2024Q4,10:00,1.1230109850002574,13:00,1.140523894414198,10:30,1.0643748881472501,10:30,1.0328178466276028,13:00,1.0807557204470235,13:00,1.005871380856516,12:00,0.9578260137690492,10:30,1.1230109850002574,1.0868400137230325,1.076836358314135,1.0841932817018525,1.0514623610967455,1.0640124615937874,1.0553022045929612,1.0462491699509686,1.0398796745364391,0.9933309783460468,0.9681974079538769,6.120447119451225e-05,4.1438013445184357e-05,4.733705578138617e-05,4.090464867891399e-05,3.9569917589866015e-05,2.6083590868511495e-05,3.272614161788526e-05,2.3539246146639732e-05,2.796942857160178e-05,1.861203851346642e-05,2.469946372121654e-05,1.5112615741296763e-05,2.344036663046651e-05,1.381767456417159e-05,2.1701532990881503e-05,1.3016484294914852e-05,1.5510887441711956e-05,1.2236216696154736e-05,1.1480616199248646e-05,1.0515682300381582e-05,7.652805766987647e-06,9.604793724196396e-06
2024-12-31,2024Q4,10:00,1.1232039123606405,13:00,1.1426808894698022,13:00,1.0709330912908803,10:30,1.0347852078830793,13:00,1.0825730924983017,13:00,1.0145994031942485,12:00,0.9625939376315273,10:30,1.1232039123606405,1.086883190720839,1.077030677904499,1.0843296885690428,1.051635606354508,1.0642077777103651,1.055523084203753,1.046472294451168,1.03996622582056,0.993369838624836,0.9681179208409371,7.123575508186564e-05,4.7925139614207523e-05,5.808889683894442e-05,4.750906287734323e-05,4.6492566566516285e-05,4.5163246969588404e-05,4.5833971485325256e-05,3.6260403679403105e-05,4.005370373190028e-05,3.624420960648102e-05,3.439871285813452e-05,3.2383340938432175e-05,3.3664162948983674e-05,2.7144089296725697e-05,3.156718049583298e-05,1.3797820343817887e-05,2.5575518217438584e-05,1.352305254857352e-05,2.1936334148135686e-05,1.3040823630045725e-05,1.746934710853522e-05,8.099716342106535e-06
2025-01-02,2025Q1,10:00,1.1234326913565187,13:00,1.143688935865047,13:00,1.0716677875806093,10:30,1.0382102922781056,13:00,1.0833999055681378,13:00,1.015175318616747,12:00,0.9643366740954152,10:30,1.1234326913565187,1.086979843487798,1.0769943260858466,1.0844529607138416,1.05167554874378,1.0642063310196308,1.0556479929406062,1.046944919864962,1.0403236242112115,0.9937068916410216,0.9685825293830582,4.785052507711419e-05,8.364326715827376e-05,4.570103064689658e-05,6.773256459692427e-05,3.8632647519994674e-05,6.75972902391177e-05,3.593760203070828e-05,6.755094491917195e-05,2.8566227715016352e-05,6.717240350006002e-05,3.491439451986959e-05,3.413200018232598e-05,3.83819028556585e-05,2.6882049555992476e-05,3.242426215777205e-05,2.575879495105349e-05,2.6534391256380315e-05,2.5100912869235333e-05,1.604139692374157e-05,1.904803583570034e-05,1.2571032820882184e-05,1.5211134912529237e-05
2025-01-03,2025Q1,10:00,1.1228272106844648,13:00,1.141852295397292,13:00,1.0735294580227939,10:30,1.0289045495104174,13:00,1.0814049018861347,13:00,1.0166989398756592,13:00,0.9649162455818343,10:30,1.1228272106844648,1.0865619807360902,1.0764171603811894,1.0837478334579196,1.0508095300954061,1.0641744490638039,1.0558970959034195,1.0470953692018632,1.040336694167613,0.9935986416278648,0.9684782650748324,5.328351937394098e-05,9.180189791761163e-06,3.9280366314406234e-05,9.087275704491736e-06,3.0600470383668104e-05,6.492651526320307e-06,2.593220193337528e-05,5.8208448752865475e-06,1.925621251757958e-05,4.2306546244537205e-06,1.7010909405695962e-05,4.09409649738829e-06,1.3097121600604145e-05,3.40503951682135e-06,9.576910059883114e-06,1.6326578663482405e-06,6.8790050975037405e-06,1.5931471044056246e-06,4.888349393097633e-06,4.549642108448544e-08,3.562973811850784e-06,4.508807414493492e-08
2025-01-06,2025Q1,10:00,1.1233913805175522,13:00,1.1440336236638167,13:00,1.0747852604787758,10:30,1.0403032499459566,13:00,1.0832280527584919,13:00,1.0176602512026107,13:00,0.9709822116519334,10:30,1.1233913805175522,1.0870019851849864,1.0768159502547971,1.084118585507836,1.0511143292421419,1.0644607313992676,1.0561336744838545,1.047312293276496,1.0404986681560422,0.9937802529005109,0.9686479700849463,2.4935042408162784e-05,2.1409302280407056e-05,1.6011113826444492e-05,1.8699197202681815e-05,1.2831387458572104e-05,1.8697180338995162e-05,9.60223926331288e-06,1.7554772450339236e-05,8.489265076041913e-06,1.7549675460595392e-05,8.802461068324226e-06,1.535458040920181e-05,9.395250300922256e-06,1.3453663825700057e-05,9.068470223653545e-06,1.3006817896091563e-05,1.0873908534077329e-05,4.43784891851092e-06,7.773586048870612e-06,4.255873637105051e-06,5.35090097992041e-06,1.4069667909335695e-06
2025-01-07,2025Q1,10:00,1.1234029823029588,13:00,1.1414643963610158,13:00,1.071452672961576,10:30,1.038987477926288,13:00,1.0809180032493213,13:00,1.0146198931179637,13:00,0.9682154292698002,10:30,1.1234029823029588,1.0869374393248163,1.0766926612919872,1.0839404992625012,1.0509094809225434,1.0642901650838021,1.0560138631512173,1.0471867798455134,1.0406927129894634,0.9939131336961011,0.9688402651536806,3.411643261688626e-05,6.62007098146727e-05,3.595970659432613e-05,4.5763183144557864e-05,3.07850428832735e-05,4.567394926157421e-05,2.688949107385351e-05,4.5431887951963354e-05,3.0452937744821155e-05,2.868055137813001e-05,2.633417875408169e-05,2.8671938765050945e-05,2.2814354509406604e-05,2.8476758065115637e-05,1.3180915917515459e-05,2.3116283108817758e-05,1.2110326765435834e-05,1.858709665737293e-05,7.574689437340511e-06,1.858418214831576e-05,6.296199405765955e-06,1.5778519770686652e-05
2025-01-08,2025Q1,10:00,1.1228751543908488,13:00,1.1349524632999095,13:00,1.0720704248818582,10:30,1.0345863483338589,13:00,1.0749352270429187,13:00,1.0153784434510336,13:00,0.964296713775941,10:30,1.1228751543908488,1.0867314200097522,1.0763823704952262,1.0835186319521335,1.0509159013574787,1.0641956675238915,1.0558333513937344,1.046883062077551,1.040468501334609,0.9935048842802292,0.9684070839366883,6.288069510391028e-05,0.00011226510433312712,5.548552551638487e-05,0.00011064012985904699,4.2378472837370664e-05,0.00010000770903389906,3.639340456225027e-05,9.968597767910099e-05,2.955994831365834e-05,9.464494789056953e-05,3.658356205192673e-05,5.2251505217384656e-05,2.7868761618427313e-05,4.6617311915313996e-05,2.1186748605179904e-05,3.317968989816871e-05,2.1559866094657128e-05,2.800369885836303e-05,1.0927714720957858e-05,1.0653594800177791e-05,9.414233915335147e-06,1.6426417965866205e-06
2025-01-10,2025Q1,10:00,1.1220479342887693,13:00,1.1220057448712935,13:00,1.0661970137175887,10:30,1.0128598604860468,13:00,1.0632072920128546,13:00,1.010323204572277,13:00,0.952336557831701,10:30,1.1220479342887693,1.0857650991819103,1.0752830758736458,1.0821697014350176,1.0494814513574384,1.063766248431905,1.0553029059339145,1.0465102062024376,1.0402338310092516,0.9935177420204341,0.9687839992716092,7.31707388158235e-05,5.251611241276775e-05,5.246898448741296e-05,4.920988367579301e-05,4.490256616637609e-05,4.739653849324623e-05,3.992659226557578e-05,4.220089716107448e-05,3.67859630118051e-05,4.08016610641998e-05,3.0889813197947886e-05,3.8300452820872544e-05,2.3987935505789485e-05,3.144829048110277e-05,1.9509288814501807e-05,2.335476230441803e-05,1.5088841713655987e-05,1.92512628651724e-05,1.4038610429598213e-05,1.0139034824203433e-05,1.0029530389276678e-05,9.350576121500862e-06
2025-01-13,2025Q1,10:00,1.122234321721316,13:00,1.1155906295168476,13:00,1.0636558368725872,10:30,1.0138203784143807,13:00,1.0573571754885542,13:00,1.0081333614774044,13:00,0.9477519323815659,10:30,1.122234321721316,1.0857507621802598,1.075181054294178,1.0820616377663355,1.0493577226380855,1.0635440154087679,1.0550745342995251,1.0463745724123927,1.040081019158234,0.9936661924275283,0.9688307508504405,5.788641186597653e-05,5.193728582512391e-05,5.04611469078722e-05,4.16410100821609e-05,4.090742841773158e-05,3.1565070173745165e-05,3.5321837491373786e-05,2.9659603787286267e-05,3.140421185725501e-05,2.650343374003604e-05,2.6092527064389783e-05,1.1615733677031398e-05,2.207013427895793e-05,7.363383060546662e-06,1.7912229743026934e-05,7.191698250168822e-06,1.2772917679088033e-05,6.864265696924421e-06,9.59180837542937e-06,6.591684378986007e-06,7.655738983597568e-06,6.4678665549392214e-06
2025-01-14,2025Q1,10:00,1.1222290995024078,13:00,1.1229293761169845,13:00,1.067438024860346,10:30,1.0168228581462804,13:00,1.0639549022905659,13:00,1.0113778689882704,13:00,0.9567356999223618,10:30,1.1222290995024078,1.0858289966166712,1.0752982800495996,1.0821223610174808,1.0494313428015638,1.0638538109469757,1.0554294864373046,1.046660183837187,1.0402553540214932,0.9937800441301541,0.9688976409774918,6.351844782104129e-05,6.988919846703477e-05,4.503235515282787e-05,6.799459886244409e-05,4.2183991143213664e-05,6.267748298756629e-05,4.0854918027724706e-05,6.046960622477091e-05,3.906361172075419e-05,4.651427397317411e-05,2.961203706382459e-05,4.374759936964918e-05,2.4089743043217395e-05,4.303603510399805e-05,1.6307952428201754e-05,3.3458410540893114e-05,1.3129813570638009e-05,2.732884624993897e-05,9.175162427573878e-06,2.681161220398018e-05,1.0414053922294451e-05,8.53957805889485e-06
2025-01-15,2025Q1,10:00,1.1220342809918977,13:00,1.1093607006094428,13:00,1.0633825444227172,10:30,1.008163721708222,13:00,1.051625809351503,13:00,1.0080405122648182,13:00,0.9451737015328113,10:30,1.1220342809918977,1.0854002368859117,1.0748746340918292,1.0816605360529647,1.0492317375627334,1.0634724523932693,1.0549006031846468,1.046146143778915,1.0397823066891176,0.9931268418956362,0.9690006234741583,4.531695472422766e-05,1.7134511886919417e-05,3.614487394762115e-05,1.689306822752093e-05,3.3816803149697345e-05,1.3411653189161914e-05,2.8921723014798405e-05,1.3345994799067829e-05,2.712463728444001e-05,1.068369087336477e-05,2.044174491032447e-05,7.727605381261865e-06,1.7338224136586924e-05,7.703550884385596e-06,1.1558205264656279e-05,3.487817641311437e-06,8.313396094211231e-06,3.292014254285801e-06,5.990336869885681e-06,2.1527501535373563e-06,4.765369153154214e-06,1.962003677420494e-06
2025-01-16,2025Q1,10:00,1.122375049155882,13:00,1.1281345748296665,13:00,1.064627626127146,10:30,1.0150632369942891,13:00,1.0691911888555743,13:00,1.009002385587941,13:00,0.9510080679834879,10:30,1.122375049155882,1.085665320540344,1.0752005487333967,1.0819326314695368,1.0495574853591327,1.0637477656598013,1.0551289484878594,1.0463634085381057,1.0399335021098104,0.993270873280091,0.9691384377831639,4.133367643772849e-05,1.5992253508995465e-05,3.341466204119072e-05,1.590751222671566e-05,2.6082847568665458e-05,1.1887073998687377e-05,2.331431431809327e-05,1.1869928449784994e-05,1.930974766354399e-05,1.1803949156230719e-05,1.6336469972185976e-05,1.1626412706825922e-05,1.3424025028790495e-05,9.90633784322975e-06,1.1667485756926262e-05,8.383274521801146e-06,1.1245750026550044e-05,6.392511560198676e-06,7.167586974416831e-06,3.050564217079263e-06,4.180131853856774e-06,2.501013432565508e-06
2025-01-17,2025Q1,10:00,1.1226803977032256,13:00,1.1266116088630358,13:00,1.0660015579425905,10:30,1.0213288535520983,13:00,1.0676732776515403,13:00,1.010234022440807,13:00,0.9531295865793811,10:30,1.1226803977032256,1.0859055686556613,1.0754239606518923,1.0821292854679367,1.0496991066632735,1.0638371337827661,1.0552025909472387,1.0464429277972875,1.040075627713093,0.9934255487535072,0.9692229346044245,3.4336034270137236e-05,9.602620628247757e-06,2.379876755272846e-05,8.880011738105948e-06,1.8680153233511174e-05,4.700570227004915e-06,1.6059991104669e-05,3.7092058939456328e-06,1.5089911684642389e-05,3.21571963223751e-06,1.0922929572404186e-05,1.9609828247883597e-06,9.671614998515465e-06,1.924354894062532e-06,7.279503256875138e-06,1.8356800317556723e-06,6.893204851841198e-06,1.0927847523244984e-06,5.520186496824359e-06,1.06829612981083e-06,3.950480647060626e-06,8.705172865823808e-07
2025-01-21,2025Q1,10:00,1.122987940444814,13:00,1.129595305269385,13:00,1.0674548909761914,10:00,1.0273069684087321,13:00,1.0703088179808498,13:00,1.0114298256012495,13:00,0.9578638148651297,10:30,1.122987940444814,1.0861161975001727,1.0756527826275293,1.0823554879442838,1.049938802919253,1.064036103317417,1.055391945102704,1.0465900812890625,1.0402535622246067,0.9935922312104374,0.969372396209705,2.881329066598788e-05,4.804220066968357e-06,2.2338137899706762e-05,4.782391317219982e-06,1.5982955550951835e-05,4.752592163770402e-06,1.3263912831467695e-05,4.477749050263852e-06,9.617650907196253e-06,3.330734540192552e-06,8.091920129866147e-06,3.123189875317946e-06,6.9345086634885026e-06,1.148597946313926e-06,5.2118725827899725e-06,1.1288326022374873e-06,3.497121323148927e-06,1.1095465934112875e-06,2.5020063507019374e-06,9.686153509403924e-07,1.6556324984841882e-06,8.09623561599363e-07
2025-01-22,2025Q1,10:00,1.1232936733447711,13:00,1.128343210641815,10:00,1.0678734880485827,10:00,1.0347651478571065,13:00,1.0689788123643356,13:00,1.0106497930583176,13:00,0.9614329350473123,10:30,1.1232936733447711,1.0863712671607009,1.075835334887956,1.0825135364279916,1.050064032061382,1.0641434690927816,1.0555337464043641,1.0467007593570263,1.0403259779967235,0.9936497821386212,0.9694142878119761,1.5948597831679767e-05,5.2949148977711736e-06,1.2652735077613686e-05,5.1944058429510134e-06,1.0954986129726082e-05,5.1000552087789855e-06,8.22842902296491e-06,3.861004792278947e-06,6.819731546777574e-06,3.296596723863044e-06,5.863608884447582e-06,3.2652271623336714e-06,5.9288108875822675e-06,3.051273375798717e-06,4.3601901070338e-06,2.85348717210761e-06,3.4058871598397192e-06,2.853159055717262e-06,2.4932451847649878e-06,2.7876049450921685e-06,1.5564479802713225e-06,1.5751574492211987e-06
2025-01-23,2025Q1,10:00,1.1234242289526606,13:00,1.1285853834062165,10:00,1.0701608282934088,10:00,1.038065953539623,13:00,1.0691402761398823,13:00,1.0123416030872991,13:00,0.9632020237443207,10:30,1.1234242289526606,1.0864755502263255,1.0759271532595025,1.082589553576852,1.0501327351282437,1.0641972509642759,1.0556008491990967,1.0467384718183113,1.0403395045584944,0.9936394416073354,0.969415705305624,1.3989824816325918e-05,1.4771642336999123e-05,1.2405981847481183e-05,1.3941903421279068e-05,9.428738945237844e-06,1.0104765665357964e-05,8.399396220504931e-06,9.217486831485579e-06,6.92194031121874e-06,8.998854513264915e-06,5.545895329599465e-06,8.992900303443317e-06,4.1614165042426625e-06,8.351952072387974e-06,3.3720646593459415e-06,8.147252236512832e-06,2.6385792824997165e-06,7.919705488327788e-06,1.8097238618250699e-06,7.913759595188205e-06,1.5212180324514301e-06,7.869720243686093e-06
2025-01-24,2025Q1,10:00,1.123390228726581,13:00,1.122713371373001,10:00,1.069199228909578,10:00,1.0376395076270386,13:00,1.0636937587369295,13:00,1.0126213060112093,13:00,0.9604938800553801,10:30,1.123390228726581,1.086434772553916,1.0759029230826402,1.0825599061711917,1.0500810233779772,1.0641066702020152,1.0554855306344504,1.046596928899165,1.0401664561949124,0.9934132417756976,0.969122011977807,1.5858552055422538e-05,1.2204768048136918e-05,1.1872123504020952e-05,9.299147605764597e-06,1.0459928618736891e-05,9.271863550235713e-06,7.297752664751067e-06,8.159718498876372e-06,6.401300151721285e-06,7.830541947683515e-06,6.51296082674522e-06,7.816292561248811e-06,6.043432003106767e-06,6.182905551735837e-06,5.411594906653037e-06,6.094082860221754e-06,6.149812292805189e-06,3.1198398244189592e-06,5.003874544131303e-06,3.1198398244189592e-06,3.2452615356959917e-06,3.1094863961266744e-06
2025-01-27,2025Q1,10:00,1.1234182576518736,13:00,1.115339330884963,13:00,1.071424477825255,10:00,1.0386602090853962,13:00,1.0567193284123697,13:00,1.0151125521178745,13:00,0.9603577768087789,10:30,1.1234182576518736,1.0864610839444193,1.0759110525895075,1.0825310840205158,1.0500437722084257,1.0640660631574537,1.0554735783632017,1.0465704020644493,1.0402561961954455,0.9934843993251269,0.9691331558937342,4.465991840019076e-05,5.8174639019940684e-05,3.257138368030831e-05,5.7789264350512595e-05,3.063879748553434e-05,5.550839308925673e-05,3.026106804935259e-05,4.790085291173953e-05,2.41031597982113e-05,4.754322348143171e-05,2.0849920686829055e-05,4.560635611083555e-05,2.120733331280021e-05,3.8803664769510605e-05,1.598215996609739e-05,3.879521388897215e-05,1.0939374945603374e-05,3.8082840655671315e-05,1.0267547672954188e-05,2.1735058563887017e-05,8.712871751072884e-06,9.807611915703444e-06
2025-01-28,2025Q1,10:00,1.1231484019429419,13:00,1.1038660900478303,10:00,1.0655593648018806,10:00,1.0336614654183203,13:00,1.0463335716184519,13:00,1.0091765622541327,13:00,0.9491271377400774,10:30,1.1231484019429419,1.0860121253579242,1.0754233155598194,1.0821261688991863,1.049516231152768,1.0634438204918086,1.0549848728836906,1.0458953673248679,1.0393712704326818,0.9930615937192415,0.9690950958336794,4.4025905025842645e-05,5.363690506474605e-05,2.7281508794964563e-05,2.056680106101685e-05,1.8884649296159367e-05,1.9855875175075885e-05,2.1546333471651328e-05,1.2246200847518268e-05,1.6056889849359247e-05,8.332816650114145e-06,1.2399819232176305e-05,4.570200146271387e-06,1.1037662436517647e-05,4.542424580067633e-06,7.967293969335697e-06,4.238693457176321e-06,6.740492024529228e-06,3.82877710311051e-06,4.385715693941693e-06,3.6152598133622253e-06,3.1454497055409963e-06,5.106233868032246e-07
2025-01-29,2025Q1,10:00,1.122937089984773,13:00,1.1018835669286586,13:00,1.066648321115557,10:00,1.0300630844260903,13:00,1.0443014079582997,13:00,1.010907483303499,13:00,0.9532007017718028,10:30,1.122937089984773,1.086085591716192,1.0753819263382394,1.082281670306048,1.049665593827835,1.0636133044856728,1.055139405665398,1.0459922544828808,1.0394564608412085,0.9930912879220989,0.9692224676750364,5.009538689808863e-05,5.2469150244961514e-05,4.644327558085261e-05,5.196209263630665e-05,4.4760114841423045e-05,5.179941262982312e-05,4.35353608614544e-05,5.154330069303384e-05,4.277188389179699e-05,5.1438146695124063e-05,4.032915557500104e-05,4.972282836460277e-05,4.620728783613699e-05,4.6965261253119854e-05,4.9083974452192295e-05,4.67899692857287e-05,6.260821524909755e-05,4.494203977846193e-05,4.7048945730774774e-05,3.2653842385874794e-05,1.7099629803026662e-05,9.291999230297483e-06
2025-01-30,2025Q1,10:00,1.12282218225069,13:00,1.153819368173615,13:00,1.064478235227787,10:00,1.0288246468639335,13:00,1.0936089022694357,13:00,1.0089299126256313,13:00,0.952621630108701,10:30,1.12282218225069,1.0859372794424746,1.0751986112989143,1.082052250518177,1.049436606207371,1.063331357766783,1.0550566713376526,1.0459961432511016,1.0399461615854133,0.9936363535231839,0.9696112233650739,2.925427521534621e-05,4.8591344251575145e-05,2.975352021841233e-05,3.488230331207452e-05,2.7924039540920718e-05,3.1143879340476e-05,2.162588551938986e-05,2.531330809984267e-05,1.60455205517634e-05,2.163749243099811e-05,1.7236133249098373e-05,1.3392173660910908e-05,1.2222749756078742e-05,1.0576670455685746e-05,9.813633923199773e-06,9.637431076791416e-06,7.345292177189263e-06,7.0051419753514886e-06,4.70564060735993e-06,6.99988893347161e-06,2.9562669968805938e-06,5.575110675124403e-06
2025-01-31,2025Q1,10:00,1.1224928684473865,13:00,1.151267420845429,13:00,1.0667100315830158,10:30,1.0232503683689653,13:00,1.0911629418596775,13:00,1.0110200593695315,13:00,0.9536141358369421,10:30,1.1224928684473865,1.0858167198469546,1.0751054982231654,1.0819443357371286,1.0493007210166663,1.0633986052033713,1.0550829547815423,1.0459888324530378,1.0399480198460929,0.9935525055448742,0.9694936032269033,2.693733525785053e-05,4.019151036061337e-05,1.9749150574046823e-05,3.819434909873864e-05,1.5741825544215576e-05,3.7694874928273815e-05,1.5211444593259949e-05,3.727309505598618e-05,1.4648675657285825e-05,3.721600951336011e-05,1.0139478134379483e-05,3.609590227665885e-05,1.0438869362678591e-05,3.5505016488954665e-05,1.9676542087703796e-05,2.1039619386366872e-05,2.3598268209536673e-05,1.5377836686097286e-05,1.9444480410047158e-05,1.3439611712853046e-05,1.8070991351360863e-05,1.1384044570016285e-05
2025-02-03,2025Q1,10:00,1.1222564375567163,13:00,1.1283715851635783,13:00,1.059276468616166,10:00,1.0179424967316142,15:00,1.0721435271913975,13:00,1.0046097414750677,14:30,0.9499131290448081,10:30,1.1222564375567163,1.08549463395546,1.074690836512328,1.0814744729119123,1.0488033416818197,1.0627651027133842,1.0544158839837958,1.045925072168159,1.0401822218610541,0.9937794269878311,0.9698311992456307,6.717144129656636e-05,7.410144672439257e-05,6.436768758182878e-05,1.9912077034967643e-05,5.3410184360590533e-05,1.2734294683494702e-05,4.880047207573763e-05,1.2729850439103525e-05,4.8618995724052636e-05,1.1829065192614299e-05,3.978747090623657e-05,1.1792876357127225e-05,4.009181294809849e-05,1.1784144921846927e-05,2.9110952015051367e-05,1.1449086440374664e-05,2.07867954400901e-05,7.961270880247768e-06,1.6213112765250326e-05,6.74489711966138e-06,1.3080514315624898e-05,6.6631226776415154e-06
2025-02-04,2025Q1,10:00,1.1220486655464608,13:00,1.1335214817893933,13:00,1.0645309257164872,10:30,1.0324724388080815,13:00,1.0743274693876528,13:00,1.0089396927039258,14:30,0.961117912643956,10:30,1.1220486655464608,1.0861283496054803,1.0753553269781824,1.0821297135190597,1.04954127268515,1.0633762290153008,1.055098667853555,1.0463937188352108,1.0405671915058499,0.9941336111394471,0.9701487370091402,4.69512718498261e-05,3.349526277139297e-05,3.4289710365327274e-05,2.6885362491073942e-05,2.7760942624382387e-05,2.6767302690680537e-05,1.7824520797876098e-05,1.92375953147635e-05,1.758963104590945e-05,1.822975782067576e-05,2.043851629159486e-05,1.0829971646594491e-05,1.3074622074979946e-05,6.3634119570109775e-06,9.606094891657126e-06,6.324442734152915e-06,7.41114113636087e-06,5.890789578628217e-06,5.309549272350188e-06,2.338472573797636e-06,5.256913211049889e-06,1.8680473046179641e-06
2025-02-05,2025Q1,10:00,1.122170343305142,13:00,1.134931600957139,13:00,1.0693765177960346,10:30,1.0348965875095155,15:00,1.0968996246167126,13:00,1.0133814975989581,14:30,0.9646452364323646,10:30,1.122170343305142,1.0862037483371874,1.0753382155381452,1.08207375375729,1.0495098363974464,1.0635762427210047,1.0552556172870213,1.0464754286932028,1.0406066299641843,0.9942447631742029,0.970313988467982,3.774997995179569e-05,1.0031827433338607e-05,2.6071045759637333e-05,9.362000123271466e-06,2.0854849749704104e-05,9.34523400573964e-06,1.6240391627288298e-05,8.13220615147161e-06,1.1897192968672664e-05,2.9181275509189607e-06,1.0667161330447561e-05,2.886812235613698e-06,8.567814321673509e-06,2.8461073879299998e-06,7.730651016340437e-06,2.8047152043493326e-06,5.487200104301594e-06,2.3427919447108638e-06,3.5718966150538473e-06,2.100224305364847e-06,2.644420997693248e-06,1.9544758613518872e-06
2025-02-06,2025Q1,10:00,1.1225144028955945,13:00,1.1405911535596285,13:00,1.0695254737567363,10:30,1.0410227687995461,15:00,1.1033411147309835,13:00,1.0133908061806365,14:30,0.9664482811063234,10:30,1.1225144028955945,1.0864393314160479,1.0755188550066543,1.0822128488710332,1.0496897876654552,1.0637465339230077,1.0553929118300032,1.0466065483004368,1.0407004742262635,0.9943000131983218,0.9703498677520782,2.2159366846803578e-05,1.780841384448025e-05,2.1069309682731618e-05,1.738725053145809e-05,1.8435898930195278e-05,1.718482404531577e-05,1.2961413411013447e-05,1.497726022608053e-05,1.21177704119237e-05,1.4577541229572056e-05,1.0676658324328618e-05,1.4569629138950506e-05,8.06820802129261e-06,1.4000910097401129e-05,6.176323315762471e-06,1.39971987683148e-05,5.542201506593837e-06,1.3491236109483956e-05,5.236730026585276e-06,1.2483810329267429e-05,5.710630304465685e-06,1.0590244362128412e-05
2025-02-07,2025Q1,10:00,1.122542567395854,13:00,1.1106904823191646,13:00,1.0644010893588112,10:30,1.0421378982640346,15:00,1.0697595212399744,13:00,1.0086935160103412,13:00,0.9594448032459045,10:30,1.122542567395854,1.0864716060139037,1.075518074478527,1.0821521642114296,1.0496249496346897,1.063638484605539,1.0552274526050378,1.0463749639756648,1.0404390448430336,0.9940329310573219,0.9701309704070086,2.6507004651163466e-05,5.872718715298108e-05,3.396250235851236e-05,3.0037001753297015e-05,3.9975187969903846e-05,2.5175588453699765e-05,4.240685802264146e-05,2.063791444542829e-05,3.3165679650392584e-05,2.0126023304115253e-05,2.8706507189766805e-05,2.011017945055737e-05,2.195155342435303e-05,1.9488788763048983e-05,1.5965628262581747e-05,1.5834087650186118e-05,1.588731993860769e-05,3.662118364311997e-06,1.1919859354749232e-05,2.61797716507618e-06,6.4033744103503545e-06,1.935456111093958e-06
2025-02-10,2025Q1,10:00,1.1220311691638547,14:00,1.0790878177032652,10:30,1.065328208249755,10:30,1.043136628735782,14:00,1.0367764195127822,13:00,1.0062431379834476,14:30,0.9696243249127401,10:30,1.1220311691638547,1.0864912683542534,1.0757335476740588,1.082527162593966,1.049870036892125,1.0638023658399,1.0552616329599203,1.0463584967786157,1.0408105329115862,0.9943796873567327,0.9703479354164057,2.698958762806275e-05,9.688093945741656e-06,1.6748405794922522e-05,5.8320131084609985e-06,1.4747442265274316e-05,5.792872769255233e-06,1.3578058424016465e-05,4.952268288771002e-06,1.1248831516293657e-05,4.901950187152329e-06,1.0019254520788941e-05,3.2105724689847096e-06,7.738106864330288e-06,7.684801898980843e-07,6.1788711165941225e-06,7.412947106820319e-07,4.484653868546047e-06,2.5517911583411067e-07,2.879899721333416e-06,2.3603670242982273e-07,2.1454910430834055e-06,3.2186516920620927e-08
2025-02-11,2025Q1,10:00,1.1222402760618537,14:00,1.12113124108552,10:30,1.067734984875371,10:30,1.0471765215097426,15:00,1.0940020392449206,13:00,1.0068876166713783,14:30,0.9727363341007943,10:30,1.1222402760618537,1.0866453967859548,1.075875794979077,1.0826806541426248,1.0499942365746362,1.0639502727292758,1.0554324061791431,1.0465061065341332,1.0409403088727676,0.9944781287549995,0.9704492935733827,2.9941593614455548e-05,6.497858506388676e-06,1.909453221574515e-05,5.0170551889050135e-06,1.2049535675349899e-05,4.163822045812113e-06,1.1812737520525e-05,4.119970275630104e-06,9.889491080474558e-06,3.6889434819372445e-06,8.305841395164538e-06,3.6340583540335438e-06,8.013162431824104e-06,2.679328936027259e-06,5.67983223706918e-06,2.5262052310849397e-06,4.632208332458714e-06,1.4664158610223239e-06,3.0257619791029612e-06,1.4448737449201323e-06,2.5318443025542654e-06,1.7817396236493238e-07
2025-02-12,2025Q1,10:00,1.1225340710963028,14:00,1.1171514521655306,10:30,1.0679170371627638,10:30,1.0524673265945104,15:00,1.0999834512394002,13:00,1.007596110488857,14:30,0.974665800320674,10:30,1.1225340710963028,1.0868473357119903,1.0760022304342092,1.0828179779148193,1.0501166706579865,1.0640496939824315,1.0555602297044684,1.0465890448824862,1.0410358359195861,0.9945372556481108,0.97056238062744,3.5126196990679474e-05,4.002889411040907e-05,2.7895123577918524e-05,4.001259922455547e-05,2.017999743050013e-05,3.726930123186904e-05,2.5548765254170853e-05,2.770387269615601e-05,1.2802068588853446e-05,6.275780041484617e-06,1.1015316450558554e-05,5.782955459766874e-06,9.373004111058504e-06,4.872849291857804e-06,7.748820107523952e-06,2.7622483255235734e-06,6.383706471228672e-06,2.3884450790809865e-06,4.282623994234839e-06,2.348431858427379e-06,2.7861346479276543e-06,6.959961962468987e-07
2025-02-13,2025Q1,10:00,1.1224069187430636,14:00,1.1013243821481298,10:30,1.0652430560500827,10:30,1.047056331255574,15:00,1.0809012798066922,13:00,1.0081911894734126,14:30,0.9770634925484043,10:30,1.1224069187430636,1.0866166742705095,1.07566968951998,1.0827349129264816,1.0502430701823353,1.0641585649434782,1.0556644768987913,1.0467217376590912,1.0411556989346045,0.9946097042984863,0.9706635604250923,2.7683933321174437e-05,1.623286243356597e-05,1.9707291519108606e-05,1.2684590000865578e-05,1.6499044370713157e-05,1.015306047857998e-05,1.5377145199735518e-05,9.810972581738718e-06,1.8002037252231405e-05,8.775133034506137e-06,1.4911107138668493e-05,8.320504160377108e-06,1.7945397070318806e-05,7.99302932730555e-06,1.513188889783099e-05,7.991717277554702e-06,6.9636536567918085e-06,5.502497588657458e-06,3.6071943984149845e-06,2.327197575139196e-06,2.8494804476103574e-06,1.39899638526519e-06
2025-02-14,2025Q1,10:00,1.1225295913396691,13:00,1.086654802827869,13:00,1.0636637749020148,10:30,1.0495170721233575,15:00,1.0656802023006229,13:00,1.0073539281245456,14:30,0.9786855282611651,10:30,1.1225295913396691,1.0867042924382924,1.075762778287034,1.082823655098195,1.0504218196009236,1.0642941652116467,1.0558987712315817,1.0469065316952588,1.0411936665971209,0.9946577955874398,0.9707350567847842,2.1075595313331146e-05,6.41102534542564e-06,1.8591645095343702e-05,6.356454734225565e-06,1.333324839757064e-05,6.148676223443585e-06,1.2536387808957763e-05,5.440358796281057e-06,1.0420596125629447e-05,5.3930901676108155e-06,1.1812598130686044e-05,3.3026328536647316e-06,7.761022180821806e-06,2.2201431070861567e-06,6.311336648673475e-06,2.219457341677085e-06,4.243365290315124e-06,1.384666761744606e-06,3.461830070509689e-06,9.990024877916956e-07,2.097654227046091e-06,9.706444065161052e-07
2025-02-18,2025Q1,10:00,1.1227094756404263,12:30,1.0754960031174015,10:30,1.0640903043601597,10:30,1.0541211305549973,15:00,1.056134525596296,13:00,1.0065975132496674,14:30,0.9817132412134751,10:30,1.1227094756404263,1.086877087640243,1.0758748986394855,1.0829476797923265,1.0505185600824438,1.0644799204519235,1.0560322509535474,1.0470154271162295,1.0412798156045777,0.994749624619251,0.9707904391189988,1.772487841870026e-05,1.3667396236213121e-05,1.4732685692685866e-05,1.3167980866596634e-05,1.0286779133297032e-05,1.0113273051717172e-05,8.877387547134155e-06,9.993298102881295e-06,7.583637717576763e-06,9.917901815595043e-06,6.531939263972626e-06,9.777746963756424e-06,5.3777569686582625e-06,9.530786492711163e-06,5.325232783251071e-06,8.904663560778175e-06,3.984900733859904e-06,8.780974640124018e-06,4.083503134711584e-06,8.303868329798474e-06,2.402975745221915e-06,7.144449199311305e-06
2025-02-19,2025Q1,10:00,1.1227403217540275,12:30,1.0678389333152443,10:30,1.0625370486434267,10:30,1.054452154018994,15:00,1.0416111843150213,13:00,1.0042630462240003,13:00,0.9781895613478919,10:30,1.1227403217540275,1.086883308282018,1.0758649905140358,1.0829113899157412,1.050460894482595,1.0643931629771712,1.055916779921301,1.0469062765593522,1.0411212366780367,0.9945942743600533,0.9705732442132243,1.454919082471907e-05,1.4848153570938238e-05,1.1670043649670928e-05,1.4785591717640043e-05,9.527612026256345e-06,1.4783343530348628e-05,8.387694073170898e-06,1.188104426741499e-05,8.13011450349152e-06,1.1107942178866725e-05,7.017428827949583e-06,9.847953550831632e-06,5.517691378043202e-06,9.111286789932795e-06,4.790535431698072e-06,9.09862600924385e-06,4.575585673960096e-06,9.05014036231194e-06,3.3285614827053633e-06,4.69327613278552e-06,2.3582291894753e-06,4.484155161993158e-06
2025-02-20,2025Q1,10:00,1.1227128363349448,10:30,1.0606588946467794,10:30,1.062737561166178,10:30,1.0529209914709317,15:00,1.041042348348383,13:00,1.003756901239008,13:00,0.9756574378437667,10:30,1.1227128363349448,1.0868182611980803,1.0757586125770335,1.0828278426061155,1.0503889463623994,1.0643156351137584,1.0558157188683963,1.0467770433376458,1.0409722855598444,0.9945444676199648,0.9704777207595885,2.961050029032704e-05,2.4954769073511766e-05,2.3723424840235426e-05,2.316652699714591e-05,2.4450474839765934e-05,1.389863163306907e-05,1.7313379642402793e-05,1.1532892378057934e-05,1.692227039722725e-05,1.0151986024755036e-05,1.1665796752350696e-05,5.625097745632674e-06,1.2084624545113544e-05,3.93005157153432e-06,8.775817089712544e-06,3.925069212826202e-06,6.036981751764204e-06,2.721303892208725e-06,4.589479057384374e-06,1.8120206286944288e-06,3.6029725471781557e-06,5.915699990951238e-07
2025-02-21,2025Q1,10:00,1.1227334746696143,12:30,1.057834566907153,13:00,1.0698931024047873,10:30,1.052659187760544,15:00,1.0402521210489681,13:00,1.0131456503889233,13:00,0.9809403162092235,10:30,1.1227334746696143,1.0867967686667552,1.0759170251023584,1.0829178406318767,1.0505161842288526,1.0644426946809578,1.056011149032797,1.0469044143381658,1.0410707495666944,0.9946481147436272,0.970622817915115,2.914517411098399e-05,4.00042104284211e-05,2.6893556877283498e-05,3.276168144132227e-05,2.180542310071125e-05,3.275290413776021e-05,1.7457556882695982e-05,3.271266727477926e-05,1.4986920223780043e-05,3.2619129451325955e-05,1.4996810469163575e-05,2.9495312752832778e-05,2.0956386676681523e-05,1.954547810909049e-05,2.1869844700743814e-05,1.2449395012813131e-05,1.6722217995420408e-05,1.190790199406357e-05,1.584454310699073e-05,1.8265761453568725e-06,1.0550390253210509e-05,1.6853005761901019e-06
2025-02-24,2025Q1,10:00,1.1225293434148869,14:00,1.0514344585690787,13:00,1.0689476084056715,10:30,1.0496936460780457,15:00,1.0505866914212263,13:00,1.0122428459148085,14:30,0.9963248485250474,10:30,1.1225293434148869,1.086668090733203,1.0756931097981943,1.0825829227249641,1.0501244884316532,1.0640760211455236,1.0560189313460806,1.0471454897584924,1.0412036152731758,0.9951696996080531,0.9710498351886746,4.9856286467321874e-05,4.1289270272464454e-05,4.392107336825883e-05,3.972466890166248e-05,2.9846845674696454e-05,3.962514029698567e-05,2.4678926628233844e-05,2.280239639535842e-05,2.0266124089457445e-05,2.2729828291233546e-05,1.4950954036618021e-05,1.8932151357644965e-05,1.3700737955321819e-05,1.8420051853499064e-05,9.41470587332884e-06,1.6923415670358513e-05,7.509165298465322e-06,1.5164150864628672e-05,7.157979654868682e-06,1.4143104646753046e-05,4.580908193329303e-06,1.394150293008949e-05
2025-02-25,2025Q1,10:00,1.1225747291763244,10:30,1.0481134942392547,13:00,1.066367680749587,10:30,1.050557621420214,15:00,1.0416284381139822,13:00,1.0099351101764833,14:30,0.9878459464127278,10:30,1.1225747291763244,1.086679214528181,1.0754802748141623,1.0825828005292186,1.0500513225502663,1.0639599302745504,1.0558774222269016,1.046918976746825,1.0409493895445527,0.9949126513376982,0.9706210738773831,6.523464455082941e-05,0.00012431617639005682,5.974408475828923e-05,6.882493553305293e-05,4.206821122582905e-05,6.182067617524348e-05,3.969925509118161e-05,5.539412591234137e-05,3.193760876192449e-05,3.9371503992263796e-05,2.610415002660878e-05,3.87759390093229e-05,1.9611665893474258e-05,3.531434830311258e-05,2.0990452903033592e-05,3.234675012836003e-05,1.47055978149103e-05,2.9413764142846704e-05,1.469136449551824e-05,2.1841821954149458e-05,9.254973752106746e-06,9.215550477410881e-06
2025-02-26,2025Q1,10:00,1.121614706757029,10:30,1.0423682694240397,13:00,1.065313480734482,10:30,1.0457505321156317,15:00,1.0364520528121774,13:00,1.009352094493113,14:30,0.9796230756871405,10:30,1.121614706757029,1.0864573231249124,1.075073955109256,1.0822055248462519,1.049860500076305,1.063621583318894,1.0554428791961563,1.0465682240645309,1.0404612435601266,0.9946512616407376,0.970635914656385,3.8324408041853243e-05,5.0332921829287585e-05,3.206921870992914e-05,5.023024217802642e-05,2.2587356613113587e-05,4.765722842405402e-05,2.0220188595588876e-05,4.755378134219283e-05,2.19320102740006e-05,4.63351427048875e-05,1.800499697859559e-05,4.522089249073829e-05,2.6960727636069473e-05,1.9060193996323732e-05,2.357577110797246e-05,1.1472898891977206e-05,2.055686421516768e-05,6.567555221484031e-06,1.4450499627980795e-05,4.792024736485884e-06,1.0148499267215668e-05,3.428929144069634e-06
2025-02-27,2025Q1,10:00,1.1213806681420972,14:00,1.040120154474173,13:00,1.0645957203044765,10:30,1.0379848372012594,15:00,1.0446300630784864,13:00,1.0085113484290524,14:30,0.9915718224046737,10:30,1.1213806681420972,1.0861257052239315,1.074597644172911,1.08162451733551,1.0493189785900383,1.0629502760992897,1.055611046878933,1.0468833132140198,1.040882151657181,0.995010794644584,0.9709621955781366,9.39015098683247e-05,0.00012541116694741634,6.134124482125053e-05,9.809696996259816e-05,5.6893249754697344e-05,8.633890956832859e-05,4.895298701135067e-05,8.488744168011685e-05,4.112448773883993e-05,7.685790284497927e-05,3.433261442897005e-05,7.102388032410333e-05,2.9839977492757506e-05,7.02393173304732e-05,2.4254103702474205e-05,6.594255453898456e-05,1.967310220455452e-05,6.383752172518677e-05,2.1837699906695824e-05,3.870144160096e-05,1.9360691225234444e-05,3.262340010724577e-05
2025-02-28,2025Q1,10:00,1.1207783731898027,10:30,1.03289439975295,13:00,1.0590010776499128,10:30,1.0230126937512625,15:00,1.013662080239403,14:30,1.0057882087497605,14:30,0.972358850359115,10:30,1.1207783731898027,1.085460530848771,1.0740018350678535,1.080828663695423,1.0485190144233907,1.062033489145643,1.0545242350628492,1.0456658440377438,1.0394503688390182,0.9943927665011303,0.9703739454256313,9.536251526775233e-05,0.00018039067362743248,6.315803862312254e-05,0.00016229755659395516,4.9637959656929056e-05,0.00016173108247073798,6.346022954273626e-05,0.0001399778722725193,5.00165134525079e-05,0.00013574988976928202,4.716591878666823e-05,0.00013550019900341562,5.977583572410605e-05,0.00010172712513392419,4.725109595412952e-05,9.824143309380811e-05,4.557987627220197e-05,9.498801479425735e-05,2.8996853423817738e-05,8.440459702180295e-05,2.0911098480424848e-05,6.660592011366415e-05
2025-03-03,2025Q1,10:00,1.1194049036683538,10:30,1.00464717901868,13:00,1.0481662855461364,10:30,0.9867449725281968,15:00,0.9575772765983052,13:00,0.9950674822631267,13:00,0.9215634476341036,10:30,1.1194049036683538,1.0838015779223562,1.071947598359864,1.079202096787548,1.046655583263703,1.0598853319374075,1.0533620123554281,1.044161577288438,1.0378279711285385,0.9923625435121585,0.9682921900447227,8.75238018804577e-05,0.0001804786251898981,6.11650818879096e-05,0.00017538499819107328,6.046916771128672e-05,0.00016771832384074878,5.2702446328504054e-05,0.00016770279770257317,4.147040547965679e-05,0.0001668139533983559,3.5893054701224585e-05,0.00016552156042706745,3.6578361287135606e-05,0.00015672487795893487,4.585545860173858e-05,0.00011256140125274445,3.667467898033212e-05,0.00010925166255733984,2.7685385704718795e-05,0.00010791149245746553,2.704766236256871e-05,9.106831959224411e-05
2025-03-04,2025Q1,10:00,1.117935970033021,10:30,0.9727514971878221,10:00,1.024960235678073,10:00,0.9538276568690298,10:30,0.8991024540907769,13:00,0.9686490933404702,10:30,0.877340826295595,10:30,1.117935970033021,1.0819139607082078,1.0699774089710241,1.0768337710857692,1.043977509362277,1.0567981040448162,1.0502295300316151,1.0422239502221446,1.035494436062438,0.9894397283218509,0.9653939701591591,0.00015701626728830236,0.00024900313534715804,0.00011826422488829262,0.00024504764367830735,9.002065490135128e-05,0.0002442495839949519,8.075686154804146e-05,0.00024066412559551627,7.400586528314447e-05,0.00021343897626052556,6.275099674411691e-05,0.00020157532506271742,5.976112582878418e-05,0.0001957406115064956,5.1648287503550485e-05,0.00019253578673261788,4.51079234594275e-05,0.00016987898927993807,4.0582061595582705e-05,0.00016564234716929754,2.8489530325812546e-05,0.00015955715785773364
2025-03-05,2025Q1,10:00,1.1163841378263626,10:00,0.9505857831438669,10:00,1.0133350415274782,10:00,0.9325892571468121,10:30,0.87013906855253,13:00,0.9418395618437151,10:30,0.8459218105926224,10:30,1.1163841378263626,1.0797713703209462,1.0671598615731206,1.0735547913631924,1.0409965366649863,1.0534881871383928,1.0466921866465548,1.0382164550061108,1.0315358902329423,0.9849281108485725,0.959486723566697,0.00019919879293716386,9.075073963184742e-05,0.00015890397588954992,9.065875161839077e-05,0.00012632442728111552,8.750355258679232e-05,0.00011666695015204436,7.378897744574139e-05,0.0001101521733754959,7.034440881604486e-05,9.461583914616907e-05,4.6762770071800344e-05,8.079345427183507e-05,3.3978153245847726e-05,7.475479180844437e-05,2.7011094509924378e-05,5.213522085685452e-05,1.267124890535191e-05,4.380114235609543e-05,7.04933313220933e-06,2.6763796162130714e-05,6.796016158140969e-06
2025-03-06,2025Q1,10:00,1.11763442720354,10:00,0.9824192539758905,10:00,1.0237233916275639,10:00,0.9624309961659525,10:30,0.896578398887704,13:00,0.9494976029097975,10:30,0.8668989775399341,10:30,1.11763442720354,1.0806603602806593,1.067700883260142,1.0742422017586986,1.0417351101219139,1.0544860766832298,1.0477885201964685,1.0394717466538483,1.0327176781331984,0.9862762995294204,0.9604389070016189,0.00015367306249221104,0.0001338051251037187,0.00013131651996839248,8.35600727877501e-05,0.00011992112859406397,8.344226649198788e-05,0.00011271524025671344,8.340493847238564e-05,0.00010312628319253437,3.339721261977057e-05,9.57895353874263e-05,2.1952814679151118e-05,8.745076568913143e-05,2.1321602411569617e-05,7.421907266561982e-05,2.0503702382980662e-05,5.8532679253237886e-05,2.002924522317879e-05,4.731901153738378e-05,1.264981124782241e-05,4.703836557866732e-05,1.208178952390431e-05
2025-03-07,2025Q1,10:00,1.117687061835109,10:00,0.9875183470182822,10:00,1.0247748289928806,10:00,0.9687641092985154,10:30,0.9091651193009076,13:00,0.9612641210139599,10:30,0.8812973718751533,10:30,1.117687061835109,1.0812572614693823,1.0682064885808968,1.074665891177844,1.043101079424969,1.056083637862247,1.0493659594142706,1.0408927255219005,1.033861978306427,0.9875501851270693,0.962104709586533,0.00018750392325056532,0.00011894742396544951,0.00015618704200238853,0.00011096517886643815,0.0001518009445518975,0.0001044721573844696,0.00015255667547486176,7.099606244173269e-05,0.0001421918175844812,7.006612280929797e-05,0.00013015580456779614,6.710036009597098e-05,9.599024851055439e-05,5.171689768091834e-05,8.532459254323607e-05,3.4615643351954975e-05,5.7425992734297877e-05,1.3766132588014781e-05,4.7195818828456324e-05,7.868715771642355e-06,3.314777881446747e-05,1.860892845877497e-06
2025-03-10,2025Q1,10:00,1.118381682231273,10:00,1.0019383745346921,10:00,1.0302733979416652,10:00,0.9868012486957329,10:30,0.920518733572091,13:00,0.9677582181675023,10:30,0.8946987618031237,10:30,1.118381682231273,1.0817832953162392,1.0688646885393822,1.0760616962843783,1.0444805191367608,1.0573857108189222,1.0503754608562683,1.0422154446323444,1.035167353684586,0.988991188065246,0.9635787140461938,0.00016570990299786327,8.393219946639068e-05,0.00014502389355203308,7.356872982711793e-05,0.00012565717635456782,6.578292109015971e-05,0.00011135553414382437,6.144098641935709e-05,9.29847492001853e-05,5.648834656034677e-05,8.247927795605281e-05,5.644392646998757e-05,7.229956540945013e-05,5.4633963455979057e-05,6.0183206375238245e-05,5.048618247100101e-05,5.086431486239003e-05,4.418106407371348e-05,3.988233043129291e-05,4.293557719776468e-05,2.8714932200800757e-05,2.231218793654705e-05
2025-03-11,2025Q1,10:00,1.1192953793245652,10:00,1.018483656823744,10:00,1.0370906552021222,10:00,1.0072823352492428,10:30,0.935004821579814,13:00,0.969552063152923,10:30,0.9139158244375081,10:30,1.1192953793245652,1.0827330526816443,1.06976980058491,1.076888831466166,1.0451581147254638,1.0578857034440967,1.050735842126136,1.042418185544854,1.0353221683516016,0.9888970146654564,0.963917529181878,0.00019177077284639405,0.00024646575273384446,0.00016939687712203022,0.00019990219160037788,0.00014996602021822105,0.00019544590514465428,0.00013705199261245806,0.00017563906625441656,0.00011461994733018018,0.00017563901477403096,0.00010242002000479678,0.000170072971626129,8.898841188109959e-05,0.00016164348068121274,7.42131379361689e-05,0.00014698834234906996,6.420583146761889e-05,0.0001336672981681361,5.399554162537415e-05,7.52562884818175e-05,4.433607628228177e-05,4.505322816302838e-05
2025-03-12,2025Q1,10:00,1.1182291559836761,10:30,1.0017255125798519,10:00,1.030565821490707,10:00,0.993987837306848,10:30,0.9257644597035026,13:00,0.9572642934261566,10:30,0.9071383448826928,10:30,1.1182291559836761,1.082052245665898,1.0688060811588556,1.0759394983849335,1.0437881204561745,1.0561922559141448,1.048789559204363,1.0403092344581217,1.03309224155845,0.9881536769530643,0.9639600989159784,0.00016718591381818974,0.00015513102072246934,0.0001341875664216319,0.00015445087668908029,0.0001179388868056518,0.0001133534271917842,0.00010898091064514878,0.00010698267008305802,8.635798639842191e-05,9.107488332208493e-05,7.444412298377224e-05,8.698939144179555e-05,7.392359560563533e-05,8.286042766204319e-05,5.3913823934216356e-05,6.639285227055281e-05,5.2284301481724706e-05,2.817832991015158e-05,3.311155938434102e-05,1.2101887207234425e-05,2.5074359461145448e-05,8.744001103654687e-06
2025-03-13,2025Q1,10:00,1.1181496141297385,10:00,1.008056322900112,10:00,1.033717034541613,10:00,0.9969681747049576,10:30,0.9317079086018915,13:00,0.9597701272887004,10:30,0.9031691354060957,10:30,1.1181496141297385,1.0815766617365064,1.068753783589781,1.0758280744343651,1.043615473436729,1.055812031507437,1.0484777512460084,1.0399054233587501,1.0337882436959769,0.988923164836985,0.964739757242656,0.00013155798878277847,0.00010279393407696479,0.0001086188629150197,8.783064809611186e-05,9.234362512989717e-05,8.428903006381397e-05,8.57824613945574e-05,7.3748381633718e-05,8.47919959281896e-05,6.187950237429525e-05,7.68007164126943e-05,6.174754469978527e-05,7.82483193704824e-05,6.172284326050849e-05,6.474890356695957e-05,5.5394808499196525e-05,5.1996108473126025e-05,5.125332647103646e-05,4.213825841738171e-05,2.2232584733304064e-05,2.678134178743164e-05,1.9380243584172016e-05
2025-03-14,2025Q1,10:00,1.1183596306265073,10:00,1.011404808255851,10:00,1.0353940206255752,10:00,1.0035570304172752,10:30,0.9276974847651963,13:00,0.9635329706274515,10:30,0.9086548854032754,10:30,1.1183596306265073,1.0817731257662064,1.0687904984511356,1.0759450874845728,1.0440158847400176,1.0560648392000307,1.0488023802506012,1.0400954819581179,1.033758585977922,0.9896556433152895,0.9651180814634843,0.00011953609805667324,8.051445598432226e-05,9.974458804682667e-05,7.400001705859486e-05,6.770739707437579e-05,3.8716885117413174e-05,5.599971876835017e-05,3.659852281474141e-05,4.654981717630747e-05,3.329434882534155e-05,4.539820910733403e-05,2.266185745775386e-05,3.529006234580937e-05,1.2724394329217261e-05,2.9842734621471903e-05,1.1754105369127809e-05,2.732392863397551e-05,9.565568634737716e-06,1.998716502144199e-05,9.550462294202063e-06,1.207116677545937e-05,5.924709773351858e-06
2025-03-17,2025Q1,10:00,1.1187319460607819,10:00,1.0162191353617476,10:00,1.0373018982659352,10:00,1.0122711952350378,10:30,0.930484777817173,13:00,0.9661989989629163,10:30,0.9150416331062672,10:30,1.1187319460607819,1.0820568247689948,1.0692180402479974,1.0762468107678305,1.0442492788620152,1.0565321508273162,1.0493286164791344,1.0405640563439875,1.034281294404245,0.9900384524185756,0.9654153031327906,6.523434487176536e-05,4.043059229501092e-05,5.4320919967968987e-05,3.694689195195616e-05,4.879437368067847e-05,3.5750163636042143e-05,4.4234951429027966e-05,3.5595606766626215e-05,3.833816765672683e-05,3.509622662026925e-05,3.24400843933307e-05,3.509094692943493e-05,2.5137524016407103e-05,3.336071182837543e-05,1.793769998178448e-05,2.8878129187679733e-05,1.3312960726477264e-05,2.33364283910839e-05,1.2565011027258627e-05,1.5506483075125122e-05,7.814581976707616e-06,1.4720397910491933e-05
2025-03-18,2025Q1,10:00,1.1189843454001152,10:00,1.0232101877401316,10:00,1.0450164057872398,10:00,1.0177497312033823,10:30,0.9368554251054337,13:00,0.9647963678960846,10:30,0.9192228045879264,10:30,1.1189843454001152,1.0822633272311906,1.0693895873136878,1.0763542993250568,1.0442826901987006,1.0564313318026184,1.0490921500320598,1.0402421608197876,1.0339570373741966,0.9899372431816728,0.9651162479700761,8.74621306227654e-05,2.196399449468421e-05,7.620725008223557e-05,2.1190393946247198e-05,5.979510994944261e-05,2.0286408987049697e-05,5.6350179327433885e-05,1.872952958674437e-05,4.945664627141359e-05,1.8096230971622122e-05,4.36289971133671e-05,5.548048377883007e-06,4.076768451029776e-05,3.991278082963749e-06,3.612339150425729e-05,3.580044850187731e-06,2.7474749667122018e-05,3.3329517321618683e-06,1.9514948904097923e-05,3.085858614136076e-06,1.3524996142538807e-05,5.234078630659999e-07
2025-03-19,2025Q1,10:00,1.1197775963186039,10:00,1.0437907693783388,10:00,1.0512599472557314,10:00,1.032512515932138,10:30,0.948620351349149,13:00,0.9690146418515045,10:30,0.9321708548382633,10:30,1.1197775963186039,1.0830301359050052,1.0700077692941627,1.0770105961091452,1.0448869998720376,1.0572528127927459,1.0499685689736007,1.0411031520093663,1.0346768315661634,0.9905349215887891,0.9657249286501512,0.00012440114907546446,7.415314545325703e-05,0.00010932656736451949,7.330590444992792e-05,0.00010325726720842018,6.97815107207685e-05,9.347851383189773e-05,6.580492533795228e-05,8.718793240451375e-05,6.1723833504438e-05,8.155640297633488e-05,6.164094557092986e-05,8.162352935452495e-05,6.035389516641181e-05,9.691090127888222e-05,5.263637686946066e-05,9.332982483307858e-05,5.2423748423869235e-05,5.5143112159055444e-05,4.54938252481243e-05,2.432693800379794e-05,3.8341737953570765e-06
2025-03-20,2025Q1,10:00,1.1202989156922312,10:00,1.0487271920013794,10:00,1.0544861896397082,10:00,1.0432958817154008,10:30,0.9517696732220973,13:00,0.9699870753833421,10:30,0.9404352198453926,10:30,1.1202989156922312,1.0834605456801576,1.0704711202017547,1.077420053710962,1.0453352198460684,1.057608751448707,1.0504052749547366,1.0422206632703752,1.0358459097179948,0.9909003252743509,0.9666889408131949,7.309809360282411e-05,5.174398291628917e-05,5.4959829391176174e-05,2.6806346849523858e-05,4.788878495705691e-05,2.6764229931977023e-05,3.899640360732637e-05,2.6092480759717372e-05,3.666266961117314e-05,2.419485317721639e-05,3.911031025234453e-05,1.1473333152814587e-05,3.493557558638411e-05,1.1065160443296595e-05,2.89467299661795e-05,7.401732641507016e-06,2.3010424771418338e-05,6.913887206664929e-06,1.8528019067278995e-05,3.950280062349789e-06,1.3020817408007162e-05,3.66443430780705e-06
2025-03-21,2025Q1,10:00,1.120489460317082,10:00,1.0462988578652688,10:00,1.0558271174943845,10:00,1.0476013788328753,10:30,0.9519467045114748,14:30,0.9751896035429226,10:30,0.9468945545887222,10:30,1.120489460317082,1.0838330407939265,1.0707827721705587,1.0776170980286475,1.0455597002750328,1.0581945694778934,1.05096286126084,1.0427840050687733,1.0363198263473319,0.9914300066633918,0.9671319051033486,0.00010264352094453516,8.132160550139211e-05,7.306345493808226e-05,8.131338230786799e-05,5.880293166663527e-05,7.371279810718019e-05,5.549900197017856e-05,6.525549938280065e-05,4.7175356345896816e-05,6.481253923542372e-05,3.9237835559702114e-05,3.705932023902322e-05,3.5521932212815494e-05,3.257556059741071e-05,3.0466890950423595e-05,2.542670685783136e-05,2.294246156514742e-05,2.3349335402817783e-05,1.655736646378528e-05,2.1230860814302402e-05,1.0080382107253848e-05,2.0639842247823033e-05
2025-03-24,2025Q1,10:00,1.1206344431343316,10:00,1.0462832078757083,10:00,1.057525999402007,10:00,1.051503512108779,10:30,0.9457991683470602,14:30,0.9789034913798187,10:30,0.9445618295516477,10:30,1.1206344431343316,1.0836167394354128,1.070457107575562,1.0773490828897658,1.0451537398356647,1.0581950439032421,1.0509936009659533,1.0428887977822032,1.0362823272920596,0.9912673331878882,0.9666705698979424,3.4189847141908645e-05,9.25419072616443e-06,2.593570451635127e-05,8.87337527212876e-06,2.0381623533578435e-05,8.320461087891296e-06,1.9182201639357616e-05,8.270284603712329e-06,1.552649262570482e-05,8.195093441162538e-06,1.7014926114534304e-05,7.279630436465199e-06,1.544432032492943e-05,7.201379492168697e-06,1.1960195622227468e-05,7.139589252610009e-06,8.634842890736968e-06,7.1307775754059745e-06,7.390876868377638e-06,5.740268110757569e-06,4.9418456291261004e-06,1.2643394201860056e-06
2025-03-25,2025Q1,10:00,1.1209340898470828,10:00,1.0508673129216473,10:00,1.0578375079155082,10:00,1.057021671704061,10:30,0.9487438080484669,14:30,0.9767805415809014,10:30,0.9484841440044087,10:30,1.1209340898470828,1.0838510092862281,1.070642748182024,1.0775348069699606,1.0452909703902689,1.0583970637270195,1.051181791220985,1.0430084706706095,1.036319532346313,0.9913289171563746,0.9668442254533091,3.0485116726843056e-05,1.4601052229516723e-05,2.029882423502819e-05,1.111129141205589e-05,1.6492364492094964e-05,1.1021777422418025e-05,1.456906573490165e-05,1.0802088482636937e-05,1.4702378909966575e-05,7.797890698048977e-06,1.3938457284270545e-05,7.6160744096848546e-06,1.0408038195913821e-05,7.145047976175414e-06,1.0413327748082326e-05,5.463421717755761e-06,8.071623898596895e-06,5.463373471611349e-06,5.297567142934881e-06,5.306950722282274e-06,4.0289261407329275e-06,4.672806091648999e-06
2025-03-26,2025Q1,10:00,1.121111665521939,10:00,1.0400072284018322,10:00,1.0592283072213442,10:00,1.0604435820329663,10:30,0.933095707133779,14:30,0.976844789550881,10:30,0.950571042020351,10:30,1.121111665521939,1.083969498410081,1.0707186411658698,1.0775877615700054,1.0454200977861479,1.0585245599254853,1.0512510102429604,1.043133441464039,1.0363915148392022,0.9913302434043914,0.9668214033164433,3.0328460876118056e-05,4.549350836293872e-05,2.5235722670547022e-05,4.522743646202769e-05,1.9723978995482918e-05,4.51648657471785e-05,2.0475462654975853e-05,4.105467567045522e-05,3.026649973737068e-05,3.266328023149777e-05,2.443259200526135e-05,3.21761256969476e-05,2.817184925564715e-05,2.423730932559771e-05,2.2577891410891693e-05,2.3583793314695597e-05,1.7516793612990492e-05,2.0905683301525402e-05,1.2578064822445799e-05,1.6218242364741604e-05,8.662512548461951e-06,5.465327067314271e-06
2025-03-27,2025Q1,10:00,1.1208517723624305,10:00,1.0333589790007018,10:00,1.0568431973404,10:00,1.0563682557169722,10:30,0.9257772665685863,14:30,0.9765842328962525,10:30,0.9456018090202759,10:30,1.1208517723624305,1.0836282900876952,1.07025580860448,1.0771584954180766,1.045343664709122,1.058315886860188,1.0513152958221654,1.0430798506722223,1.0362676394315158,0.9912036220825797,0.9669790583091759,5.6448889751015174e-05,8.050679840264309e-05,4.2189896165353343e-05,7.596691854690603e-05,2.94233287272085e-05,7.019785061119119e-05,2.807379654182378e-05,6.682273874404791e-05,3.0354546513285908e-05,5.5651303283235974e-05,2.501737377271453e-05,5.410715212492241e-05,2.7213026493441418e-05,4.203715781852458e-05,2.197830413050025e-05,4.19963137818637e-05,1.8999041888789325e-05,4.189394917584829e-05,1.3757116885877732e-05,3.6415652315509005e-05,1.03910469696143e-05,3.599202378775309e-05
2025-03-28,2025Q1,10:00,1.120427478430058,10:00,1.0243910828941882,10:00,1.050713672127565,10:00,1.04991076212429,10:30,0.9167364047617069,13:00,0.9654890797014645,10:30,0.9373894832618848,10:30,1.120427478430058,1.0830533379443046,1.0695178834369874,1.076366384627133,1.0447962773632575,1.0576177401531623,1.0509102387231486,1.0425023175310701,1.0355397388048955,0.9903964451220577,0.965841785155848,7.911161478085453e-05,7.948032284435992e-05,6.32398205890054e-05,1.8815468573435592e-05,5.760779566282867e-05,1.6918965019069977e-05,4.8595915305144806e-05,1.6819421243201825e-05,3.801598299295165e-05,1.376978436464524e-05,3.561940490115625e-05,1.0092998845426062e-05,2.974951712262237e-05,9.711881440808281e-06,2.786512960958489e-05,5.134966007480811e-06,2.350142376809068e-05,1.5337216039757264e-06,1.7696001120937403e-05,1.0582852445701598e-06,1.1063426913961368e-05,9.044191248387645e-07
2025-03-31,2025Q1,10:00,1.120302774367715,10:00,1.020679868046557,10:00,1.0494078480424613,10:00,1.0489385077029527,10:30,0.922103262130328,13:00,0.9684294270935153,10:30,0.9477053989920123,10:30,1.120302774367715,1.0836672617136662,1.070155638093666,1.0769163407380156,1.0452610804725402,1.058157710019669,1.0513762977506822,1.0430978867475666,1.0361930402352533,0.9909979826182308,0.9663164689960756,0.00012205018640719498,8.724797074832046e-05,9.274529031838594e-05,8.697932649547617e-05,7.989892012374083e-05,7.373745085806276e-05,6.557085147591266e-05,7.02220124464375e-05,6.0165563995218886e-05,6.847328521268109e-05,5.083931748724492e-05,6.373734014310406e-05,4.814156518387927e-05,5.930995214186231e-05,4.2275016260138856e-05,5.905785839997789e-05,3.2656102609135016e-05,5.846985493328863e-05,3.8391640644126696e-05,1.2567878685337466e-05,2.9526096190699982e-05,1.1711971912451775e-05
2025-04-01,2025Q2,10:00,1.1206073669114223,10:00,1.024959757479487,10:00,1.0515480077520052,10:00,1.0557267919404203,10:30,0.9207946424473704,14:30,0.9687309847169737,14:30,0.9544160358368757,10:30,1.1206073669114223,1.0836456408960686,1.0701715719517877,1.0767352648682866,1.0450370021088835,1.057798768083923,1.051037770284483,1.0425873450939191,1.0353618091889836,0.991934734666721,0.9671642325541496,8.626278054806562e-05,0.0001347382141838739,8.308288993694333e-05,0.00012277834972007604,5.745019309552409e-05,5.8866166212166564e-05,5.007598830367167e-05,5.453903420268077e-05,4.137013978476341e-05,5.30522510932465e-05,3.991187932657692e-05,5.1246713009303634e-05,3.0735298142676484e-05,5.122170950981882e-05,2.5684825449067304e-05,4.5633985443557344e-05,2.0244806771167438e-05,4.523633708171037e-05,1.9780210373361262e-05,2.7733588577692274e-05,1.3275208726722508e-05,2.492716502133385e-05
2025-04-02,2025Q2,10:00,1.11979761845824,10:00,1.01393542669545,10:00,1.0454200817858055,10:00,1.0435121152836315,10:30,0.9116781131035213,14:30,0.9663248848359789,14:30,0.9495517301384516,10:30,1.11979761845824,1.0829321123519238,1.0700822364913787,1.0765796372967322,1.0447608691994559,1.0574900596984218,1.0504883227648685,1.0420097603197835,1.0345714860993442,0.991655843710315,0.9666604295050863,0.00010197681124586655,0.00010704219302493714,8.213831335665241e-05,9.323598737732187e-05,6.955338913716553e-05,8.821475863974439e-05,6.667199427183531e-05,8.324756656242053e-05,5.7012672045227847e-05,7.972761294035406e-05,4.8584777110783093e-05,6.73793339411955e-05,4.752839719556073e-05,6.15607746936224e-05,3.987202534520654e-05,6.091634297121185e-05,3.2786610969056855e-05,4.7430950291495964e-05,3.2334727031234416e-05,2.232166846274569e-05,2.245584272827956e-05,2.2318445339579123e-05
2025-04-03,2025Q2,10:00,1.1195741213545465,10:00,1.0136804993891895,10:00,1.0449944699066749,10:00,1.041416740528163,10:30,0.9103267853113524,14:30,0.9734491599637449,14:30,0.9581068657537187,13:00,1.1195741213545465,1.0826635695969744,1.0696826711868033,1.076167245640769,1.0442458940479948,1.0570013012593338,1.0500812336944825,1.0413880390610635,1.0340881834861133,0.9920235433117007,0.9667013799052884,0.00020772990272451003,0.00014698558793919828,0.0001642877877193623,0.00013525781434516287,0.00013254287650814987,0.0001058334024712521,0.00011761058044789988,9.654407362089329e-05,0.00011672745272986767,8.62107626334335e-05,0.00010103104885126233,6.798681050106968e-05,9.187822917609325e-05,4.827880313951824e-05,7.098583431823208e-05,4.3801369195329164e-05,5.5252101290421247e-05,4.3266375553620824e-05,4.1587331138167024e-05,3.876372512496399e-05,2.940051047860559e-05,3.440805367292114e-05
2025-04-04,2025Q2,10:00,1.1201124688824053,10:00,1.02330224970002,10:00,1.0512117018029545,10:00,1.0529563492162752,10:30,0.9157798306538235,14:30,0.9791575414872649,14:30,0.9616606805911995,13:00,1.1201124688824053,1.0829176338663977,1.0699931067921946,1.0764132229928105,1.0447681886039981,1.0576293034681197,1.051058182185743,1.0420555654961998,1.034399739472253,0.9921363276534393,0.9665222616937756,0.0004331872160696089,0.0005094816625636689,0.00034205258821237743,0.0003352964079461031,0.0004042223753382388,0.0003327997876173267,0.00038112060360657193,0.00032911426438372084,0.00027176495560130427,0.0003207803483096936,0.00024004509786100726,0.000295671192107094,0.0001885177746553597,0.000295456868509862,0.00017014545494902235,0.0002919974672620492,0.00013922285974922195,0.00025010713135714484,0.00011605797943611273,0.00012804733022489322,9.617635240806479e-05,0.000123745747753593
2025-04-07,2025Q2,10:00,1.1184086893740388,10:00,1.0137983093070673,10:00,1.0412395595046013,10:00,1.0330732414905586,10:30,0.9233840276942463,14:30,0.9762057238544499,14:30,0.9576998849354864,13:00,1.1184086893740388,1.0826194902560953,1.0707617505821827,1.0768921552894006,1.0435362826464765,1.0560747236471262,1.0481835467968434,1.0385534575099853,1.0308840198003664,0.9917427624863401,0.9654418863591654,0.0010812143391353965,0.0016357356854138176,0.0014696557452092412,0.0013919944161796022,0.0010760646458189056,0.0013685190627367753,0.0010678161141780868,0.0007816329996166484,0.000831525649192511,0.0006482738496429921,0.0006143186940713823,0.0006482720954995669,0.0005002829851576673,0.0005905858283944362,0.0004847741568252541,0.00020397290940248804,0.0003845475451666473,0.00015757321615633842,0.0002955845453977882,9.493972524952072e-05,0.00019286192496838805,8.127639068799174e-05
2025-04-08,2025Q2,10:00,1.1093210705102452,14:30,1.0189413356074892,10:30,1.0383010588792134,14:30,1.086861878163117,14:30,1.0200259627509003,14:30,1.0322315073958115,14:30,1.088018804330502,13:00,1.1093210705102452,1.0821006826502595,1.0646775100815078,1.0808682784374317,1.0465122246973242,1.054591214797765,1.0454242232257362,1.0456419354575301,1.0373889905326774,0.9989366671212113,0.9706977453239227,0.0004604804013752071,0.0007008862070240654,0.00034836364046739003,0.0006978867097740272,0.00034319614025508395,0.0005848251115621422,0.0003690400294287913,0.0005358111586498789,0.0002874290253975594,0.0005129430480356831,0.0002854366166773307,0.00048203755972299435,0.0003810544235118902,0.00030871579469160266,0.00037033003770193997,0.00022209724380567526,0.0002459656147330142,0.0001501967089870381,0.0001674519394464267,7.680891844549926e-05,0.00012892193860804577,7.505670710285115e-05
2025-04-09,2025Q2,10:00,1.105503000082039,14:30,1.0629902551743224,14:30,1.0572593439440223,14:30,1.1407241107277644,14:30,1.0606906990990577,14:30,1.0549721854910992,14:30,1.138256393788445,13:00,1.105503000082039,1.0765032200595877,1.060349499031376,1.0772076995637625,1.0417719242226462,1.0499348232597585,1.0467695085542597,1.0492078646832368,1.0400177836451143,1.0021679798618184,0.9732647856814485,0.0011221567495750785,0.0032968418096066517,0.0008875833588744823,0.003294425832235607,0.0008303027459997151,0.0031576836216625635,0.0006370044560805522,0.003055452413276076,0.0005647650747949928,0.003035147011361757,0.0004966782960902864,0.002992060890131903,0.0004718774525330957,0.0029768321388696254,0.000754720015886552,0.0010288550088940536,0.00047793724993021964,0.00059152920977691,0.0003276473038157819,0.0005503910443067105,0.0002709594288964472,0.0003563170698018819
2025-04-10,2025Q2,10:00,1.0762836767485198,14:30,0.9556394431899625,13:30,1.0023888510586767,14:30,0.9972493262889125,14:30,0.9610738993926409,14:30,0.9979521251983992,14:30,1.0029204063447723,14:00,1.0762836767485198,1.041505933274342,1.0231712866215836,1.0332986079731816,0.9950955413150196,0.9979387242540604,0.9896904330339831,1.041038826617206,1.0360831552122858,0.9943454335758023,0.9698484128672726,0.0005815132884575871,0.0007650294923827356,0.0004904023758429103,0.000762040440230903,0.0004258736443172798,0.0007492482563062913,0.0003950548177933613,0.0007266542466357214,0.00048019239935418216,0.0006294481294913047,0.0008540893287325155,0.0004600533566607315,0.0006763906935407674,0.00023671125313021795,0.0005166503045871874,0.00023617686473835592,0.0004227487915059676,0.00014180572089013933,0.00032037023704033376,8.408972040273963e-05,0.000208400457165537,6.732581200867984e-05
2025-04-11,2025Q2,10:00,1.0735065406989246,14:30,1.0508601242914053,14:00,1.0718316072755198,14:30,1.1070745890811227,14:30,1.0481438063618036,14:30,1.0559682541452686,14:30,1.1042129650778756,14:00,1.0735065406989246,1.037553838843459,1.0181952725414387,1.0274828327561993,0.9924979769685753,1.0056344382112334,0.9991858152883393,1.0478097908451636,1.0439576385344633,1.0025915508092638,0.9762760950898373,0.0007052454344100133,0.00039508194791334453,0.0007275217408735681,0.0002732107107764865,0.0005229208669243285,0.00024980258704028664,0.0004648786159603111,0.0002496284538712108,0.0003504526360753209,0.00019787607716135292,0.00029660456174516157,0.00019677471144837773,0.000254693281147008,0.00012823394819991456,0.00022235568325028044,0.00011477234429953869,0.0001761730093150506,3.3164399216790244e-05,0.00012051767596823181,2.495219330833783e-05,7.151703079670743e-05,2.222844487597377e-05
2025-04-14,2025Q2,10:00,1.0767197214939956,14:30,1.0977687038311599,14:00,1.0949213856837314,14:30,1.150182399857545,14:30,1.0913136730354964,14:30,1.0718492910477901,14:30,1.143419169328382,14:00,1.0767197214939956,1.043320056539833,1.022103186624679,1.0308752889015032,0.9952262035865229,1.0075505348551486,1.0018965518872895,1.050355429974868,1.047994907766895,1.0059149179151294,0.978511393932812,0.000251048793102732,0.00014022146231094191,0.00018304903076205316,0.00013267574589462134,0.00014286757348494652,0.00013203369065312563,0.00015694560057281866,7.834173766416313e-05,0.00015960339180856484,5.185076939906509e-05,0.0001472347860874932,5.181477388309537e-05,0.00011687591842303456,5.147572832869823e-05,8.152221542667118e-05,4.0068405906603695e-05,5.7384534606032584e-05,3.1035000024208287e-05,3.0923478491474655e-05,2.4791803770830255e-05,1.7599685188320587e-05,2.4308605288880417e-05
2025-04-15,2025Q2,10:00,1.0778616694903596,14:30,1.0984605262676668,14:00,1.0987809168527374,14:30,1.1512993932626847,14:30,1.0917755695043223,14:30,1.0721516994147056,14:30,1.1442928723349128,14:00,1.0778616694903596,1.0438985471868985,1.022218141747199,1.0321139549491163,0.9971369955334531,1.0093931129049714,1.0032936590082517,1.0513377398593857,1.0487033305678648,1.0061230136944532,0.9782340981522948,0.00011931213653627389,5.119549336046241e-05,0.00012747756312756034,3.622902793225873e-05,9.936371543760094e-05,3.1677228634471525e-05,8.510508360099668e-05,3.111936359343568e-05,6.585690083044428e-05,2.9212499271457508e-05,5.420317470933013e-05,2.9204013604945926e-05,5.739665157552758e-05,1.5193381289663247e-05,4.951751596136039e-05,1.0150887184163783e-05,3.501610201862948e-05,9.05955256657145e-06,2.4754734035687644e-05,6.382901852275761e-06,1.38950738495425e-05,1.1752849166763744e-06
2025-04-16,2025Q2,10:00,1.078593069684548,14:30,1.1036278411255347,14:00,1.104744171520575,14:30,1.159437194325407,14:30,1.096217095387145,14:30,1.0779825054258059,14:30,1.1516516946065756,14:00,1.078593069684548,1.045060253782596,1.023190467461204,1.032975005991992,0.9977864704285906,1.0098722485073854,1.0041952076665153,1.05230509291308,1.0494302396319144,1.0067602902468624,0.9788053445308742,0.00017242673411538704,0.000430254140531741,0.00013018308784215377,0.00041724410457831627,0.00011385440215562428,0.00041638765622730855,0.00010909217929649806,0.00039732074206486046,0.00010365978480102329,0.0003672963011473082,9.676415340671246e-05,0.00036712769801013377,9.077046193558584e-05,0.0003660076985051391,7.974373481021582e-05,0.0003645881784094516,8.30743415966356e-05,0.00016736762522331737,4.9180532548368475e-05,0.00015396046101371494,3.23009407790666e-05,0.00011516884205196875
2025-04-17,2025Q2,10:00,1.0752831656829602,14:00,1.0594766153548234,14:00,1.0813747853212623,14:00,1.1133417678542923,14:30,1.0537255194746584,14:30,1.0497709665437744,14:30,1.0990432761495197,14:00,1.0752831656829602,1.0411184872119768,1.018685927776001,1.0281096740423747,0.993168860941123,1.004600223549956,0.9983217316404976,1.0448049408753688,1.046805621359374,1.0031013691829627,0.9752191277303807,0.00015316624577179348,0.00012518931300350029,0.0001454704087253896,8.415563601146014e-05,0.00011983166307364474,8.404405039088005e-05,0.00010522448459438232,7.405927948459423e-05,9.309795711266272e-05,7.405068933488205e-05,9.288099742071596e-05,4.699125763891697e-05,8.27090603295588e-05,4.639593345489986e-05,6.530468052761195e-05,2.8693285710196473e-05,4.837845546173742e-05,1.6072224950972642e-05,2.8403843540702183e-05,1.5273498815048973e-05,2.3023167643406105e-05,7.826895083413842e-06
2025-04-21,2025Q2,10:00,1.0754934202968136,14:00,1.0672072996727517,14:00,1.0862902324743366,14:00,1.1234287548998563,14:30,1.0567610836537493,14:30,1.0505072006594618,14:30,1.1036476953164516,14:00,1.0754934202968136,1.0418632722867593,1.0191790447259073,1.0285786993782247,0.9935119480401537,1.005478272008884,0.9990932360797771,1.0456761120514575,1.0476998925116232,1.0035534951730516,0.9759051347719403,0.00016964964846542016,0.00012767205945538664,0.00015098677057932938,0.00011349520734832945,0.0001154362539829385,0.00010994213982586139,9.39078121758324e-05,0.00010172090933071099,0.00010164696120707003,8.494489816504789e-05,8.406602488883327e-05,8.355832405573274e-05,6.918235527376947e-05,8.297455795667406e-05,5.915232618324766e-05,7.655264666553143e-05,4.33680854003672e-05,7.274660807259347e-05,2.910421695378068e-05,6.931240255723949e-05,2.0582653869913845e-05,6.505757423841394e-05
2025-04-22,2025Q2,10:00,1.0758593935211214,14:00,1.057541390390492,14:00,1.0763584195130738,14:00,1.1109011691276514,14:30,1.0414948307973118,14:30,1.0385049352220792,14:30,1.0845451521304463,14:00,1.0758593935211214,1.0422841372455371,1.0192277577165845,1.0284060997991036,0.9938142291015175,1.0054792306448919,0.9988029412814672,1.0451617424358774,1.0467708474156936,1.002158795833783,0.9739981037916258,0.00013194255309491925,0.00022567230303891954,0.00010134731729229461,0.0002216590255890216,7.470976888543458e-05,0.0002120248758301997,6.101834699989916e-05,0.00021158793641996035,6.191587008244157e-05,0.00020656186379723206,8.00313100299014e-05,0.00018140495970812235,5.864653906804039e-05,0.0001758483810404347,7.442175317376378e-05,8.988670518944498e-05,5.0526666184175895e-05,8.775501964176674e-05,3.307736984463032e-05,4.506792427710123e-05,2.0625564569398996e-05,3.781711256615427e-05
2025-04-23,2025Q2,10:00,1.0746081417568127,14:00,1.0457227940792062,14:00,1.063630247172816,14:00,1.0958308870967701,14:30,1.0362520262252455,14:30,1.0307056128261851,14:30,1.0781641985741126,14:00,1.0746081417568127,1.0406218262337514,1.0171995155911868,1.0258936454663121,0.9913114320711016,1.0035212449645643,0.99633621062772,1.0446822186568054,1.0456047403889417,1.0017427045807992,0.9732789327933574,0.0002459091255492564,0.00011089155752052907,0.00016926208517719637,0.00011059701277584821,0.00013156879076702463,0.00010506186360000896,0.0001682659468767602,4.83848056125584e-05,0.00015237907730925092,4.47773689381233e-05,0.0001284773282371695,3.951867189755902e-05,0.00010172361601241728,2.6182912018378876e-05,7.356514646715201e-05,2.6144366812768845e-05,5.6299589456152066e-05,2.6141673004384026e-05,4.569295454428568e-05,1.5677639421185687e-05,2.7631541327474552e-05,1.554500904692027e-05
2025-04-24,2025Q2,10:00,1.0760370262959922,14:00,1.0528222813702102,14:00,1.0726878641004896,14:00,1.1047277517739644,14:30,1.0441538251788176,14:30,1.0415892727737948,14:30,1.089446227956021,14:00,1.0760370262959922,1.0413152323108625,1.0175532984375155,1.0277956570088762,0.993195167458195,1.0052188127832449,0.9979301085584941,1.0458174644925056,1.046421339017766,1.002774402935382,0.9738332693379187,0.00015208482236290027,5.5605273791447664e-05,0.000121181913136728,3.125022758683831e-05,0.00010060047670594142,3.106212192565723e-05,8.870614154893452e-05,3.10507622346819e-05,8.27791905807545e-05,3.095555493984443e-05,7.181290868106638e-05,2.1698609291932955e-05,6.588585120123525e-05,1.7845761936377702e-05,4.963699044752095e-05,1.7094644902638855e-05,3.704547500092537e-05,1.6739235983279298e-05,2.183231265480839e-05,1.6619952969025745e-05,1.2837720080917343e-05,1.5403019179504154e-05
2025-04-25,2025Q2,10:00,1.0770763968656476,14:00,1.0598734123343243,14:00,1.0729483836585674,14:00,1.110730318491459,14:30,1.0445113753219857,14:30,1.0393051370694404,14:30,1.0908425553333831,14:00,1.0770763968656476,1.042449376546279,1.0185410640129515,1.0287057761060512,0.9941023369390792,1.0061740647237754,0.9989428594679062,1.0465966484811777,1.0469716437802175,1.0029520395258928,0.9737374601902477,0.00014105979880528696,7.89890413290865e-05,0.00011500298779127631,7.870550714277343e-05,8.214726028382788e-05,6.809111162975861e-05,6.417716826543843e-05,6.807661004660425e-05,4.8126946270492695e-05,6.686825134619098e-05,3.915734254942178e-05,6.093044026250075e-05,3.202445268625158e-05,5.897952823814062e-05,2.854933940367281e-05,4.8078742456811576e-05,3.250259873186536e-05,1.5873850968911722e-05,1.9677626062319494e-05,3.97763565922599e-06,1.2227610800764059e-05,3.947990403144105e-06
2025-04-28,2025Q2,10:00,1.0777065752624333,14:00,1.063371240004777,14:00,1.0722689590515218,14:00,1.1155696882369293,14:30,1.0486387994365876,14:30,1.03911597976169,14:30,1.0969411307907708,10:30,1.0777065752624333,1.0428706260773781,1.0187240509244793,1.0286120715402047,0.993782847530103,1.0057514027101164,0.9983770625005641,1.0460631755901382,1.0474190077695893,1.0034913913287244,0.9741088584480351,8.301025916308274e-05,8.454419041112547e-05,6.476253472387342e-05,8.321897617395023e-05,5.5852371826682975e-05,8.255861497640898e-05,6.578427623587703e-05,4.416183644814155e-05,5.666864871914877e-05,4.385735369035392e-05,5.1083728523697456e-05,3.6497378170446075e-05,4.1050485477591486e-05,3.579876209741808e-05,3.320049464585846e-05,3.2115865205240386e-05,2.429887627275304e-05,1.4610803127315648e-05,1.773765336553239e-05,1.2265960814619554e-05,1.2051289717056439e-05,1.2111921191055575e-05
2025-04-29,2025Q2,10:00,1.0776154426089246,14:00,1.0657380583852853,14:00,1.0721282241860153,14:00,1.1181891160295812,14:30,1.0500396421816864,14:30,1.0356331968923214,14:30,1.0985947568933474,10:30,1.0776154426089246,1.042589413411787,1.0183204400975352,1.0289377448304688,0.9940105148037269,1.006025549050799,0.9984886919598367,1.0460535102445263,1.0476722634801838,1.0036779535931772,0.9741200591045521,8.925190672618616e-05,7.454033599343383e-05,7.408549682416463e-05,7.264485508372261e-05,5.304899178542989e-05,4.1383020225753364e-05,5.071396264223297e-05,3.97287541336063e-05,4.4708561164216975e-05,3.8971258557632095e-05,3.575364018748715e-05,3.4943692063687466e-05,3.641699449412993e-05,2.412939291619598e-05,2.605952886780962e-05,1.6087465588810785e-05,2.2968340230680913e-05,1.4380643092595318e-06,1.6075849252883188e-05,1.4119221283559806e-06,1.0231806912150484e-05,4.592741251122823e-07
2025-04-30,2025Q2,10:00,1.077715741220325,14:00,1.0708104188546446,14:00,1.0752237612632913,14:00,1.1252575357960513,14:30,1.0543796364814053,14:30,1.0384237781911696,14:30,1.1044741074321571,14:00,1.077715741220325,1.0425683234690448,1.0184761777414675,1.02909498045179,0.9941143378178681,1.0060369713526522,0.998747651948546,1.0462794559841817,1.0482764809441787,1.0041816744998677,0.9745532884244451,0.00015293176493467954,0.00019305703795552818,0.00011494479193532801,0.00012405761754757277,0.00010355380502809466,0.00012292359855577457,8.897411318410862e-05,0.00010835869465723928,7.362787434846963e-05,0.00010794117761694263,6.12330500755459e-05,0.00010266953150804338,4.9952851821279954e-05,9.655860152624878e-05,4.288922262511533e-05,9.579149739174115e-05,3.434296202295515e-05,9.498401717211986e-05,3.133072708972244e-05,9.49790254604664e-05,2.1370585332875865e-05,9.277583186673854e-05
2025-05-01,2025Q2,10:00,1.0770976231064635,14:00,1.053690834353375,14:00,1.0613813983106146,14:00,1.1017355010997474,14:30,1.0334698390850026,14:30,1.023187890923772,14:30,1.0750386314831637,10:30,1.0770976231064635,1.0423849985704214,1.0181677378124647,1.0287353121781069,0.9935298186212331,1.0052370929753172,0.9977728654720593,1.0448793749717649,1.046445038190432,1.0019880272662403,0.9715086835684986,0.00012694816486494276,0.00011691138924527397,6.847476687711863e-05,8.395375038682546e-05,5.334333417228697e-05,7.849541103911292e-05,4.7557990897024236e-05,7.840599127707245e-05,5.550967757579288e-05,5.0932263273865815e-05,4.9042123916867635e-05,5.093210896517218e-05,4.3188651995296085e-05,4.966243833159747e-05,2.8308830779846722e-05,4.179545184256005e-05,2.278808197555976e-05,4.056186860896865e-05,1.648291848966551e-05,3.599647260570155e-05,1.1171001270900247e-05,3.592278173200365e-05
2025-05-02,2025Q2,10:00,1.0771090802934529,14:00,1.0470095867387004,14:00,1.0588308783882154,14:00,1.0946495445600424,14:30,1.0258853691914587,14:30,1.0190599243687795,14:30,1.0662011043010233,10:30,1.0771090802934529,1.042142789641546,1.0177893531170736,1.0282077191757761,0.993614909081333,1.0051961134923744,0.9976395684171494,1.0445046218535574,1.0458937141118678,1.0013180356030331,0.9704640077865254,8.157287647794576e-05,4.454305404847799e-05,5.058462268115111e-05,2.2660397219577577e-05,4.2965155132629845e-05,2.1927779722810137e-05,4.15105369149031e-05,1.7734591943162567e-05,3.117549922051733e-05,9.697029937624686e-06,3.258260389754566e-05,6.6706521208266045e-06,2.5006099031897558e-05,6.458695245521221e-06,1.9583480465030184e-05,4.9142837249117034e-06,1.2705046250615355e-05,4.315822998501367e-06,9.416753648995093e-06,3.696347647068349e-06,1.1011563979596899e-05,2.5513437434451205e-06
2025-05-05,2025Q2,10:00,1.0774850766817528,14:00,1.045954506479581,14:00,1.0622438014821332,14:00,1.0972566304789453,14:30,1.0250244874895489,14:30,1.0205312813267726,14:30,1.0683599771332895,10:30,1.0774850766817528,1.0424858156771357,1.018083210244821,1.0285786026690438,0.993988373494489,1.005687741045718,0.9980283694852846,1.0448570879621717,1.046123417361272,1.0015135348797404,0.9708397578974625,5.7236928574356735e-05,2.1215451006682473e-05,4.106290693671101e-05,1.963220621835695e-05,3.2229936038709914e-05,1.425206941167327e-05,2.7634932603604585e-05,1.4172328705813253e-05,2.3259766476961458e-05,1.4068022839922612e-05,1.8544561642848966e-05,1.2583196395191903e-05,1.564787531867571e-05,1.2576625146319706e-05,1.2481657303259722e-05,1.1854253485044163e-05,7.665410710237406e-06,1.0903541050676188e-05,5.5746087462390676e-06,1.0291828590691387e-05,5.197436968775149e-06,9.78795076203218e-06
2025-05-06,2025Q2,10:00,1.0778697388832321,14:00,1.044749595694596,14:00,1.0612258272567354,14:00,1.0958419647469755,14:30,1.0235599110420832,14:30,1.01939150426747,14:30,1.0661642232306228,10:30,1.0778697388832321,1.0427477217011152,1.0183353563301676,1.0287866199785223,0.9941491658277164,1.005799611089113,0.9980932001687333,1.0448594204742028,1.0460185400618793,1.0013517069998927,0.9706503221761705,6.14938642940055e-05,7.34992411260193e-05,4.6470863768159355e-05,4.271881844356271e-05,3.996906953945798e-05,4.260469211275209e-05,3.206935677278085e-05,4.011610061130414e-05,2.8825381627643375e-05,3.487699702286075e-05,3.0352303274048036e-05,3.473208240692968e-05,2.7282825757927674e-05,2.873786763959084e-05,1.961089112416897e-05,2.8156162250502485e-05,1.5290958233463512e-05,2.3825368823647272e-05,1.2661303481647603e-05,1.13760395513938e-05,7.928406748661068e-06,1.0320078509519228e-05
2025-05-07,2025Q2,10:00,1.0776715291678378,14:00,1.0431772384337854,14:00,1.0609495967685036,14:00,1.0922707111711785,14:30,1.0252892122488129,14:30,1.021434329024713,14:30,1.06634419182971,10:30,1.0776715291678378,1.042772198272595,1.0182867670252593,1.0286401257905868,0.9940478676244738,1.0057126534861303,0.9980638969232252,1.0446204156114487,1.0457487272778239,1.0013951111850783,0.9705584519366767,0.00011079680395562229,0.00014576665439477602,8.856924235594011e-05,0.00014522667964943995,9.942917220697146e-05,0.00012705880833419704,9.913080874352761e-05,0.00012673339872738102,8.88215008199296e-05,0.00012488983263468471,9.401355633784368e-05,0.00012334317471545683,8.462000836430831e-05,0.00010970808296676741,7.657326266670473e-05,0.00010970669211930655,9.437897186336948e-05,9.6490423121718e-05,7.841763770956145e-05,9.14580079283619e-05,3.476017391323062e-05,6.59665659389713e-05
2025-05-08,2025Q2,10:00,1.0771548230882657,14:00,1.0413982617534265,14:00,1.0635151323891208,14:00,1.0887089682493878,14:30,1.020981709665753,14:30,1.023355738574373,14:30,1.0586252899720014,10:30,1.0771548230882657,1.0419746622634005,1.0178615799924806,1.028143890935508,0.9934372482212688,1.0051438946132927,0.9975445104276623,1.0436962241129852,1.045566397196609,1.0009464383925226,0.9692750552407248,0.00010461625079557324,0.00014253729828310913,8.849758811258888e-05,0.00014237363570796118,8.23316242637996e-05,0.000130955268768781,5.393182706588858e-05,9.010683459534053e-05,4.691486374158728e-05,7.515697234004483e-05,3.523117576165975e-05,7.46796710185749e-05,2.934019172565714e-05,6.915056295476452e-05,2.0887247432790082e-05,6.657484170235857e-05,2.1169863329845466e-05,5.990962978565993e-05,1.3708389091973603e-05,5.9652161627337976e-05,8.9060055111522e-06,5.929625164060227e-05
2025-05-09,2025Q2,10:00,1.07660966507396,14:00,1.0328865934978928,14:00,1.082072060466645,14:00,1.074582537439014,14:30,1.0106992378286141,14:30,1.0468210454957771,14:30,1.0394664126495508,10:30,1.07660966507396,1.0412167673289356,1.0171395025932388,1.0275297095380724,0.9929582098799723,1.0043906484214926,0.9967180363704745,1.0425171092013281,1.0444096706230246,0.9993822492306195,0.9671505911323773,4.828295580275212e-05,4.623718611576728e-05,5.2125668424999114e-05,2.3434601902262674e-05,5.0912623323107833e-05,2.32503045860064e-05,4.2259912738244926e-05,2.3235454309461934e-05,3.4590043084147814e-05,1.991208645430202e-05,3.132372353812064e-05,1.1185324993484183e-05,2.7636573755951188e-05,1.0371193938206663e-05,2.1248548719794653e-05,9.296576337874347e-06,1.3765683358754184e-05,4.630605072523577e-06,1.0140118585605577e-05,2.0258985923644083e-06,6.7629844441845085e-06,1.0991532193142558e-06
2025-05-12,2025Q2,10:00,1.076592996954459,14:00,1.0321603213358124,14:00,1.0822445169302213,14:00,1.0774279539806957,14:30,1.0107924952247227,14:30,1.047320441449652,14:30,1.0425920667198665,10:30,1.076592996954459,1.0415677411327902,1.0175256693445571,1.0278212919612861,0.9932139332088933,1.004770462050937,0.9970786373417577,1.0427974497374977,1.0446587102162253,0.9996581882473555,0.9673999042243483,6.83443294679506e-05,2.4695829641966407e-05,5.463695853394586e-05,2.342867287663069e-05,4.211272767793377e-05,2.1154190730214697e-05,3.578347099002695e-05,2.102081098899281e-05,3.1038513554196344e-05,1.9841428921494353e-05,2.2577395348888593e-05,1.6023415628706157e-05,2.0201650417637235e-05,6.830323586432132e-06,1.8211960503140252e-05,6.638913385397421e-06,1.3904639759086203e-05,6.521241622518879e-06,1.0407256460876426e-05,6.034368555903326e-06,7.906060614092498e-06,5.475609139399e-06
2025-05-13,2025Q2,10:00,1.0770579779572649,14:00,1.0322434122956328,14:00,1.082116917254923,14:00,1.0796744995968897,14:30,1.0106444072292793,14:30,1.0467833083100453,14:30,1.0442003555760553,10:30,1.0770579779572649,1.0419503660152676,1.0178171890465173,1.028046077160456,0.99340942260716,1.004892891136356,0.9973577346780089,1.0430712501716555,1.0448564729529506,0.9998069130506206,0.9675139916728366,3.391648916737284e-05,1.6676746627532573e-05,3.3461599074826933e-05,9.686481795185343e-06,2.6798720021528145e-05,9.571035193950985e-06,2.3272644657185655e-05,8.288743449165285e-06,1.9940295705618316e-05,8.27694614772967e-06,1.588552424432965e-05,8.274684271149602e-06,1.285555494682052e-05,8.072498697885113e-06,1.0796891164340847e-05,7.716239544746825e-06,9.409907307069388e-06,7.225671801626853e-06,7.013772049589062e-06,7.213132599899458e-06,5.937935124864508e-06,5.968889050933984e-06
2025-05-14,2025Q2,10:00,1.0772356067191078,14:00,1.0316552325258368,14:00,1.0834327202423846,14:00,1.0802044029809195,14:30,1.010100083048584,14:30,1.0477991966996987,14:30,1.0439843608685189,10:30,1.0772356067191078,1.0422460680223289,1.018058682759332,1.028279925889338,0.9936115451498682,1.0050359526003632,0.9974578495055388,1.0431378948105368,1.0449083312563587,0.9998001848596535,0.9675211155408726,4.315576491458814e-05,1.2254145881160118e-05,3.348673136628948e-05,1.2209132873654807e-05,2.5544579947784083e-05,1.2191150416318868e-05,2.2945080356936916e-05,1.187765805237608e-05,1.9998798121790067e-05,1.182445976291893e-05,1.5671563734457816e-05,1.179337303613976e-05,1.4150977697835027e-05,1.1149030063827387e-05,1.512011021344322e-05,7.323958348242395e-06,9.068596517635358e-06,4.487439928235754e-06,8.76980963051861e-06,3.739682023514014e-06,5.4766761686062845e-06,2.0559110332730417e-06
2025-05-15,2025Q2,10:00,1.0775690623092458,14:00,1.0311590885439257,14:00,1.082618916147954,14:00,1.0816083043884253,14:30,1.0103182494791445,14:30,1.0473978207756933,14:30,1.045925651568909,10:30,1.0775690623092458,1.042508741746721,1.0182445904013495,1.028450016505388,0.9937538186329936,1.0051081026541149,0.9975209806764487,1.043319253048793,1.0450304159914034,0.9999711439102875,0.9676735691278769,3.342350969028815e-05,2.80957560697174e-05,2.77109612773014e-05,2.7782108567642207e-05,2.1215838974925874e-05,2.601159605017213e-05,2.2243586772545497e-05,1.692890085525626e-05,2.075473787240434e-05,1.5369650235187347e-05,1.7197482178679052e-05,1.532697186971445e-05,1.4992204107067434e-05,1.2712017132796019e-05,1.2155612984055289e-05,1.191039124466814e-05,1.057063516180756e-05,9.957477302809438e-06,8.044526284616953e-06,9.408538728084641e-06,6.0056936026700795e-06,9.25312466706127e-06
2025-05-16,2025Q2,10:00,1.07760409869799,14:00,1.024145613627152,14:00,1.0817790792582294,14:00,1.0815414595992021,14:30,1.0042779132640092,14:30,1.0463143860956012,14:30,1.0451864378186786,10:30,1.07760409869799,1.0424929056508443,1.0181700138974625,1.0285265981208993,0.9938483178465616,1.0051419539260469,0.9975691284446749,1.0433126911368351,1.0450350077317812,0.9999248161148538,0.9675447393694155,3.399265734747449e-05,9.728360503488907e-06,2.527892293826849e-05,8.569455213232962e-06,2.3484670929410042e-05,8.061449311989513e-06,1.852384026764304e-05,7.499188259530261e-06,1.7156324636898506e-05,7.457471373120956e-06,1.3310878854815469e-05,4.322092952670303e-06,1.1295057604364673e-05,4.21636374442931e-06,9.54799505557687e-06,2.2835427208763625e-06,7.51205748347561e-06,2.011590329122886e-06,5.4147174819983336e-06,1.4907381504443074e-06,5.282264492076901e-06,1.169818218335135e-06
2025-05-19,2025Q2,10:00,1.0778656903408488,14:00,1.0248117494148208,14:00,1.0823440174270722,14:00,1.083348453005852,14:30,1.005062402895354,14:30,1.04664921196998,14:30,1.0467560991248277,10:30,1.0778656903408488,1.0426996079559263,1.0183861591330798,1.0286978777540936,0.9940163046869499,1.0053112997606777,0.9977167629915533,1.0434863605169957,1.045185760744064,1.0000581151099448,0.9677260870819395,4.036381903697664e-05,2.1423582359628912e-05,3.2561685189812375e-05,1.8603038522455253e-05,2.7154217453051596e-05,1.8421302622372442e-05,2.196951132315845e-05,1.7996180162146132e-05,1.7427317579949498e-05,1.640226048366902e-05,1.3377691876675832e-05,1.4097965215974716e-05,1.1482183380730647e-05,1.3083254746501874e-05,1.0760243084990542e-05,1.2396683018481012e-05,7.744441020144206e-06,1.0697294033381925e-05,6.5204353128084816e-06,9.650957732467017e-06,4.14590617187441e-06,8.516997376718274e-06
2025-05-20,2025Q2,10:00,1.0780578333061654,14:00,1.0232898056135806,14:00,1.0807236516356233,14:00,1.08203706706469,14:30,1.003553564236471,14:30,1.045177089903429,14:30,1.0452691889874375,10:30,1.0780578333061654,1.0428660440318418,1.0185048949911506,1.0287526311731483,0.9940356618204351,1.0052962862233972,0.9976840500631238,1.0434336487114797,1.0450900347091157,0.9999517889754979,0.9675471741006251,3.370762854187181e-05,2.3015054852578465e-05,2.56542964597009e-05,2.3011583636318016e-05,2.2841594530907683e-05,2.2996086903361326e-05,1.9406491722710466e-05,2.239991215729078e-05,1.7336083353504367e-05,2.2241034506978305e-05,1.5580746055617187e-05,2.1478252455374358e-05,1.2624662850355238e-05,2.0248766647657094e-05,9.680951601967512e-06,2.0224837541027405e-05,7.448105183134938e-06,1.9696872573098732e-05,1.2875871109445173e-05,6.278569712337109e-06,7.973689070126755e-06,6.266883633871309e-06
2025-05-21,2025Q2,10:00,1.0781567721694114,14:00,1.0196910142272033,14:00,1.0774743952484815,14:00,1.077287628549083,14:30,1.0051243952035518,14:30,1.045785603157589,14:30,1.0478742042351663,10:30,1.0781567721694114,1.0428869784796437,1.0184966931230837,1.0286950377027533,0.9939534481885026,1.0051828315283882,0.9975263563537748,1.0431570276614608,1.0447242681715336,1.0001757843604226,0.9676305835797939,3.592358654698048e-05,0.0001695041090524986,3.081146448553746e-05,0.00016937909696596075,2.3952308438478406e-05,0.00016662255756405044,2.173110556402503e-05,0.0001630365134803187,1.8819453814490615e-05,0.00016303302854248273,1.568065831905392e-05,0.0001630284815851322,1.6612181332551262e-05,0.00016289576896103344,5.389682022617861e-05,2.4284810871211115e-05,2.916880507373187e-05,1.8301467696196255e-05,2.098010692987508e-05,1.6363966859704172e-05,1.5765583097909067e-05,1.1746706215299526e-05
2025-05-22,2025Q2,10:00,1.0765268721164376,14:00,1.0227539890157173,14:00,1.0799723781089063,14:00,1.0805409799567076,14:30,1.006346774146063,14:30,1.0464894823626678,14:30,1.0494383555948466,10:30,1.0765268721164376,1.0410477034570582,1.0164405490493085,1.0263895762409256,0.9914929361349462,1.002394466459503,0.9945006068810787,1.0438483707776474,1.0450039117147292,1.0003323223922804,0.9678225753098486,5.7560396701631185e-05,6.367008082175728e-05,5.2488433642347504e-05,5.7632586128396354e-05,4.8836008299553134e-05,5.763029176856536e-05,4.5790862202295095e-05,5.744995996400729e-05,3.413672515891826e-05,5.033035649707098e-05,2.9611887618208414e-05,5.0282579172461134e-05,2.994032340614856e-05,4.598259964524001e-05,2.0156261067463737e-05,3.926066375353354e-05,1.5366193186848275e-05,3.7726867603983866e-05,1.1349907427308483e-05,3.762747608298205e-05,6.880391128527959e-06,3.7409491874897875e-05
2025-05-23,2025Q2,10:00,1.0764050484591094,14:00,1.017458989084958,14:00,1.0747658990422342,14:00,1.0718172482440675,14:30,0.9990071079211069,14:30,1.0401587567902095,14:30,1.0377360176203587,10:30,1.0764050484591094,1.0409530558894151,1.0163032325453851,1.026181694666208,0.9912223349236668,1.00200363527795,0.9941734267522625,1.0433447923982135,1.0443351010040123,0.9994413807622239,0.9665448059355677,8.741751711555843e-05,2.777649278830222e-05,6.887056677071533e-05,2.5285369644888062e-05,6.513336565928252e-05,2.43421421574273e-05,5.176495249780736e-05,1.9386064289014037e-05,4.421884878667633e-05,1.901499893940685e-05,3.5713385713529105e-05,1.7833589320383027e-05,3.135002314570928e-05,1.7569665832443472e-05,2.4727155807531206e-05,4.1669722537332384e-06,1.8064571879346577e-05,3.938921960336903e-06,1.605020665533277e-05,3.873398217751705e-06,1.1114034757153968e-05,3.872900023837081e-06
2025-05-27,2025Q2,10:00,1.0770429001859163,14:00,1.0196216195160894,14:00,1.0776688890068948,14:00,1.0766177786662903,14:30,1.0014555794506808,14:30,1.0430975615746396,14:30,1.0427575820826194,10:30,1.0770429001859163,1.0414891448485084,1.0168724225544095,1.0266844154640387,0.9916576608998083,1.0023389557976905,0.9944609930818533,1.0438375281788748,1.0447228872856322,0.9998540585495123,0.9668659092432466,3.230308328842121e-05,1.482427938549021e-05,2.1206976935780736e-05,7.314488545430899e-06,1.7990278356222067e-05,7.2701667158571465e-06,1.6307475523090903e-05,5.373491779334477e-06,1.3517644786815726e-05,5.3008509052662915e-06,1.2933598115405517e-05,4.850885768817955e-06,1.3138628423052288e-05,3.910316438258826e-06,1.0598275397725577e-05,3.776878692082703e-06,7.714420397117643e-06,1.8470931694821853e-06,6.251770086968423e-06,1.5902890111174342e-06,4.529102335793234e-06,1.3615268482803116e-06
2025-05-28,2025Q2,10:00,1.0772240354978133,14:00,1.0213951743302296,14:00,1.0792442629449275,14:00,1.0786240981609923,14:30,1.002377822219081,14:30,1.0435815091504483,14:30,1.044694602724354,10:30,1.0772240354978133,1.0416603388445773,1.0170217340305163,1.026854605952394,0.9917993952397575,1.0024906167649235,0.9946525811326313,1.0439984376326212,1.0448836726808293,1.0000120096297715,0.9670058611107665,3.1493761832868876e-05,1.7200090881944316e-05,2.4961939409133514e-05,1.6185439731780484e-05,2.107926760319981e-05,1.387150199385838e-05,1.9499564266127185e-05,1.3863748122302161e-05,1.803159310980263e-05,1.3460307689384766e-05,1.4261888005925448e-05,1.145195358267598e-05,1.237835513597857e-05,1.143712689982325e-05,9.43892208054164e-06,1.1160489932696714e-05,7.965239175258001e-06,1.0338435897729282e-05,4.494391255638126e-06,9.999719629845348e-06,5.881249729662404e-06,9.743879012071652e-06
2025-05-29,2025Q2,10:00,1.0773677637974832,14:00,1.020336982221797,14:00,1.0781188719393653,14:00,1.0774994775497566,14:30,1.000270101955271,14:30,1.0418424998534164,14:30,1.0421481470168272,10:30,1.0773677637974832,1.041762389403466,1.0171199410614618,1.0269376044889558,0.9918797001297396,1.0025428682505682,0.9946733379489989,1.0439449605648037,1.0448048351411199,0.9998255337635926,0.9668516666819655,6.096870226202726e-05,6.53696941723509e-05,5.0549298682599046e-05,6.118301946941775e-05,3.820714872049305e-05,5.9196014669415267e-05,3.4531130708190594e-05,5.910146814710904e-05,4.939724772953512e-05,2.130203039326374e-05,3.0649083884702154e-05,1.0618630409811395e-05,2.5998869318192817e-05,8.719069898014195e-06,1.9358551872339135e-05,8.042369274918314e-06,1.5782469562864597e-05,6.2274957890623196e-06,1.2430632137219322e-05,5.385142889427462e-06,9.666438103695659e-06,3.7924905671773427e-06
2025-05-30,2025Q2,10:00,1.0772629873580908,14:00,1.0245503465943013,14:00,1.0794757985589372,14:00,1.0807301102016744,14:30,1.0055316518124762,14:30,1.0428894053597666,14:30,1.0450661623220634,13:00,1.0772629873580908,1.0415963982312175,1.0168102610709848,1.0265254426475547,0.992364408822391,1.0029185772834985,0.995032054292481,1.0442098702677327,1.045062540129518,1.0000641608777463,0.9671128713144614,6.0280411810596805e-05,8.958552201870318e-05,4.321558110652638e-05,7.061981478947518e-05,3.8982204403698815e-05,6.812676831540444e-05,3.5167351155743695e-05,6.749495270699716e-05,3.601204432847637e-05,6.375097104379807e-05,5.383939489385025e-05,3.70729640699446e-05,4.195518329767864e-05,3.581105737964195e-05,3.063732216174887e-05,2.8953999014305416e-05,2.865423551012005e-05,2.8953973264109657e-05,2.6479721585893483e-05,1.203921299749606e-05,2.146821917304711e-05,1.1504821511816304e-05
2025-06-02,2025Q2,10:00,1.0768620836442613,14:00,1.0236601326505534,14:00,1.081730806651337,14:00,1.0797904201255237,14:30,1.0094082438126837,14:30,1.0445574684797794,14:30,1.0510404055712046,13:00,1.0768620836442613,1.0412148649742567,1.016384343886263,1.0259885201917827,0.991897632294521,1.0032312379598107,0.9951628464393496,1.0442196082894117,1.0450180002825982,1.0005529628517296,0.9675628904436219,4.918507308827825e-05,2.7413415473793393e-05,3.146199240902158e-05,1.7267293536471398e-05,2.5974088707882737e-05,1.556375828682718e-05,2.5233382279555976e-05,1.393039406112994e-05,2.089687061082441e-05,9.55917961640203e-06,1.8318687399800892e-05,9.060711492372986e-06,1.498603266889581e-05,7.962701857308304e-06,1.1194669930677066e-05,7.920103521513045e-06,7.3008199766922945e-06,7.8953542188837e-06,7.59316606082786e-06,1.2453182343128068e-06,4.964940260028281e-06,8.407500536528434e-07
2025-06-03,2025Q2,10:00,1.0770796361779695,14:00,1.0233244101184327,14:00,1.0797286545988665,14:00,1.079350525516108,14:30,1.0112689064195186,14:30,1.0434584612735627,14:30,1.0537769079195336,10:30,1.0770796361779695,1.0413843708601669,1.016527110876029,1.0261606630375184,0.9920931195669462,1.0034044232521886,0.9953089200262873,1.0442902106719993,1.0449916352316746,1.000767812565006,0.9677435336957831,3.168444215683329e-05,1.1920378421375706e-05,2.010668816943339e-05,5.731885635056766e-06,1.642186188726372e-05,4.911636091603637e-06,1.5221093032059709e-05,4.012090704380517e-06,1.3097238289574293e-05,2.5584523905792672e-06,1.1198119686686997e-05,2.0587128827902523e-06,9.021281449994543e-06,1.5571360613407136e-06,7.126362041260902e-06,1.3545810036410076e-06,5.690757793829606e-06,2.708416502733724e-07,5.340607965272858e-06,2.708304126990185e-07,3.547945814112305e-06,1.8498597446023715e-07
2025-06-04,2025Q2,10:00,1.0772880965148384,14:00,1.023797059668463,14:00,1.0802297772616478,14:00,1.0813111284151617,14:30,1.0119126385135693,14:30,1.0438710903021755,14:30,1.0560048695420168,13:00,1.0772880965148384,1.0415620929631428,1.0166877731829098,1.0263353608098005,0.9922739375088504,1.0035757947531754,0.9954634612191278,1.044428105782893,1.0451417183125633,1.0009394146242419,0.9678901251962558,2.5635338003236556e-05,9.726756878782196e-06,2.0640423727316783e-05,9.699958906122916e-06,1.7430069070788024e-05,9.651349093992122e-06,1.692292886800518e-05,8.924716840254297e-06,1.6139980505839633e-05,8.85665196698863e-06,1.5260922489503395e-05,6.521320517247433e-06,1.0795519020062037e-05,4.705523542104666e-06,8.094292713039155e-06,3.816156332564128e-06,6.035978371678854e-06,3.609570123733358e-06,4.520988377495567e-06,3.6095009032939123e-06,3.3560003784183246e-06,2.711543041083866e-06
2025-06-05,2025Q2,10:00,1.07745573856683,14:00,1.0241434545286114,14:00,1.0808493610788916,14:00,1.0820932929786022,14:30,1.0119728722162005,14:30,1.0442764907327358,14:30,1.0563118457946903,13:00,1.07745573856683,1.0416945402223137,1.0167948428701978,1.0264574802194184,0.9923998136153191,1.00373933774921,0.9955898573275397,1.044527287105825,1.0452045309708995,1.0009701494264547,0.9679219521398982,5.3975123890782084e-05,8.25189459548107e-05,3.995623487415422e-05,7.213622179123155e-05,2.5404633163988066e-05,6.81723739897168e-05,2.0458545465011775e-05,6.327908448335349e-05,1.5339259617666242e-05,6.322917076563082e-05,1.2614990785987472e-05,6.122738002921658e-05,2.16315379138534e-05,3.3420405414356723e-05,1.1037889336585873e-05,2.5500778608394646e-05,9.576411768322984e-06,2.4507949394184858e-05,9.235192111102881e-06,2.359188334943121e-05,6.891839134006741e-06,2.3576061641352913e-05
2025-06-06,2025Q2,10:00,1.0770696879190766,14:00,1.0197668352268061,14:00,1.0777767124852011,14:00,1.0758677413501654,14:30,1.0072027910209733,14:30,1.0415832989596943,14:30,1.0492700458280382,13:00,1.0770696879190766,1.0412526544695597,1.0161782209229269,1.0257582473000355,0.9915889526437548,1.002823982760054,0.9953492520434749,1.0441509744274697,1.0447597294587083,1.000483856581891,0.9672296740760922,3.1366331369549616e-05,1.245558323071717e-05,2.745098563400766e-05,9.329406358964314e-06,2.0831237856711633e-05,9.257457427595176e-06,2.3694039288010413e-05,7.305760349941861e-06,1.9341753750756506e-05,7.1374070879301206e-06,1.738977902749417e-05,7.116819705030112e-06,1.770250501438496e-05,4.268852874204846e-06,1.201445704112559e-05,3.196991919981105e-06,7.902601166421827e-06,1.7985712850717646e-06,6.1707303290746315e-06,6.792564328570121e-07,4.613462437764934e-06,6.10940727031572e-07
2025-06-09,2025Q2,10:00,1.0772680244700483,14:00,1.0213504138759009,14:00,1.0786317580087368,14:00,1.0780831889650964,14:30,1.0089019730701105,14:30,1.0421442383287285,14:30,1.051727794784619,13:00,1.0772680244700483,1.041475365532958,1.0163386160443286,1.0260128018505656,0.9917986895715216,1.0030161100961512,0.9956272836419221,1.0443602754962098,1.0449267643011622,1.0006695534869896,0.9674045016097882,2.5207600510469958e-05,7.97585736293969e-06,1.7751021401895833e-05,6.3731804938267445e-06,1.7367702365152863e-05,6.165051569601262e-06,1.670039080324968e-05,5.933228946717539e-06,1.3231401781076729e-05,4.779224978918817e-06,1.2180150305704274e-05,4.7714332621884745e-06,1.1562366760745123e-05,2.6624772577695878e-06,9.390098191049502e-06,2.6143192489946374e-06,6.456918633431632e-06,2.5488296880680517e-06,4.781381291607071e-06,2.5333034629430433e-06,3.513023322562957e-06,2.5286602617916643e-06
2025-06-10,2025Q2,10:00,1.0774515908557825,14:00,1.0219576525469833,14:00,1.0940818625148765,14:00,1.0794740741360178,14:30,1.0093164155527299,14:30,1.0618904569286691,14:30,1.0526859939513622,10:30,1.0774515908557825,1.041614901155632,1.016494475490804,1.0261795471826622,0.9919438912789323,1.0031546592333973,0.9958114401874313,1.044520921675449,1.0450319543397086,1.000745514032163,0.967450861113528,2.3346305894787588e-05,1.0376268551078424e-05,1.7696284034755576e-05,9.388834184279555e-06,1.6419165703882293e-05,9.357830493484305e-06,1.526745422168263e-05,9.347894056208994e-06,1.4861907850683278e-05,9.320845249355799e-06,1.217565269367046e-05,8.268669712770076e-06,8.478827235261819e-06,8.048324961636323e-06,7.020956766547159e-06,7.840276035239047e-06,6.0507846551213295e-06,6.8877883938659845e-06,5.447035799043415e-06,6.541994457024216e-06,4.484068410916836e-06,4.5204792783006415e-07
2025-06-11,2025Q2,10:00,1.07758598867603,14:00,1.021454240015189,14:00,1.0928098295315352,14:00,1.0789505520616045,14:30,1.0085419355176204,14:30,1.0607073102199605,14:30,1.0520105609336057,10:30,1.07758598867603,1.0417142879537409,1.016591429608807,1.0262686953423106,0.9920399116731654,1.0032273652252142,0.995821031543792,1.0444927437443885,1.0450001510503222,1.0007083317259098,0.9676267172890028,2.595552071360321e-05,2.8134676677384958e-05,1.7639387936965915e-05,2.4672481721491693e-05,1.5317110258468272e-05,2.4651842051945273e-05,1.5683104424571636e-05,2.4017946375570118e-05,1.5261427810153607e-05,2.2956930535483593e-05,1.610062004195442e-05,2.2424306488283707e-05,1.4622722210911563e-05,2.2269150028923648e-05,7.932269337308415e-06,2.001967743555813e-05,1.1676105647609421e-05,1.0788308718441216e-05,1.8089713548100417e-05,2.1087058761447833e-06,1.0785561431020497e-05,2.0858209694303276e-06
2025-06-12,2025Q2,10:00,1.0775378179871453,14:00,1.0211566701775445,14:00,1.0949501384595925,14:00,1.078964280339354,14:30,1.012502968648261,14:30,1.0626635245736187,14:30,1.0593659942787435,10:30,1.0775378179871453,1.0416131052044697,1.0164547028969904,1.0261279019074765,0.9919115149626351,1.0031075897417498,0.9956650391904103,1.0441798986145692,1.045011301333512,1.0012485149297636,0.9680076758390092,2.8813570697430133e-05,1.1182099936590996e-05,2.230685167831528e-05,3.900421252167047e-06,1.874897651552673e-05,3.8104590233861207e-06,2.187271477433335e-05,3.5648918308085905e-06,1.819954644302026e-05,3.5445789267324763e-06,1.4843989970277565e-05,2.7793626382410476e-06,1.5211868919107098e-05,2.0171167478309016e-06,9.45145611359101e-06,1.4785032077963433e-06,8.082637553605278e-06,1.403812395946181e-06,6.337088697721277e-06,1.1903132089905304e-06,3.628103220718936e-06,3.761138783681797e-07
2025-06-13,2025Q2,10:00,1.0777229285634857,14:00,1.022982468433075,14:00,1.0955722440069275,14:00,1.081491468866036,14:30,1.0134794995056486,14:30,1.0632128853419904,14:30,1.061741516317974,10:30,1.0777229285634857,1.041842060044694,1.0166634330806659,1.02641391928762,0.9921624501317641,1.0033333439377836,0.9959377068638274,1.0443705096366114,1.0451946457020254,1.001422443064175,0.9681495030516414,5.166223311213735e-05,5.604668723194247e-05,4.577417392509458e-05,5.1928343352140686e-05,3.2751350521881084e-05,3.666877633730011e-05,2.587078329853976e-05,3.100045379481175e-05,2.127814652208293e-05,2.9619949318035052e-05,1.884571310941716e-05,2.9155867444501857e-05,1.543487842898646e-05,2.9014791356586723e-05,1.88210547411653e-05,2.273829955973201e-05,1.2930183651464399e-05,2.2620603464811816e-05,1.957781977317709e-05,3.0500890240211265e-06,1.3340260622774594e-05,3.050018277135825e-06
2025-06-16,2025Q2,10:00,1.0776264761232541,14:00,1.0206361998688793,14:00,1.0928025006653759,14:00,1.0770435999529597,14:30,1.0178913137490917,14:30,1.0652347605279409,14:30,1.0694622864655543,10:30,1.0776264761232541,1.0417376288301767,1.0165999247156694,1.0263205577464136,0.9920239307744654,1.0031385678305282,0.9956598663080496,1.044251831260094,1.0448979408467287,1.0019809318671242,0.9686007925573527,2.2200078273071134e-05,1.0323275597712406e-05,1.725959604823891e-05,7.297227182260355e-06,1.6591873148284978e-05,7.263533139293369e-06,1.573596603076867e-05,6.462035451261932e-06,1.4890142182347955e-05,6.302829541501004e-06,1.2871044993558193e-05,6.281092745525392e-06,1.307331710762994e-05,5.985698350479545e-06,7.5470235516065225e-06,4.801246086375487e-06,8.31498688848094e-06,1.8203177030995854e-06,4.768877992154282e-06,1.656652768194859e-06,3.4927843949249034e-06,1.6518067126444949e-06
2025-06-17,2025Q2,10:00,1.0777486800794844,14:00,1.022256417834696,14:00,1.0940955624994637,14:00,1.0795194580073342,14:30,1.0190446800102886,14:30,1.0644483376972689,14:30,1.0708889479075547,10:30,1.0777486800794844,1.0418587394981502,1.0167290439820547,1.0264634275322069,0.9921714517054818,1.003261517112172,0.9958066643277917,1.044312855482895,1.0450755474102407,1.002086007925441,0.968683022952285,2.179208496064851e-05,1.5918600965919185e-05,1.7406807747133194e-05,1.5676608483592607e-05,1.735867243021731e-05,1.4314537536381026e-05,1.5333873052080266e-05,1.4313428557336455e-05,1.2841229736512513e-05,1.4170901836588983e-05,1.0767682226446253e-05,1.3626264885242651e-05,1.8256471131054745e-05,7.88785752029894e-06,1.6591122482345773e-05,6.4399673876036615e-06,1.6743424891838336e-05,3.947541612902369e-06,1.3215971988022168e-05,2.5674003578162235e-06,7.401215432601406e-06,1.0874115841102748e-06
2025-06-18,2025Q2,10:00,1.0777998218471707,14:00,1.0249492557752409,14:00,1.0960653213008038,14:00,1.084428946513537,14:30,1.021792496728633,14:30,1.065914403642373,14:30,1.0759320996420858,10:30,1.0777998218471707,1.0418722049697862,1.0167683655493,1.0264734950947747,0.9921506420279521,1.0032072064752082,0.9960212813332365,1.0445504724511978,1.045424963552941,1.0024456960798753,0.9689587786320124,5.224883610467087e-05,2.563600585053405e-05,5.052872466183174e-05,1.8052379999838683e-05,4.754043321442048e-05,1.804628091806119e-05,4.5941192530695664e-05,1.6514428970769962e-05,4.9308119322480746e-05,1.6057368637802533e-05,4.7710334871521736e-05,1.594185663277547e-05,4.7563120358790986e-05,1.5941787760916295e-05,5.248578910458793e-05,1.4741866603425368e-05,4.742482488685286e-05,1.3501504501998239e-05,3.2098014783228586e-05,1.342405792332482e-05,2.5426164830189174e-05,9.299874854799484e-07
2025-06-20,2025Q2,10:00,1.078071330751722,14:00,1.0327369137311848,14:00,1.1024309972299071,14:00,1.097396545073429,14:30,1.0262517688487847,14:30,1.0692474451901335,14:30,1.0844286887746177,10:30,1.078071330751722,1.0422698173565563,1.017177529004183,1.0269282183665154,0.9927203886509393,1.0038004069732531,0.9966748147877913,1.0454433983416334,1.0463470397161527,1.003075388424367,0.9700241217788084,3.680082012159641e-05,3.25866460044589e-05,3.404374860534001e-05,2.875323531333617e-05,4.0722703245968885e-05,2.0031395434043652e-05,3.1629497411427495e-05,1.850797737812091e-05,2.6706735186681293e-05,1.7982395203933582e-05,2.1817504613899458e-05,1.7844229085982562e-05,1.835858096041962e-05,1.7489173238289384e-05,1.883292262058781e-05,9.640461719575182e-06,1.129002683622494e-05,9.134721097718517e-06,8.392301705882939e-06,7.17716275874133e-06,7.551954810285529e-06,2.5086635695977136e-06
2025-06-23,2025Q2,10:00,1.0780897431022218,14:00,1.0325686130012783,14:00,1.0939232961065837,14:00,1.0979008600468547,14:30,1.025937645261631,14:30,1.0615261589806644,14:30,1.084691984760876,10:30,1.0780897431022218,1.0423208801263624,1.017462645840206,1.027126164273272,0.9928715025688922,1.0038734253074366,0.9966939398970119,1.0456541231467498,1.0463949705096087,1.0031156801259642,0.970246439604951,2.8260396840360486e-05,6.944216509228465e-05,2.389671150817075e-05,6.673138263074101e-05,2.1968651869434097e-05,6.328343473004379e-05,2.0348800217950973e-05,6.327753512122779e-05,1.9550484546718166e-05,6.239278250850809e-05,2.313868718296842e-05,5.5283422061361066e-05,2.9627522813544836e-05,5.3841788805478884e-05,1.6682563089532142e-05,5.660900497648552e-06,1.1557741710382365e-05,3.9650412703922e-06,7.068678453266908e-06,3.927124738573186e-06,4.419538180749695e-06,3.90848246777746e-06
2025-06-24,2025Q2,10:00,1.0775763329996275,14:00,1.0344954384397567,14:00,1.0941012351660175,14:00,1.1007988051659072,14:30,1.027097183172478,14:30,1.0611499306296526,14:30,1.0860565343184037,10:30,1.0775763329996275,1.0417492362405967,1.016868760908403,1.0264267676592105,0.9921487622188386,1.0032690532043504,0.9961988935936282,1.0459131674177813,1.0465999823802787,1.0032213480342171,0.9702736833286392,2.6328120792684394e-05,8.80392996245592e-06,1.9085928935792123e-05,7.487422816655958e-06,1.593565690381736e-05,7.123969385832007e-06,1.1499106902194546e-05,5.236090926350618e-06,1.0395978198611455e-05,5.236047578763441e-06,8.97769616890233e-06,3.5972578385900004e-06,8.33275925208224e-06,3.5795623256204936e-06,6.720892988186044e-06,3.397199088663999e-06,4.477863712560954e-06,1.5806789315579384e-06,3.441842139758236e-06,1.5001079893447974e-06,2.2363348759201184e-06,1.2814649172180238e-06
2025-06-25,2025Q2,10:00,1.07776184326233,14:00,1.0360305638697134,14:00,1.0932159482782298,14:00,1.1019115475157402,14:30,1.0286536663637527,14:30,1.060124001673527,14:30,1.0869515083233308,10:30,1.07776184326233,1.0418905215471357,1.0169904313405211,1.0265227063519988,0.9922374151646716,1.0033693181871974,0.9962970625341283,1.0459894003767227,1.0466781104649916,1.0032867482235095,0.9703168022248915,1.6041771925475957e-05,5.2249365091242546e-06,1.4763271770894904e-05,4.534847336224875e-06,1.1855382410782833e-05,4.5275829511934074e-06,1.0845710152595378e-05,3.4399785236917055e-06,1.052724817604101e-05,3.2848875468751456e-06,8.76975287063122e-06,3.2761415036156716e-06,7.9325537922808e-06,3.103701979064146e-06,5.677802418119298e-06,2.8660884818479054e-06,4.803605416976318e-06,1.2172501507190503e-06,3.4176215666750503e-06,1.1581282775214455e-06,2.131950740055529e-06,1.1544318455053993e-06
2025-06-26,2025Q2,10:00,1.0778765113533422,14:00,1.0996110837986222,14:00,1.0944218312439977,14:00,1.1033335831998223,14:30,1.0839622763572752,14:30,1.061032920406211,14:30,1.0880322486614826,10:30,1.0778765113533422,1.0420161831697594,1.0170919281506041,1.0266372771421348,0.9923612906014639,1.003471703985766,0.9963967396366032,1.0460538893740285,1.0467757708749474,1.0033629093264969,0.970360736294503,1.3741582812793878e-05,4.120422400875212e-06,1.102132880756288e-05,2.677796526947315e-06,9.883407413860996e-06,2.1453317192303786e-06,9.692903081852815e-06,1.925841673881297e-06,7.867246188403415e-06,1.4888181634443602e-06,6.51693407517932e-06,1.1285664685324328e-06,5.450694633936924e-06,1.1254952823482463e-06,3.4066812363403976e-06,8.68435561997486e-07,2.872658898311954e-06,8.288882021925223e-07,2.788515569097422e-06,3.220894963302026e-07,2.182181866931734e-06,1.243686951983742e-07
2025-06-27,2025Q2,10:00,1.0779789457198954,14:00,1.1045974963095415,14:00,1.094037252944214,14:00,1.104146438382467,14:30,1.0877989553197114,14:30,1.060680920705441,14:30,1.0892718228897014,10:30,1.0779789457198954,1.0421192158184944,1.0171997282405951,1.0267581295618544,0.9924701973884268,1.0035722552322042,0.9964858898121678,1.0461140058222564,1.046831246862972,1.0034461483615646,0.9704502508327559,1.5535505462738044e-05,4.1165321130767556e-05,1.2380422750999948e-05,4.0244770673435147e-05,1.0389568138016027e-05,4.023078533968068e-05,9.026661219913303e-06,3.96853769593662e-05,7.324896920862482e-06,3.8822711905239385e-05,5.829432710062935e-06,3.8376810398671895e-05,5.347542828706624e-06,3.8065724633067725e-05,4.680605772094546e-06,3.714200613418632e-05,7.107171419812444e-06,3.32208848367547e-05,8.629944228176275e-06,2.463351789951852e-05,8.014852880973704e-06,2.1028936594666233e-05
2025-06-30,2025Q2,10:00,1.0776614441492045,14:00,1.0947294246662167,14:00,1.0881380510941385,14:00,1.0919047241471103,14:30,1.0806918473013267,14:30,1.0562200824274404,14:30,1.079897515142146,10:30,1.0776614441492045,1.0417493890025196,1.0167725821028168,1.0262615963064907,0.9919386875163271,1.002962330205264,0.9958154208428778,1.04529239296517,1.0460663673123056,1.0029033941081205,0.969912625950369,2.6095569374258407e-05,8.223181879876446e-06,2.1541363582040027e-05,8.160426775142456e-06,2.008595894911486e-05,7.0528710701766844e-06,1.809400114520734e-05,6.967189984853703e-06,1.5678621057874305e-05,6.768087424940781e-06,1.3947399194960496e-05,6.690771111736248e-06,1.3091627729035378e-05,6.301636885227365e-06,1.1408323446130195e-05,6.242124179403725e-06,1.1049634117594783e-05,5.022495862075105e-06,9.120655566221726e-06,4.8923886760945805e-06,1.0443967726618867e-05,3.044991430434903e-06
2025-07-01,2025Q3,10:00,1.0778511557026524,14:00,1.0970416411838821,14:00,1.0880393570630211,14:00,1.0942291353355107,14:30,1.0836695834699877,14:30,1.0556250463490953,14:30,1.0818430842955722,10:30,1.0778511557026524,1.0419125227373653,1.016953236737555,1.0264328851517373,0.9920913685578864,1.0030973594480816,0.9959556586149451,1.0454097835862022,1.0462265600309058,1.003045534636453,0.9702375432008337,1.933130636016449e-05,9.450668067357507e-06,1.3821531540205346e-05,9.410578360579487e-06,1.365165202373164e-05,8.449208891751683e-06,1.1580380970848968e-05,6.686818627732808e-06,1.0776980634520425e-05,6.288376973780955e-06,9.8679010820307e-06,5.819842511354024e-06,9.039377963917772e-06,5.723799384948417e-06,6.449904731363426e-06,3.4824732805659863e-06,5.205829585307996e-06,2.8437058139841953e-06,4.080881407708169e-06,2.0437621255588892e-06,3.2173539905264916e-06,2.0396053941816613e-06
2025-07-02,2025Q3,10:00,1.0779518134249355,14:00,1.0970371612738907,14:00,1.0888834539687453,14:00,1.0951123633056536,14:30,1.0836230875893533,14:30,1.057014725173383,14:30,1.0828022806653463,10:30,1.0779518134249355,1.04196276372632,1.01702399747094,1.026506703148234,0.9921686509309704,1.003172546347586,0.9960243405139835,1.0454773086207068,1.0462882099662174,1.0031140320994163,0.9702912584348463,1.4714265829897767e-05,7.0722795121988285e-06,1.078768168884318e-05,2.6459261669044167e-06,1.0159204763785067e-05,2.602114497553172e-06,8.928398398815956e-06,2.599111710358078e-06,8.03117187001972e-06,1.922785089686777e-06,7.686037129656988e-06,1.8803871896977265e-06,5.958743817229311e-06,1.508696040647777e-06,4.664969480349355e-06,1.4785232232381e-06,3.581513433924678e-06,1.4784577899083209e-06,2.741834718267759e-06,1.4399476257589526e-06,1.9015286479014366e-06,1.2797139459472347e-06
2025-07-07,2025Q3,10:00,1.0780298544790843,14:00,1.0983675712332286,14:00,1.0892314095535585,14:00,1.0959486635200597,14:30,1.0862014012369217,14:30,1.0567682015287947,14:30,1.0834147845685995,10:30,1.0780298544790843,1.0420632131215288,1.0171290716205903,1.0266046741953652,0.9922729223726499,1.0032807452251895,0.9961160042346823,1.0455522801770374,1.046344439327862,1.003157788425771,0.970319875717068,1.6000192955570022e-05,3.830608278113645e-05,1.3740619676529186e-05,3.726595967758294e-05,1.3521663747104318e-05,3.5309117015660654e-05,1.2754258870608216e-05,3.5278643565169116e-05,1.1881345219565742e-05,3.5038239733515414e-05,1.587249663089416e-05,3.1569611341334945e-05,1.3668660521898809e-05,3.003515405167368e-05,9.743034864921513e-06,2.974532428340097e-05,6.853192850739662e-06,2.9714653462471593e-05,1.0337852898100655e-05,1.8470917538137568e-05,4.616243724265605e-06,5.816896778390979e-06
2025-07-08,2025Q3,10:00,1.0777515727376266,14:00,1.0914331648624789,14:00,1.0842221427941745,14:00,1.0850099830193642,14:30,1.083275603820432,14:30,1.0548030413572946,14:30,1.0782543787625232,10:30,1.0777515727376266,1.0417494943961072,1.0168160472525287,1.0262376968185798,0.991883444044202,1.0029861412177197,0.9957819410619976,1.0450393155549258,1.0456751248326426,1.0028816968331185,0.9702753018259952,1.9879197437752132e-05,1.0680604253931452e-05,1.639198537128819e-05,9.845191041590492e-06,1.4941803563663587e-05,9.53083133150727e-06,1.431591570099212e-05,9.079832935741134e-06,1.103784299067048e-05,5.72300379195701e-06,9.335523734393363e-06,4.171007171641117e-06,9.545214521966916e-06,1.0475343939858687e-06,7.3888249034433215e-06,1.0466979807029312e-06,5.584789792528723e-06,7.366961788211732e-07,4.064029820623052e-06,9.794123371663088e-08,2.7263264206774817e-06,4.741473346579519e-08
2025-07-09,2025Q3,10:00,1.0778436241649467,14:00,1.089925930167049,14:00,1.0851915589860257,14:00,1.087067696570291,14:30,1.0818733254385584,14:30,1.0545708026213978,14:30,1.08035377324214,10:30,1.0778436241649467,1.0418261961452633,1.0168894377051165,1.0263158556235266,0.9919746740197953,1.0030821939989814,0.9959567229307895,1.045190506465485,1.0458080663502562,1.003015364247838,0.9703915190436341,1.7097088105616135e-05,1.5726824795247036e-05,1.4958483720589759e-05,1.4023559152884851e-05,1.8618027815204055e-05,3.7597251201278946e-06,1.3551658556145307e-05,2.4612796107386216e-06,1.1539401300826603e-05,2.4095386979477384e-06,9.23401909725427e-06,2.3750122424984203e-06,8.197316932939943e-06,2.2607435686650923e-06,5.970157232396425e-06,2.05096390855751e-06,4.6384913550629225e-06,2.023237034326352e-06,3.167401924767556e-06,1.5864017644399352e-06,2.181312553347842e-06,8.211857547879087e-07
2025-07-10,2025Q3,10:00,1.077845230249296,14:00,1.0907440547948155,14:00,1.084225906497325,14:00,1.0881271596979967,14:30,1.0838324326162447,14:30,1.0529112960324658,14:30,1.0811256303476364,10:30,1.077845230249296,1.0418305503051677,1.0170962177462806,1.0264882728417701,0.9921303542798544,1.0032099281952713,0.9960789462521248,1.045282405806941,1.0458777184187118,1.0030684877521145,0.9704515454851158,1.5107030306481125e-05,6.568357421829931e-06,1.2214263832192411e-05,6.332323372256141e-06,1.0315187428126036e-05,3.2489366400138137e-06,8.252427784983516e-06,2.1587939387188292e-06,7.087444967970346e-06,2.0691120515812814e-06,5.67175017504948e-06,2.0275520264442524e-06,5.096199546944087e-06,2.024441077870061e-06,3.584454725579315e-06,1.1266205100135826e-06,3.093192425509915e-06,5.932926731568016e-07,2.4625070232344662e-06,5.883966823279848e-07,1.865914867985752e-06,2.3062840419182443e-07
2025-07-11,2025Q3,10:00,1.0779335111374477,14:00,1.0900668834805756,14:00,1.0843423503857692,14:00,1.0892018049816876,14:30,1.082763288270408,14:30,1.053023461009933,14:30,1.0821130917123443,10:30,1.0779335111374477,1.0419007499586077,1.0171941986588249,1.0265826669968003,0.9922160189012603,1.0032777421297587,0.9961422515253062,1.0453402075796256,1.0459459917502871,1.003131589120064,0.9705227428235513,2.1014679442165486e-05,4.466984793571115e-06,1.4909179468502336e-05,2.9174772511878204e-06,1.311372103022616e-05,2.827327232420061e-06,1.3821386031550417e-05,2.112634197455171e-06,1.1573128079673226e-05,1.653484430249064e-06,9.264225455975e-06,1.5806047505443612e-06,7.563817692356353e-06,1.1847281622977687e-06,5.401494478195783e-06,1.1688265273271003e-06,4.191492791295114e-06,1.162458641951439e-06,3.6141100401049968e-06,1.0532553089044061e-06,2.6188548373742035e-06,1.0356967853043849e-06
2025-07-14,2025Q3,10:00,1.078111657168775,14:00,1.0892843494357944,14:00,1.084683620322376,14:00,1.0904997394647218,14:30,1.0824440499878787,14:30,1.0534560396942139,14:30,1.083464328191247,10:30,1.078111657168775,1.0420490841493573,1.017337275172207,1.0267648767510187,0.9923850171181589,1.0034208796424056,0.9962734688400984,1.0454405831464169,1.0460281492326102,1.0032177821225838,0.970592705077706,1.553217705536575e-05,3.6748323042546594e-06,1.2697428121557307e-05,3.660424398966683e-06,8.891225274451547e-06,2.167484806619472e-06,7.4115386215691785e-06,1.2516084105159888e-06,6.253441340700002e-06,1.217280523227043e-06,5.367567557992285e-06,1.2084046834645178e-06,4.4114837622185245e-06,7.347696154292601e-07,3.4380319732908578e-06,3.232823915115102e-07,2.467861655701557e-06,3.2033491274058016e-07,1.7139114613561312e-06,1.3210588555902013e-07,1.2952903194902653e-06,1.289891896992978e-07
2025-07-15,2025Q3,10:00,1.078238890156494,14:00,1.0918749808445747,14:00,1.0845117958022499,14:00,1.091449968103709,14:30,1.087125046239462,14:30,1.053299358826911,14:30,1.0843346740476527,10:30,1.078238890156494,1.0421600921804937,1.0174307137673717,1.0268606729151102,0.9924708615529104,1.0034983338045895,0.9963490995227922,1.0455150310276884,1.04608703519594,1.0032710764809092,0.9706434348367419,2.019286051272129e-05,2.5353465899712547e-05,1.592917223823433e-05,2.5307875200787988e-05,1.995841136101123e-05,1.775160805409206e-05,1.1583226614326199e-05,1.3486800779050184e-05,9.890140926172086e-06,1.3199713490361712e-05,8.700265766731013e-06,1.24542986958177e-05,1.0701017982901123e-05,9.66633794342957e-06,5.8135810733328805e-06,8.661939157286879e-06,3.907339176675829e-06,7.265982339132935e-06,2.4585084911733523e-06,7.264125909115316e-06,3.856512327506113e-06,2.730356106230118e-06
2025-07-16,2025Q3,10:00,1.0781603503711836,14:00,1.0931422894928147,14:00,1.0836750860198923,14:00,1.0896315053876446,14:30,1.085704186524593,14:30,1.0522875462217236,14:30,1.0812716965890308,10:30,1.0781603503711836,1.0420295983043637,1.0174572229300964,1.02682525051514,0.9924162546994508,1.003427558890237,0.9963710882717176,1.0454371760757082,1.0459850780892392,1.003108360638759,0.970695728548983,1.9607183751421546e-05,1.1141316336163087e-05,1.3898780864446064e-05,1.0782561778793324e-05,1.5244968837880426e-05,1.050326941843388e-05,2.153132494604621e-05,8.788062042636048e-06,1.870028728146149e-05,7.941155808962157e-06,1.1369884345580742e-05,7.780571031595403e-06,8.623424095394695e-06,2.5437082811912136e-06,6.565314881243155e-06,2.5432766577254865e-06,4.2599238785109465e-06,2.542965097532512e-06,3.1090447878702393e-06,2.381874814854454e-06,2.4012841787514446e-06,8.791537473013673e-08
2025-07-17,2025Q3,10:00,1.0782438360634745,14:00,1.0950385830382263,14:00,1.0832950669379808,14:00,1.0903112076630004,14:30,1.0848453239887033,14:30,1.0516243155787355,14:30,1.0815612499728942,10:30,1.0782438360634745,1.0420628620490142,1.017520900253531,1.0270207567299228,0.9926002721961402,1.003493945341294,0.9964962144078846,1.0455309648706814,1.046029242572379,1.0031326097139663,0.9707961247118284,1.5017614157761259e-05,4.7302218099966315e-06,1.2823974155336154e-05,4.463781354056426e-06,1.0974460089700388e-05,4.081801647533069e-06,8.367334840743997e-06,2.403633750620899e-06,6.522606559218314e-06,1.5854851333412127e-06,6.1260726673840555e-06,1.2302260477014513e-06,4.964380044372124e-06,1.2301028085000536e-06,3.773685523750209e-06,1.1685984353403625e-06,2.4123631781872727e-06,7.420280041790305e-07,2.432756518970091e-06,2.5833244846575536e-07,1.6697957821411695e-06,2.486440971525312e-07
2025-07-18,2025Q3,10:00,1.078352842216176,14:00,1.0941046231112461,14:00,1.0844513191033733,14:00,1.0910509250008626,14:30,1.084676421165534,14:30,1.053264543620248,14:30,1.0827891835591892,10:30,1.078352842216176,1.0421649376326125,1.0176161821173797,1.0271129572200473,0.9926844408990325,1.003585092534168,0.9965730393786674,1.0455922300176486,1.046074404231149,1.0032058386137972,0.9708580457150809,1.468654493018857e-05,9.319189452709981e-06,1.374178274134646e-05,5.165456013676496e-06,1.2269900967281115e-05,5.108641744923149e-06,9.45529320508644e-06,4.676006281951561e-06,7.074012246701145e-06,4.058401781255144e-06,8.81914122592268e-06,6.807667550442994e-07,7.683221475848043e-06,5.0587262396483e-07,5.506418635042076e-06,3.1876020327026786e-07,3.6043429423676704e-06,2.8238747055613e-07,2.326677488263014e-06,2.7726695656346746e-07,1.8101502300537628e-06,2.659303618778138e-07
2025-07-21,2025Q3,10:00,1.078403806619636,14:00,1.099265719409754,14:00,1.0839363338685253,14:00,1.092588320126919,14:30,1.0920737353450036,14:30,1.0529767600033444,14:30,1.0839577899022312,10:30,1.078403806619636,1.0422693308158157,1.0177149508015582,1.0271856729328952,0.9927362309249087,1.0037366924129558,0.996720562234103,1.0457164246920259,1.0461657366314667,1.0032748524910466,0.9709253220581036,9.840460046382288e-06,9.105471000699172e-06,7.477474902135721e-06,7.625858620709296e-06,6.018143494276525e-06,7.450747872574716e-06,4.89712651960417e-06,7.288551908847804e-06,4.079917498596377e-06,7.253825544202933e-06,4.309089380021039e-06,6.850571291862136e-06,3.0321791909711936e-06,6.2613029190233855e-06,2.492398915092697e-06,6.2013993184324255e-06,1.7061720544277537e-06,6.03670933867332e-06,1.2043463904553825e-06,6.036459469590042e-06,2.231335221643989e-06,4.365582656368671e-06
2025-07-22,2025Q3,10:00,1.0784040383342708,14:00,1.0967920416246324,14:00,1.0883749604410877,14:00,1.090289148976084,14:30,1.0891880009851684,14:30,1.0591141257038534,14:30,1.0808201395698713,13:00,1.0784040383342708,1.042263452307599,1.0176930994322408,1.0271452042205838,0.9926831563438752,1.0036888651552804,0.9966546374458648,1.0456205881996579,1.0460385354762736,1.0031114277712416,0.9708383232113232,1.993178354330613e-05,1.0952393919038748e-05,1.3072084475757508e-05,1.078930683617538e-05,1.072684365318181e-05,8.995998338497267e-06,8.924673244645906e-06,8.837140510096205e-06,7.5932071371129065e-06,8.836836099945875e-06,7.5614758699608775e-06,8.345957850500876e-06,5.212149967995499e-06,7.270031989460155e-06,4.417224963472757e-06,3.6716709477190875e-06,3.303308422546554e-06,2.4540438538505658e-06,2.6311721278890417e-06,2.4196078220727287e-06,2.0552569714185045e-06,3.0748672205846584e-07
2025-07-23,2025Q3,10:00,1.0784932682388937,14:00,1.0958599678885204,14:00,1.0874539379359716,14:00,1.0905872254073488,14:30,1.0878766758514116,14:30,1.0579839041982162,14:30,1.080817650354455,13:00,1.0784932682388937,1.0422862625476923,1.017715046983302,1.027142823636371,0.9926631116038338,1.003673678243682,0.9966128614454192,1.045634462548554,1.046058853382665,1.0031182997006274,0.9709144605981274,1.2990415752603096e-05,8.397685418496623e-06,9.575674872676112e-06,7.251656703534687e-06,7.588069659435994e-06,7.2516345446195285e-06,6.49561878102194e-06,7.21917201936349e-06,7.632570635064331e-06,3.1239701391966695e-06,5.855771187979464e-06,2.697544839799809e-06,4.6003345537234814e-06,2.6151056261421127e-06,3.1116361767712382e-06,2.45207292817511e-06,2.5095851915428205e-06,2.08183651543035e-06,2.276384262838993e-06,6.110563025317329e-07,1.490686600330657e-06,6.108974292299339e-07
2025-07-24,2025Q3,10:00,1.0785364862529034,14:00,1.0944536374612557,14:00,1.0872560971324408,14:00,1.0907019393554394,14:30,1.0868855358823521,14:30,1.058299190838114,14:30,1.0817753364386702,13:00,1.0785364862529034,1.042311450299688,1.0177179508954057,1.027128457648467,0.9927401519330761,1.0037323224401542,0.9966538243103058,1.045647606799527,1.0460680106470128,1.0031743226278147,0.9709533599135132,1.2378058164701016e-05,8.867837536992595e-06,1.039824046042228e-05,8.59787601129682e-06,8.410471166181707e-06,7.647973819053262e-06,7.1053593685203685e-06,7.645911103345264e-06,6.28924759082183e-06,7.64549296123489e-06,7.2885368334758045e-06,5.435873120226626e-06,5.813215932204355e-06,5.188059906068586e-06,4.343003325148089e-06,4.655371758158722e-06,2.834988381118886e-06,4.6287432164632215e-06,2.2239513458982935e-06,4.087572510870317e-06,2.0485158318288686e-06,3.4748528804614404e-06
2025-07-25,2025Q3,10:00,1.078567398077984,14:00,1.0932936783005132,14:00,1.0859869202179022,14:00,1.0896308446057246,14:30,1.0857082969235536,14:30,1.0566137192527467,14:30,1.080436352325866,13:00,1.078567398077984,1.0423293846318347,1.0177267046291798,1.0271167729588055,0.9927180409376708,1.0037664509334798,0.9966670215798564,1.0456350109097414,1.0460126375530225,1.0031111288486085,0.9708959267603441,1.0821444941366398e-05,3.156948559147176e-06,7.904342146206457e-06,3.0267702265638382e-06,7.022065266106594e-06,2.793470734962837e-06,5.6499720634930936e-06,2.6589482166348983e-06,5.288949980676296e-06,2.63237573668422e-06,4.971440484247373e-06,8.719563417130593e-07,4.13435485018457e-06,8.637114553841093e-07,3.206856822385511e-06,7.598186387855374e-07,2.4790381420912144e-06,7.38167484686059e-07,1.839644765559564e-06,6.589003848994938e-07,1.3750798290271264e-06,5.993468228385791e-07
2025-07-28,2025Q3,10:00,1.0786488717989797,14:00,1.0936499132454345,14:00,1.0861951618518093,14:00,1.0904498581930797,14:30,1.0862294427771477,14:30,1.056826626679454,14:30,1.081117204611299,13:00,1.0786488717989797,1.042388674927121,1.0177850485163655,1.0271623698652377,0.9927635232665932,1.0038427425447556,0.9967342584657293,1.045692901482595,1.046059730281255,1.003150820123206,0.9709302962298634,1.0649242093314724e-05,4.794756535973522e-06,8.41822358019663e-06,4.643204293816011e-06,8.040028276559882e-06,4.365596488462007e-06,6.964197017585099e-06,4.067527510025116e-06,5.867930654654568e-06,3.82164566095266e-06,4.980686659826377e-06,3.821635858822628e-06,4.868614960238469e-06,3.1699994262647033e-06,4.374889757709309e-06,2.2783450977737344e-06,3.4320991899827133e-06,2.185951502120941e-06,2.137609696739877e-06,2.1556955263237517e-06,1.5102750931380627e-06,2.1495543196219794e-06
2025-07-29,2025Q3,10:00,1.0787090405465964,14:00,1.0954689829737374,14:00,1.0854809394621574,14:00,1.090967703422126,14:30,1.0884719079089478,14:30,1.0560314330966751,14:30,1.080988097410707,13:00,1.0787090405465964,1.0424333411962474,1.017835260073508,1.0272058905188735,0.9927987738499886,1.0038640547987858,0.9967693577246711,1.0457407123522655,1.0460913311738036,1.00314998244269,0.9709053053215,9.869369333937407e-06,1.1469720003579056e-05,7.804869345476254e-06,1.1231965649915112e-05,7.884745189451381e-06,8.774902932357788e-06,1.095761925453625e-05,3.509669949059598e-06,6.998584802344945e-06,2.3889405452511793e-06,5.992711898998015e-06,2.148039714935937e-06,4.596651243931538e-06,1.2306028253824948e-06,3.2889015522400827e-06,1.2305634710155128e-06,3.1479996623636723e-06,3.8389081562701674e-07,2.7152453173229646e-06,1.4284976942102537e-07,1.946970651021559e-06,1.424974697874852e-07
2025-07-30,2025Q3,10:00,1.0786815473638587,14:00,1.0954677807800133,14:00,1.084015230408329,14:00,1.0923303693923623,14:30,1.088704851648238,14:30,1.05482632611287,14:30,1.0825747820000176,13:00,1.0786815473638587,1.0423846185019598,1.0178206503741611,1.0273207308736216,0.9928774127856594,1.0039354991786575,0.9968385704671653,1.045788752424694,1.0461670981025266,1.0032365832548462,0.9709836675910223,2.655896670171387e-05,5.8366028816962356e-05,2.3832769841784672e-05,5.7579063401088354e-05,2.3275443899138106e-05,5.75693252627278e-05,2.4971442866511013e-05,5.550225672398571e-05,2.1671193470743322e-05,5.388131480021068e-05,2.0602101876540868e-05,5.342122872265661e-05,2.2465762522119613e-05,5.339571114688437e-05,2.1505354650237524e-05,5.324962245616389e-05,2.0821899113030894e-05,5.282304689221916e-05,1.4034508722540405e-05,5.278411666700723e-05,1.629890263114713e-05,1.370143238370154e-05
2025-07-31,2025Q3,10:00,1.078282008601371,14:00,1.0938595163267717,14:00,1.0777775390540296,14:00,1.0741970929165783,14:30,1.0799758809461835,14:30,1.0466786361063076,14:30,1.0562052072492305,13:00,1.078282008601371,1.041933290908232,1.017328038453962,1.0268206100236819,0.9923369799931393,1.0033210078692703,0.9962074975961603,1.0449695754342994,1.045218369075146,1.0019284052832902,0.9711133568880578,2.1921527317202133e-05,5.284441192977752e-05,1.878327329230811e-05,5.211901397442392e-05,2.220472195767076e-05,3.979053181145979e-05,2.1320748317651228e-05,3.952001095677907e-05,1.583527142271366e-05,3.543013574078617e-05,1.3693746778202743e-05,3.459685615612782e-05,1.4214477834314713e-05,3.436217382985171e-05,2.1414728932335474e-05,1.2623281672101783e-05,2.2303640204849528e-05,7.710058857783199e-06,2.1991078757643416e-05,6.273702438063612e-06,1.3157823604573152e-05,6.270502262712358e-06
2025-08-01,2025Q3,10:00,1.0778973986209475,14:00,1.0967619631595742,14:00,1.0794697635814265,14:00,1.081141208735508,14:30,1.0843596165011866,14:30,1.0488629027250973,14:30,1.0655644604757413,13:00,1.0778973986209475,1.041490551315849,1.0170732907763504,1.0265202404237854,0.9920090535820246,1.0029302321514375,0.9957971251552425,1.0451665972050437,1.045610697413984,1.0024561732908595,0.9714193479578442,7.461163568143663e-05,5.914583036904075e-05,5.366209241346025e-05,4.853956619170528e-05,4.49706936253561e-05,4.351498652744178e-05,3.700054452572362e-05,4.3010362702702104e-05,3.174518333608988e-05,2.6672279646862136e-05,2.5774243625232324e-05,2.6528962315569828e-05,3.199352286830974e-05,4.9060391061601226e-06,2.349856505640745e-05,3.078625772157657e-06,1.9472473376928018e-05,3.0673782919226554e-06,1.5442673377235793e-05,4.7029112449105625e-07,1.220042025181179e-05,3.976567145862152e-07
2025-08-04,2025Q3,10:00,1.0780164408516548,14:00,1.097485445482674,14:00,1.1034836932321,14:00,1.0892186350094142,14:30,1.084963367505759,14:30,1.0775823079730185,14:30,1.0747782598110267,10:30,1.0780164408516548,1.0415292736157693,1.017083220279574,1.0264087954751044,0.9920987195502101,1.0029147624291135,0.9963528073272754,1.0456524419200184,1.0460586286504792,1.0029592659331596,0.9719307688604165,2.301290896576472e-05,5.8285585580937346e-06,1.702382829014453e-05,5.454487450948848e-06,1.4761285185058884e-05,5.241934237621588e-06,1.4319121308723783e-05,5.224221320873291e-06,1.1067363281503134e-05,3.475547348087577e-06,8.871775196671894e-06,3.4370391663474075e-06,6.485412370637978e-06,3.0303528560342014e-06,4.816067992241304e-06,2.9762675329354617e-06,4.517639882073416e-06,2.2861927191861014e-06,2.9840591636612042e-06,2.1859942971302553e-06,2.3761240627817846e-06,2.1135877378240316e-06
2025-08-05,2025Q3,10:00,1.0781998368138985,14:00,1.0980957471570028,14:00,1.1008399355487009,14:00,1.0902423193918265,14:30,1.0861313535410644,14:30,1.0748821065230114,14:30,1.0751632076639157,10:30,1.0781998368138985,1.0416705562651902,1.0172145772665129,1.026548384170128,0.9922279560930498,1.0030155649336905,0.9964238538655881,1.0456932579184737,1.0461171775068256,1.0029858647437462,0.9719447006927251,1.7652570643142842e-05,3.4887111510838384e-05,1.7445325064476404e-05,2.2357370707135747e-05,2.1518560659463862e-05,1.3321944568381223e-05,1.8798064749509003e-05,1.3312866738955254e-05,1.560184474470902e-05,1.327156065897097e-05,1.0709485045439123e-05,1.0821132534332078e-05,9.739626341800083e-06,1.0767584499190612e-05,5.284681841653975e-06,9.221007541567838e-06,4.232567973468463e-06,8.690978969459303e-06,4.940307216690072e-06,3.4089963111446874e-06,4.020350879498268e-06,3.176501649824684e-06
2025-08-06,2025Q3,10:00,1.0779810823679457,14:00,1.0949697034091073,14:00,1.0976117871346935,14:00,1.0875777843121504,14:30,1.084854613451286,14:30,1.0728603302644661,14:30,1.0759484081613635,10:30,1.0779810823679457,1.0415977893412145,1.017325540817962,1.0266283431661754,0.9922692221414607,1.0030128844638555,0.9964035770797685,1.0455888971353848,1.0459833987957767,1.0030369712100324,0.9719850785790479,2.475548003311778e-05,1.879257939104587e-05,2.0000002545593197e-05,1.8677469649027694e-05,1.3308419864757017e-05,6.759826989619941e-06,1.1230862012745444e-05,4.156090485147226e-06,9.424251314542619e-06,2.7578392017470203e-06,7.657051918438176e-06,2.465547324622206e-06,7.0509925773615225e-06,2.4267032821145915e-06,4.438399170994137e-06,2.4204875003318844e-06,3.3695376376016404e-06,2.4007861541995825e-06,2.5287592951771867e-06,1.062427951116306e-06,2.1019844605796347e-06,7.513301731759027e-07
2025-08-07,2025Q3,10:00,1.0780303558115392,14:00,1.0920198908717549,14:00,1.0951237052489304,14:00,1.0879670643104589,14:30,1.0822353596068381,14:30,1.0704231228339378,14:30,1.076823545346378,13:00,1.0780303558115392,1.0416045815875583,1.0174151061087997,1.0267368451634322,0.9923826271872859,1.0031091915692292,0.9964985165462823,1.0456345783503265,1.0460070285535956,1.0030861263399578,0.9720444425869972,2.1439423518457208e-05,4.181063149157773e-05,2.4421503524133933e-05,2.3647466951233592e-05,2.2667157818259934e-05,2.11090120572135e-05,2.1945982051597846e-05,1.9546060794372126e-05,1.725362956561339e-05,1.9515936689645114e-05,1.2983821002309727e-05,1.909977672232081e-05,1.3752634913572528e-05,1.6594606290200957e-05,1.4251117560186764e-05,1.2770426770719392e-05,8.660332470596516e-06,1.1415630441304083e-05,7.225188763935561e-06,9.42969989851849e-06,4.892579865152876e-06,8.34289758917999e-06
2025-08-08,2025Q3,10:00,1.0777715458626858,14:00,1.0907759909764725,14:00,1.0923896672707867,14:00,1.0860277336278088,14:30,1.08034278532531,14:30,1.0715200082902527,14:30,1.0749075103509622,10:30,1.0777715458626858,1.0416019704078594,1.0174316806632377,1.02676608527247,0.9923467975638595,1.0029945099548363,0.9964414891519927,1.0456560745762313,1.0459167477426503,1.0030111086542088,0.971905265005655,1.792236039629734e-05,5.331069741146094e-06,1.4347629361362503e-05,4.221656778567899e-06,1.3058834010797721e-05,3.29854517064466e-06,1.0824357711339789e-05,3.207929451134129e-06,9.408330980630754e-06,2.9579789703270094e-06,7.5458742524319735e-06,2.083709605558016e-06,6.83579282460962e-06,1.7498613139732789e-06,5.260514903517452e-06,1.6640338981511124e-06,3.4519333228950634e-06,5.544427206332252e-08,2.5713405327123347e-06,5.543445864202212e-08,1.831794516500942e-06,5.3649273420178446e-08
2025-08-11,2025Q3,10:00,1.077904883529914,14:00,1.0908955932018036,14:00,1.09449913797641,14:00,1.0877966515041508,14:30,1.0806667737225526,14:30,1.0715723847482834,14:30,1.0765294464905864,10:30,1.077904883529914,1.0417258025219442,1.0175667566547428,1.0268833712864058,0.9924565193720976,1.003095827455048,0.9965457981073575,1.0457403524684532,1.046010150498487,1.0030956016395107,0.9719822561245856,1.3110977910523278e-05,9.551198161391397e-06,1.1757921195651808e-05,9.00156756634851e-06,1.099077443266994e-05,8.441664088605122e-06,8.46690760722642e-06,8.26166327268965e-06,6.021626407302865e-06,6.730586915645931e-06,5.473149997167939e-06,5.564861701418703e-06,5.7444784051210284e-06,2.145620337406078e-06,4.695551972229819e-06,2.030329877048636e-06,4.066604334902588e-06,1.6020517122212952e-06,3.699147334642437e-06,1.4336134547082977e-06,2.8178684185202385e-06,1.4290715272128439e-06
2025-08-12,2025Q3,10:00,1.0779357128489109,14:00,1.0938952741215964,14:00,1.0903018590452862,14:00,1.0890210317874776,14:30,1.0841639034611246,14:30,1.0637511095412981,14:30,1.0779292567460097,10:30,1.0779357128489109,1.0417554277334131,1.017600175365711,1.0268831087776542,0.9924453638799526,1.0030938046370914,0.9966196665220617,1.0458019293942005,1.046075944582125,1.0031715385867448,0.9720440664503127,2.9097309735330228e-05,1.4590270989171652e-05,1.7138772644573444e-05,4.935290619727058e-06,1.1850581738861342e-05,4.189224613267303e-06,9.596732575009443e-06,3.4064421001251423e-06,7.364161852871833e-06,1.9706516574720395e-06,5.587995246545717e-06,1.872990393570171e-06,4.519066546728627e-06,1.6392655986005193e-06,3.7096074874805254e-06,1.5387367895731477e-06,2.4648844208367416e-06,8.451561133213772e-07,2.137399830166732e-06,7.562635304252363e-07,1.7184126255121814e-06,6.682730800477648e-07
2025-08-13,2025Q3,10:00,1.07808207820679,14:00,1.0911945836814534,14:00,1.0879417538991647,14:00,1.089843402489616,14:30,1.081453130753595,14:30,1.065578810414195,14:30,1.0787977760112895,10:30,1.07808207820679,1.041904709679553,1.0177057868403352,1.0269780769531291,0.992537026568624,1.0031626758196164,0.9966787659599525,1.0458522066932763,1.0461194455788745,1.0032178411231172,0.9720903014966602,1.2599634195323761e-05,7.764361446892272e-06,1.256847732666178e-05,3.2443567949950007e-06,1.0309353932434556e-05,2.7588619895058803e-06,9.85259166843668e-06,2.684503383321531e-06,8.737409183658285e-06,2.577610288513397e-06,6.7101644585910005e-06,2.5311810431650964e-06,5.751149962637606e-06,2.30755643294264e-06,4.673730572921871e-06,1.2860532121692524e-06,3.6609744839536897e-06,1.2782580851564843e-06,2.8443278820764106e-06,1.0154127393170334e-06,2.176248139805214e-06,9.889591443559997e-07
2025-08-14,2025Q3,10:00,1.078128370780275,14:00,1.090688045751083,14:00,1.0985356314208925,14:00,1.0910634601734794,14:30,1.0810849281237378,14:30,1.0800853166140973,14:30,1.0799588757338794,10:30,1.078128370780275,1.0420190320539107,1.0178101975310911,1.0270885648630321,0.9926417456174537,1.0032401172910554,0.9967494534975555,1.0459318838292546,1.0461833899885542,1.0032791502697596,0.9721428529330515,1.8219246818642526e-05,1.5075991842265696e-05,1.3209615349135606e-05,1.4966225186256158e-05,1.044511211020364e-05,1.4492193555339035e-05,1.3145658656750186e-05,9.833065524328616e-06,9.587080231668235e-06,8.540060873347046e-06,9.625856784457057e-06,6.485880827122488e-06,6.743039095016885e-06,3.849590319599837e-06,4.855768470569567e-06,2.271447790646478e-06,4.08545033358674e-06,2.0188316467334787e-06,3.451417349527858e-06,1.0561208029070169e-06,2.104217919640724e-06,4.403630353111544e-07
2025-08-15,2025Q3,10:00,1.0781498812381882,14:00,1.0903880208730599,14:00,1.0971104709519006,14:00,1.092086428168453,14:30,1.0812889173601647,14:30,1.0798041128653775,14:30,1.0815109309749005,10:30,1.0781498812381882,1.041989356653966,1.0177502883655436,1.027135990999854,0.9926605522079999,1.0032980192592744,0.9968089677785724,1.0459912424764914,1.0462376897188286,1.0033594702907074,0.9722153540719856,2.0388119382681263e-05,4.86888191258051e-06,1.4744061777444539e-05,4.8494642910417774e-06,1.2545177372106309e-05,3.81362061069215e-06,1.1243924680264686e-05,3.8078467102768134e-06,9.79573860897632e-06,3.7957348326966796e-06,8.609697184045496e-06,3.7538640178672398e-06,6.1171611996706765e-06,2.243969760129668e-06,4.653936082579845e-06,2.2328755247564237e-06,3.3935782893482584e-06,1.3090933219178014e-06,2.62231173480182e-06,1.1857299609816089e-06,2.467340821463034e-06,9.054824164885648e-07
2025-08-18,2025Q3,10:00,1.0783155600033605,14:00,1.0899145354311945,14:00,1.092773394961886,14:00,1.0931645215962438,14:30,1.0811002611344982,14:30,1.0747620726350644,14:30,1.08241726831689,10:30,1.0783155600033605,1.042109905380482,1.0178708445499844,1.0272501463212553,0.9927626879009939,1.0033879293016457,0.9968884339739864,1.0460467297529439,1.0462933790222928,1.0034075763793042,0.9722839982503784,1.2474509700640499e-05,4.5209767908537595e-06,9.853116096131044e-06,4.385743052488091e-06,7.840444609801307e-06,4.3069207628293816e-06,7.310869528077129e-06,3.7099780507159464e-06,5.838876643368684e-06,3.7082218057206863e-06,4.533207349599955e-06,3.431538780488622e-06,4.63157739612295e-06,2.5026061205172798e-06,3.221554913410481e-06,1.4150036838346471e-06,3.0130790506348775e-06,1.1201389153516677e-06,1.9899082977097786e-06,1.1148135795702697e-06,1.6308082075859108e-06,1.1366814509873815e-07
2025-08-19,2025Q3,10:00,1.0783987247150855,14:00,1.0901304295063554,14:00,1.0887155370581507,14:00,1.0941566015058182,14:30,1.080965073297292,14:30,1.070657397541801,14:30,1.0829503529094202,10:30,1.0783987247150855,1.0421756146629193,1.0179189390468242,1.0273046275367637,0.992799242009694,1.0034081627076488,0.9969321906614599,1.0460884064827862,1.0463440350704092,1.0034368330575913,0.9723497559480911,1.0066014615111575e-05,1.3095053232069598e-05,9.444554328846227e-06,1.3085485906965576e-05,1.3144354198252168e-05,5.709146818275014e-06,9.450641868013324e-06,5.4227900375404716e-06,9.35465568769693e-06,3.6610087315048018e-06,7.78194497981243e-06,3.3033330360054204e-06,7.299898134903284e-06,2.0082523162029946e-06,5.911620801874441e-06,1.9652219787489746e-06,3.973333842237261e-06,1.9278235029083847e-06,3.0730023925648785e-06,4.6601384725869483e-07,2.2687345746009816e-06,4.6285838322528304e-07
2025-08-20,2025Q3,10:00,1.0783543478526803,14:00,1.0899050719693835,14:00,1.0851788379504794,14:00,1.0952008186775788,14:30,1.080935800110595,14:30,1.0679964380297078,14:30,1.0847358224901824,10:30,1.0783543478526803,1.0421234703261002,1.018020960954183,1.0273650189584207,0.9928961493555956,1.0034910807742707,0.9970406750611409,1.0461806834328806,1.046397854659689,1.0035243162812353,0.9724284181801188,3.5525782177924436e-05,6.297560841361479e-05,2.904279917502125e-05,5.780054147441952e-05,2.4008960693146235e-05,5.706679858442971e-05,1.7926016654379848e-05,3.422793262909005e-05,1.671553894960831e-05,3.0429008871667716e-05,1.310761148475924e-05,1.7399958973249982e-05,1.120514087195011e-05,1.4103271290299694e-05,8.999603475430257e-06,1.3890854675486234e-05,7.748039036841867e-06,1.2980713160187982e-05,6.276492749644023e-06,8.522953224289582e-06,3.847070852250138e-06,6.588656751185613e-06
2025-08-21,2025Q3,10:00,1.0780002460953448,14:00,1.089692485518376,14:00,1.0818201588984662,14:00,1.0915638165792496,14:30,1.081689141467998,14:30,1.0657913086352495,14:30,1.08260970465749,10:30,1.0780002460953448,1.04173582097441,1.0175470991281659,1.0270968321539387,0.9926675982765996,1.0034103095886584,0.9969822009102471,1.0460483188267806,1.0462373762660184,1.003447898299822,0.9723177264877533,3.308133079666872e-05,3.305237366871522e-05,2.2424818856156653e-05,1.3162499543804724e-05,1.8469164886193128e-05,1.1586989053741018e-05,1.8901423862386867e-05,1.1152020188888924e-05,1.7747079475104508e-05,8.043850191761841e-06,1.6584472515734242e-05,7.738407692324302e-06,1.5211514274492146e-05,7.315240772561855e-06,1.1944645276838652e-05,6.8495398082848985e-06,8.089422280108559e-06,1.5087481761499012e-06,6.296628849656003e-06,1.2453129268671248e-06,4.081411644099524e-06,3.6181672063152014e-07
2025-08-22,2025Q3,10:00,1.0779723829275742,14:00,1.0927617249398847,14:00,1.083040620006645,14:00,1.0952231805313364,14:30,1.0838117887549268,14:30,1.0677171203571136,14:30,1.0861014927170038,10:30,1.0779723829275742,1.0418440849864001,1.0176399326692744,1.027212671238893,0.9928328801221055,1.0035739342641656,0.9971442756765345,1.0461626489485774,1.0464164381856582,1.0036173107560244,0.9724789930408922,9.399951221475002e-05,9.218205789735262e-05,3.0173806824371918e-05,1.4030157418913414e-05,1.6907199388839264e-05,8.345893090312913e-06,1.2849255464121425e-05,8.18951088432399e-06,1.3331525268913209e-05,7.352539308212635e-06,1.1832268430489524e-05,6.580736240360707e-06,8.78476267866318e-06,6.553299512567307e-06,4.967161403814623e-06,1.2617500025261352e-06,3.8215797002240474e-06,8.742969280724788e-07,2.9526581619558507e-06,4.977490785044698e-07,1.889655982196893e-06,4.894197167031142e-07
2025-08-25,2025Q3,10:00,1.0779137433841983,14:00,1.092710144100695,14:00,1.082426529848873,14:00,1.0968671246945783,14:30,1.0836516545752195,14:30,1.0670388732888463,14:30,1.0878227143663661,10:30,1.0779137433841983,1.0420373512140326,1.0177568716365746,1.0272816767759403,0.9929349885099458,1.0036709137526711,0.9971903266998207,1.0462498863670346,1.0464963758083476,1.0036996524195745,0.972540119687384,1.0786768043343922e-05,5.253251616768378e-06,8.397459725850153e-06,5.069205664106185e-06,6.60540209725978e-06,4.905822653579778e-06,4.963905237685887e-06,4.149148714686945e-06,3.923930793272022e-06,4.142168731978449e-06,3.1344036905019386e-06,4.136877071447723e-06,2.643786655180578e-06,4.136838700600469e-06,2.266013218478935e-06,3.864848804965987e-06,2.0656353669396153e-06,3.82619471487866e-06,1.645095830315169e-06,3.5586866051203993e-06,1.4425035569668571e-06,3.4792006118715006e-06
2025-08-26,2025Q3,10:00,1.0779696937071668,14:00,1.0911820718698229,14:00,1.0810759719684024,14:00,1.0956330339640021,14:30,1.0781973297623106,14:30,1.0658322921994536,14:30,1.0861957886765279,10:30,1.0779696937071668,1.042076049778439,1.0177792801822507,1.0272925872329501,0.9929317896639618,1.0036520376474516,0.9971600110744773,1.046207371835472,1.0464430714395954,1.003634986141439,0.9724561993362619,1.1775891268863796e-05,7.012315562160392e-06,7.782000868008845e-06,6.27808849017144e-06,6.84906314980671e-06,5.928387247035787e-06,6.699488967263597e-06,5.7055159968923296e-06,4.864624930236084e-06,5.436531156813242e-06,3.9285027733762e-06,4.675920812653542e-06,3.140449057019963e-06,4.668647258674697e-06,2.772531262431434e-06,4.574337796799105e-06,2.5764759605163266e-06,3.597496230729118e-06,2.0699663429838497e-06,2.5297240871471795e-06,1.6307640494444963e-06,2.1881425535102645e-06
2025-08-27,2025Q3,10:00,1.0780157329074886,14:00,1.0932049549391978,14:00,1.0815039846250947,14:00,1.0948355155736686,14:30,1.080793412928975,14:30,1.066875813750295,14:30,1.0856871026022783,10:30,1.0780157329074886,1.0420914496407505,1.0177906091476825,1.0273056223545414,0.9929227600244446,1.0036378586116357,0.9971290126611166,1.0461592279528746,1.0464104040181772,1.0036192483539301,0.9724347103174628,8.800082989604169e-06,4.027198258808542e-06,6.544466920812556e-06,2.971324609681663e-06,4.930569110408615e-06,2.9606207950793634e-06,4.1699243186503815e-06,2.91389605097456e-06,3.801444023428131e-06,2.758978556766168e-06,4.459532403864447e-06,1.7916565473413045e-06,3.0274850979119325e-06,1.4544939901042156e-06,2.309960343098672e-06,1.4160524058252438e-06,1.7676301284497383e-06,1.211555718495182e-06,1.7611945519498943e-06,5.154400812334802e-07,1.3353505362121863e-06,3.6920874842935345e-07
2025-08-28,2025Q3,10:00,1.0780644107221562,14:00,1.0979477555004638,14:00,1.0810486009986013,14:00,1.095095932002784,14:30,1.0842929159049108,14:30,1.0657626447288926,14:30,1.086568569193079,10:30,1.0780644107221562,1.042134278998594,1.0178172503589173,1.027323915884659,0.9929407343770756,1.0036872170159252,0.9971612834048759,1.046179041423374,1.0464241470841642,1.003660991792837,0.9724769139715512,1.9938069423493265e-05,9.352938142596434e-06,1.4679853771381863e-05,9.325629828447149e-06,1.0772425651405576e-05,7.074512045523804e-06,1.0828440161224494e-05,5.97642136933437e-06,7.5242214400204446e-06,4.452394687225627e-06,5.643175449773424e-06,1.5794606305558478e-06,5.361485622362601e-06,1.066595777697444e-06,3.893098824638094e-06,6.23836533722915e-07,3.0685964482468597e-06,4.5873007837750866e-07,2.224044981930282e-06,2.7834150710372835e-07,1.9420384885765076e-06,3.763998471348831e-08
2025-08-29,2025Q3,10:00,1.0781719916040955,14:00,1.0950854059589077,14:00,1.0807187309170476,14:00,1.096627067942875,14:30,1.081677525515965,14:30,1.0658036791926002,14:30,1.0879974317901093,10:30,1.0781719916040955,1.0421958972875844,1.0178668777522992,1.0273968168573102,0.9929932534827179,1.0037624737656887,0.9972492220798022,1.046256531188886,1.0464953179441825,1.003726252488397,0.972559280652411,2.3034446359251132e-05,9.627900673102051e-06,2.3888823767616602e-05,7.790976248639715e-06,2.042738492184049e-05,6.028322798012387e-06,1.6064902714229807e-05,5.03578561244274e-06,1.521300625167212e-05,4.250423761655355e-06,1.269892401578975e-05,3.956249483951509e-06,1.0275821105250284e-05,3.2673117212167084e-06,9.934902528631825e-06,1.8114660205738154e-06,7.94258711320805e-06,5.814141330087549e-07,6.725743776892653e-06,1.9574911889635585e-07,5.049924206772681e-06,9.490974248267152e-08
2025-09-02,2025Q3,10:00,1.0783101119651974,14:00,1.1106231386744316,14:00,1.0810761546205723,14:00,1.1010322282026923,14:30,1.0908536226530838,14:30,1.0652370777421034,14:30,1.0928987995066013,10:30,1.0783101119651974,1.0423917273918797,1.018065424796439,1.0275661410080432,0.9931792733759154,1.003924325540827,0.9973927958275189,1.046448776827655,1.0466969615773964,1.0039453634029347,0.9727735839731223,3.616730319765454e-05,3.0188438119320865e-05,2.385791501425946e-05,3.0097609237853644e-05,2.303565974517921e-05,2.2825700277724205e-05,2.0542695994964763e-05,1.985557091381302e-05,1.8264889678161335e-05,1.5135545866216777e-05,1.4954641285842274e-05,1.46534279740989e-05,1.0690465302661474e-05,1.073339878751053e-05,8.565402558044193e-06,9.42943196514525e-06,7.446123246510363e-06,8.092663069807604e-06,5.594978122282838e-06,7.049029321189397e-06,4.3274725896557924e-06,6.728111926845078e-06
2025-09-03,2025Q3,10:00,1.0783495553928424,14:00,1.126764810610246,14:00,1.080263149301971,14:00,1.1001439050046118,14:30,1.1131366642364622,14:30,1.064816414474709,14:30,1.091255558427513,10:30,1.0783495553928424,1.042298429255303,1.01806261383212,1.0275683135455491,0.9932339631638989,1.0039288437452507,0.997392490040562,1.0464176497944961,1.0466688019870978,1.003895646416933,0.9726777576829841,1.83065429739418e-05,3.464780158602413e-05,1.3665147345205536e-05,3.441116020203275e-05,8.88908957198092e-06,2.8345002676349092e-05,1.0224946304239346e-05,2.2423356449149492e-05,8.765103810891208e-06,2.2413477209920208e-05,7.277696208777487e-06,2.2396028462676464e-05,8.143043788874704e-06,2.1508602804748007e-05,5.175574445428991e-06,2.1127676805008172e-05,7.01849873828956e-06,1.733359044138596e-05,4.6173770682418485e-06,1.726758979673364e-05,3.16509373603377e-06,1.708420155326717e-05
2025-09-04,2025Q3,10:00,1.078141702998984,14:00,1.147736553206438,14:00,1.0767308791799237,14:00,1.0928293394137127,14:30,1.1429490297696416,14:30,1.0605158190128852,14:30,1.0804008223531876,10:30,1.078141702998984,1.0420229378366779,1.0177854007380969,1.02736918570301,0.9930057079308731,1.0036470449473365,0.9971203657315487,1.046013044832189,1.046363173407429,1.003469217593455,0.9720968509039263,1.4845668141362298e-05,8.620713281021204e-06,1.0979027972336332e-05,8.620710761466881e-06,8.410763885243742e-06,7.3556005575045595e-06,7.019643926169957e-06,6.416557144148971e-06,6.0659065535849315e-06,6.4165475802818524e-06,4.869579686140443e-06,6.176645393283207e-06,4.568995531643748e-06,6.176635820101996e-06,3.349560066057431e-06,4.175214992056368e-06,2.4776106849597065e-06,3.859864655496777e-06,2.2021222549738707e-06,3.859862153950431e-06,1.5116551825259314e-06,3.4344375300574645e-06
2025-09-05,2025Q3,10:00,1.0782022483559108,14:30,1.2058960274666577,14:00,1.0753487874836904,14:00,1.0917637059997467,14:30,1.2017940755842251,14:30,1.059030748203067,14:30,1.07887934867146,10:30,1.0782022483559108,1.0420477034815296,1.017798231997159,1.0273758265410715,0.9930005374785654,1.0036224081820415,0.9970878638302247,1.0459887279185291,1.0463202843036457,1.0034131903008745,0.9720179700887637,1.9663312130676538e-05,7.880565146439429e-05,3.6114887833374554e-05,3.076552056440993e-05,3.657617457807716e-05,1.7705973479177586e-05,2.3274762510229485e-05,7.456885061951362e-06,1.827485277807585e-05,6.710520109765503e-06,1.4051881396187418e-05,6.7064985155147266e-06,1.0153261314641029e-05,5.485845027867541e-06,8.74267558278895e-06,4.666096689143918e-06,8.933698049424728e-06,3.355994563343163e-06,5.256468387306866e-06,2.6399595675690606e-06,3.447122159120382e-06,1.6246040042609008e-06
2025-09-08,2025Q3,10:00,1.0774906107750488,14:30,1.192555837565858,14:00,1.0771653073159428,14:00,1.095018959083834,14:30,1.1883957358200636,14:30,1.0627269508136932,14:30,1.0807159630984222,10:30,1.0774906107750488,1.042098005278602,1.018055741238878,1.0276183607518583,0.9931968630867863,1.0037580479246357,0.9971835972025922,1.0460809897268126,1.0464692291574034,1.003500603057048,0.9720986166439333,1.1074654379478672e-05,1.0187428218162131e-05,8.944868979640577e-06,9.741126957706105e-06,7.2946285465343e-06,9.020181751819207e-06,5.923227959651138e-06,8.626888145002202e-06,5.574376591932202e-06,8.313858155397054e-06,5.233688375543953e-06,6.881510394188931e-06,4.564645732967595e-06,6.8389671141799056e-06,3.776094491614361e-06,6.838501607948526e-06,3.984914060029797e-06,4.842431639145225e-06,2.620979746099982e-06,3.311595876740916e-06,1.9176139417924524e-06,3.2715252074642787e-06
2025-09-09,2025Q3,10:00,1.0774916763526838,14:30,1.1790307410914385,14:00,1.0826431098190652,14:00,1.0941984964206755,14:30,1.1749453795207203,14:30,1.0644849222183168,14:30,1.0799536728353811,10:30,1.0774916763526838,1.0420830453396657,1.018029536829475,1.0275726688897473,0.9931515062369264,1.0037270431118828,0.9971375078850916,1.0460003146787666,1.0464394965783044,1.0034770650976002,0.9720441125317966,1.575942194434254e-05,3.1890228859682855e-06,1.035170926940589e-05,3.000772317418283e-06,9.068124289133561e-06,2.590588919627469e-06,6.58067298020842e-06,2.1724745545645396e-06,6.13327199796621e-06,1.703087638651487e-06,4.815489922836231e-06,9.784561674462273e-07,4.197725375977343e-06,8.856620339730244e-07,3.4009673355074023e-06,2.945463259612955e-07,2.3728415921545057e-06,1.9718820979289579e-07,1.980272539577441e-06,1.9341241135190338e-07,1.3402246536617793e-06,1.9017850062413875e-07
2025-09-10,2025Q3,10:00,1.0776259449771612,14:30,1.164410855554052,14:00,1.0857447472453785,14:00,1.0955563477612258,14:30,1.160306922461127,14:30,1.068498366348733,14:30,1.081341949676334,10:30,1.0776259449771612,1.0421726356551755,1.0181187701904755,1.0276402013377806,0.9932265969351513,1.0037980549387986,0.9972052510107421,1.0460741898697654,1.0464990002167656,1.003536937523582,0.9720939857689139,1.1240615678943736e-05,1.3357148905342454e-05,9.813269719917573e-06,1.315968270955642e-05,9.715417983476062e-06,1.2552911441323135e-05,8.6757902096068e-06,1.1671754580286402e-05,6.57963297659821e-06,1.1054146650275524e-05,6.547820031304968e-06,1.0184183495600743e-05,5.594818876175794e-06,9.995543990400501e-06,5.695241687349459e-06,8.788999836257201e-06,4.453805534994513e-06,8.7811291568111e-06,3.959316598653527e-06,7.612118974913574e-06,3.1344247743899624e-06,7.3343602144404354e-06
2025-09-11,2025Q3,10:00,1.0775915920725512,14:30,1.1665466497396395,14:00,1.0833022947229038,14:00,1.0922864550294573,14:30,1.1625780433664146,14:30,1.0647899333697344,14:30,1.0779290825612342,10:30,1.0775915920725512,1.0421242638159367,1.0180762489211554,1.027588670638808,0.9931522336794496,1.0037299891966183,0.997115899024063,1.0459906386559612,1.0463689654969326,1.0034136257740884,0.9719215779115954,1.4834134806130736e-05,3.941807702183626e-06,1.4063982501035752e-05,3.60349495784083e-06,9.609890044807918e-06,2.2594964741086576e-06,8.513157645089509e-06,1.0688899032761537e-06,7.144573970468488e-06,9.314484035491205e-07,6.29748952965775e-06,8.524508692800485e-07,5.439873568655254e-06,7.487071578367843e-07,3.885650258945168e-06,7.483176700233448e-07,2.5494854783554633e-06,3.41255309192011e-07,2.300819151075828e-06,2.1601631887027996e-07,1.6210274851131105e-06,1.404343575410276e-07
2025-09-12,2025Q3,10:00,1.0777069156006176,14:00,1.1872065740451605,14:00,1.082699011960332,14:00,1.093679077768631,14:30,1.1776104627679456,14:30,1.064717596222376,14:30,1.079576628322683,10:30,1.0777069156006176,1.0422520715896648,1.01817765447667,1.0277038051437684,0.9932573548558478,1.0038307766622079,0.9972117992519637,1.0460647369028435,1.0464291656926792,1.0034834646416375,0.9719856398250489,9.623712468890074e-06,4.7305716452066265e-06,7.1487216182448875e-06,4.667849753691754e-06,5.579267945571569e-06,4.257886006395977e-06,5.521586552556412e-06,3.123038451966979e-06,4.437010390825927e-06,3.1135910745030966e-06,3.259868970052959e-06,2.5444359334554568e-06,2.7708901766755147e-06,2.5427572806945586e-06,2.124118317804381e-06,2.5388841696903797e-06,1.8549269134772274e-06,2.3372745740797913e-06,1.4533185354982323e-06,2.3253612788722383e-06,1.2288649313245777e-06,2.076570134774579e-06
2025-09-15,2025Q3,10:00,1.077756211953604,14:00,1.1808879529309808,14:00,1.0802459627132213,14:00,1.0932261234687972,14:30,1.169132241228093,14:30,1.0619855607132538,14:30,1.0787121150384609,10:30,1.077756211953604,1.0422803827212055,1.0181949112690503,1.0277397038961662,0.993280076741331,1.0038438458980128,0.9972166053812307,1.046052040124712,1.0464129424567155,1.0034539725710523,0.9719515723782453,8.365520804154252e-06,5.493204104576523e-06,6.606325330622654e-06,5.490403716107414e-06,5.8874802259863696e-06,5.276547688337472e-06,5.650686898121122e-06,4.415117046708206e-06,4.785129366870758e-06,4.302420254961645e-06,4.508477613509794e-06,4.301760343762665e-06,4.9119055439941006e-06,3.871004399128745e-06,4.408720430730996e-06,3.489786543509547e-06,2.7349515361886813e-06,2.0214765731883417e-06,2.640201408915619e-06,9.257331166909616e-07,1.7902063003712052e-06,9.083927028699646e-07
2025-09-16,2025Q3,10:00,1.0777828455633172,14:00,1.1837730379644438,14:00,1.0777240990053703,14:00,1.0935685215443176,14:30,1.162869557450438,14:30,1.0599590279954447,14:30,1.080042037729233,10:30,1.0777828455633172,1.042291338562146,1.0182020539072614,1.0277569856985196,0.9932887230042089,1.0038473677695121,0.9972380917911844,1.0460701440060718,1.0464299551433047,1.0035113125163884,0.9719907195604983,1.0637488448946376e-05,1.90331351816889e-06,8.780792505760512e-06,1.726405700336998e-06,7.403385722666109e-06,1.701627206775192e-06,6.733162831183839e-06,1.5906813510033973e-06,6.092900963531512e-06,1.5844821118358716e-06,4.822769802910453e-06,1.4535780148657695e-06,4.368618640067223e-06,1.4535758303757228e-06,2.9710885041652485e-06,1.196628492373823e-06,2.360809806196111e-06,1.19157920424404e-06,2.0258306519529557e-06,1.186940440104218e-06,1.5175905458249211e-06,7.196212106382202e-07
2025-09-17,2025Q3,10:00,1.0778763660124926,14:00,1.1788677914893404,14:00,1.0757443924735728,14:00,1.0942654201460014,14:30,1.159320478056296,14:30,1.0580192434537303,14:30,1.0806463027974662,10:30,1.0778763660124926,1.0423778813002689,1.0182807125788802,1.0278361398347207,0.993365091777761,1.003909654673136,0.9972977282398211,1.0461111948778776,1.0464605366611488,1.0035392806425578,0.9720260183280339,6.314049328233654e-05,4.0053599906046494e-05,7.270091196670368e-05,3.89135368045713e-05,7.357416417358348e-05,3.8859086463595075e-05,7.873025472659163e-05,3.862390701658901e-05,7.603224455230577e-05,3.840459425107431e-05,7.957638534688445e-05,3.8151415831993826e-05,7.999324259494768e-05,3.723865635473401e-05,7.556594012402079e-05,3.694872699794452e-05,8.826769410210708e-05,3.4906667780061866e-05,4.795478063662092e-05,3.3635517447996756e-05,3.1576876880824304e-05,1.769918220854798e-05
2025-09-18,2025Q3,10:00,1.0780937597259954,14:00,1.1987768090182829,14:00,1.0843486888330751,14:00,1.126861820603412,14:30,1.1648521342566787,14:30,1.0589986355103813,14:30,1.08980364844056,10:30,1.0780937597259954,1.0427760830455755,1.0187521330011893,1.0284417559105663,0.9940048631795038,1.0046734577098797,0.9981725962380104,1.0469917664888093,1.0478796422543317,1.0040145360703634,0.9726456731927965,2.2069446080127984e-05,2.6025993055137937e-05,1.499316844059431e-05,1.3267969502821764e-05,1.3382480731147511e-05,7.190745281103648e-06,1.0233971066193266e-05,6.625717322687127e-06,1.0849936578344719e-05,5.500821422393894e-06,7.290352063502995e-06,3.865297916652114e-06,5.744988173013911e-06,3.074394041091271e-06,4.516655694071335e-06,2.0517015922616265e-06,4.3875939672562494e-06,1.3926925491635595e-06,3.4790730140467617e-06,1.3919594764496095e-06,2.2118820519275995e-06,9.743778341586455e-07
2025-09-19,2025Q3,10:00,1.0780285740698798,14:00,1.1920313739427046,14:00,1.0853913719665673,14:00,1.1287151086588834,14:30,1.1587904096179336,14:30,1.0605406429049358,14:30,1.0913918862186256,10:30,1.0780285740698798,1.042790424231258,1.018836093696165,1.028494812865945,0.9940957492895638,1.004736499065736,0.9982272263580646,1.0470482653303457,1.0479599544904459,1.0040841976922033,0.972700172519909,1.4219686556032905e-05,7.295296290187085e-06,9.866729197728333e-06,7.216993010509797e-06,9.3154421721461e-06,6.968778499896183e-06,9.579713582035196e-06,5.45764460165305e-06,6.436900241158234e-06,4.037631103593802e-06,5.461571243701756e-06,2.0715053809820377e-06,4.70494906895373e-06,2.066723499357118e-06,3.468938331166417e-06,2.0559638936739673e-06,2.6157777692105175e-06,1.9257599570847564e-06,1.9866717075741536e-06,1.8508888421943988e-06,1.8096954447717415e-06,1.1426708984318773e-06
2025-09-22,2025Q3,10:00,1.0780977393119549,14:00,1.1819502244066693,14:00,1.0829240805615195,14:00,1.1290087068885437,14:30,1.1577547830267476,14:30,1.0582973147012884,14:30,1.0913514815371501,10:30,1.0780977393119549,1.0428194214414688,1.018866800605202,1.02855634718659,0.9941366649447912,1.004799043320019,0.99828115356221,1.04707966130982,1.0479763455932236,1.0040884886325392,0.9727302720926438,7.261353322320188e-06,8.789962250404181e-06,6.156181641062059e-06,7.677171415228967e-06,5.986818743265921e-06,5.746851991880701e-06,4.759196612761837e-06,5.734232674179121e-06,4.606106763874414e-06,5.433486893362126e-06,4.174188234605236e-06,1.5920963472963709e-06,4.1859844097015795e-06,9.852668495193128e-07,3.1395201132958934e-06,9.683752432998903e-07,2.7432102651836106e-06,9.007620829969706e-07,1.8843516334329998e-06,7.474262027773022e-07,1.4222266509365273e-06,6.608265044624715e-07
2025-09-23,2025Q3,10:00,1.0780736340942805,14:00,1.1775944927066468,14:00,1.0822608654058685,14:00,1.1301669711461062,14:30,1.1521008058144315,14:30,1.0556683319462072,14:30,1.0922344684911087,10:30,1.0780736340942805,1.0427965109114596,1.0188686237203888,1.028538682455787,0.9941232333089397,1.0048466765416797,0.9983465210234267,1.047130360318101,1.0480256892993,1.0041264321157217,0.9727638712255989,9.672263150427743e-06,9.54434534703739e-06,7.962389077651874e-06,9.380439571572806e-06,7.289728718306497e-06,9.141572124238443e-06,6.78916496554703e-06,9.110976576827505e-06,7.401700372912572e-06,8.305389034241519e-06,8.022696401778912e-06,8.064340732263404e-06,6.224103783557391e-06,8.057801722507243e-06,8.316506147514032e-06,3.520397638009033e-06,6.831810707644227e-06,2.865613852726529e-06,4.79800154128405e-06,1.966678792788259e-06,3.4800036952706813e-06,1.3807907502001468e-06
2025-09-24,2025Q3,10:00,1.0780669177591629,14:00,1.1802640496173022,14:00,1.081953115094361,14:00,1.132599851620499,14:30,1.1566014738813182,14:30,1.0555203229245742,14:30,1.094444137207028,10:30,1.0780669177591629,1.0427739773177007,1.0188405709139283,1.0284986390410298,0.9941088014920393,1.0048451830831329,0.9983093697363566,1.047240790994975,1.0481306791382958,1.004220900891959,0.972855979424657,1.5092304185090091e-05,1.931373153495098e-05,1.2921817929726231e-05,1.9272600836121763e-05,1.098483067381549e-05,1.9142616398955658e-05,9.63627576321401e-06,1.9000298364677956e-05,1.4620853405313738e-05,6.004595153873503e-06,9.87820960405442e-06,5.223717061970744e-06,7.957014562465127e-06,4.9241515016307375e-06,5.380451872401686e-06,3.3252694800474995e-06,4.772103075407627e-06,1.932837904655549e-06,3.7440003964870975e-06,1.8599599036129648e-06,2.4139900897326484e-06,6.785994622509204e-07
2025-09-25,2025Q3,10:00,1.0780045905668043,14:00,1.181022556350799,14:00,1.080437011391762,14:00,1.134365744306593,14:30,1.1569063654268095,14:30,1.0545713757187711,14:30,1.0958778818026058,10:30,1.0780045905668043,1.0426851379369526,1.0187225552727235,1.0283450526777957,0.9942548408731453,1.0049308124679484,0.998371429874224,1.047286057203417,1.0482059843693627,1.0042836771243935,0.9729315756751676,2.898441550560944e-05,4.3779461903288576e-05,2.0921219725354412e-05,2.6045959135168175e-05,1.6364089974676213e-05,2.5887763926934753e-05,1.6260263479448512e-05,2.199226927448088e-05,1.2952945074614012e-05,1.7103235738001946e-05,1.1400447613614948e-05,1.4927574233006354e-05,1.1670039964810317e-05,1.4893985354249129e-05,1.036885103309162e-05,1.4261506623752503e-05,1.0008795297141133e-05,7.457666547028731e-06,7.617610761796888e-06,3.0002284909705434e-06,5.463373654472783e-06,1.0571372651853342e-06
2025-09-26,2025Q3,10:00,1.077806579934594,14:00,1.1808830677407725,14:00,1.0654148282005582,14:00,1.1354310202033864,14:30,1.1589237502341287,14:30,1.0517722214029466,14:30,1.099554932874282,10:30,1.077806579934594,1.0426079451822732,1.0185839478574812,1.0282465451698009,0.9941864624325463,1.0048642254812534,0.9983061551075215,1.047177178686486,1.0482660691656007,1.004437726597339,0.973122726802967,2.1335928026953632e-05,4.059801451334301e-05,2.8610726257575097e-05,1.7558411958886715e-05,2.2932706475267582e-05,1.7356605213343435e-05,1.6782985392568547e-05,1.2771073098871613e-05,1.5394964233505685e-05,9.69393114785865e-06,1.0366150016182704e-05,2.851760158580525e-06,8.50748350776316e-06,9.374973374912145e-07,5.364098676627564e-06,8.090572894795476e-07,4.565613774165809e-06,6.287297058830086e-07,3.2727654417394264e-06,2.749105712073681e-07,2.1987565587751734e-06,2.2462852019900303e-07
2025-09-29,2025Q3,10:00,1.0775628895225307,14:00,1.1845754655780432,14:00,1.0647482680368536,14:00,1.1381079364038458,14:30,1.1628984064619956,14:30,1.0502407170944854,14:30,1.102118960232298,10:30,1.0775628895225307,1.0427354580219446,1.0186566876118783,1.0283031266729494,0.9942836031037435,1.0050029224504098,0.9984606148716093,1.0472848594563937,1.0483731675619161,1.0045379812930209,0.9732080751395593,1.073446568669105e-05,7.80599123249967e-06,8.768009983875312e-06,7.69325341206933e-06,7.260016880823006e-06,7.492370957459022e-06,8.119036299664241e-06,5.781174045469849e-06,7.303894697452667e-06,5.511256918502142e-06,5.27112003496645e-06,5.40014314930807e-06,4.748494217145425e-06,5.015401693044412e-06,4.097902573577891e-06,4.4163048390037785e-06,2.6604936827597855e-06,4.027223801037443e-06,1.9704681083259547e-06,3.379110106276962e-06,1.5207706106797958e-06,3.3147157708727608e-06
2025-09-30,2025Q3,10:00,1.0775881360564326,14:00,1.1942770083822039,14:00,1.0648851665191548,14:00,1.1367605535175036,14:30,1.1749790954410175,14:30,1.048912152802102,14:30,1.1005640085314143,10:30,1.0775881360564326,1.0427446885624851,1.0186515355995536,1.028336817367497,0.99431437780544,1.0050000373084018,0.9984553280128988,1.0472722918681676,1.0483303624120013,1.0044903464686086,0.9731345914491859,1.9176504712532995e-05,1.6693324365373995e-05,1.625059549974888e-05,1.6203062750391377e-05,1.3962469039986708e-05,1.5856055773046146e-05,1.4932369457987679e-05,1.3402085798468998e-05,1.122262993898437e-05,1.1803120861670028e-05,1.0551313502470767e-05,1.1513897653462148e-05,9.802786538368124e-06,1.0831089337383948e-05,9.541106527093325e-06,9.619343202591493e-06,7.250122501527151e-06,9.262768694781505e-06,6.594488706256228e-06,4.7764101164027265e-06,5.185362182789931e-06,4.179660019417669e-06
2025-10-01,2025Q4,10:00,1.0776010446223854,14:00,1.1856308741704338,14:00,1.0634065304744207,14:00,1.1344523977423577,14:30,1.167971844796114,14:30,1.0484187316889788,14:30,1.1016988780112882,10:30,1.0776010446223854,1.0427367083704533,1.0186212323383086,1.0283546413095745,0.9943057183614221,1.0049811788732717,0.9984346986529594,1.0472595904038366,1.0482629369105,1.004550437722154,0.9731827630867942,2.322945293896905e-05,1.4061851254741458e-05,1.2158493703848898e-05,6.255200126159537e-06,1.0430864027514736e-05,6.100298744246077e-06,8.220203170871216e-06,5.50699782267363e-06,6.2607993429582736e-06,4.3718705135439016e-06,5.5954418213711375e-06,4.348212559952091e-06,5.116879617364069e-06,4.34803048922219e-06,3.697401631831572e-06,2.1200360003184066e-06,2.729005505068145e-06,2.11946538509608e-06,2.559264929554625e-06,7.08003229454935e-07,2.111760161773902e-06,4.501236836293721e-07
2025-10-02,2025Q4,10:00,1.0776887893361138,14:00,1.1983896177138955,14:00,1.062827348011262,14:00,1.1346830209861891,14:30,1.1580324911943571,14:30,1.0482257682508407,14:30,1.1032702988108218,10:30,1.0776887893361138,1.0428064266449772,1.0186795960220278,1.0283942523424918,0.9943379972460769,1.0050038327802775,0.9984505154654156,1.0472947921848828,1.0482768373419156,1.004612246974092,0.9732548778985687,1.3127806986371801e-05,7.86923391991963e-06,1.303394990693753e-05,6.128925110259038e-06,1.1936185596353702e-05,3.3743974494220166e-06,1.079487327340585e-05,3.351249002966103e-06,8.563829532700483e-06,2.346666335635806e-06,7.034287910325714e-06,2.2897573698549454e-06,5.93628209798041e-06,2.0937038042400574e-06,4.4501179194156e-06,2.0812104023435734e-06,3.2904314680938954e-06,1.6971868779433302e-06,2.4837811168617196e-06,6.206892653193713e-07,1.8250510384742338e-06,5.145009602146035e-07
2025-10-03,2025Q4,10:00,1.077739274072846,14:00,1.2107600412203217,14:00,1.0618342762834971,14:00,1.135662206676822,14:30,1.1644537535380626,14:30,1.0474646969383365,14:30,1.1048770207525063,10:30,1.077739274072846,1.0428885918188233,1.0187972149535123,1.0285080806099927,0.9944430769564891,1.00509131701527,0.9985289344110743,1.047348896099395,1.048318250734056,1.0046744626093007,0.9733119370204311,1.4624829699771226e-05,2.0171720062331366e-05,1.0630264907735108e-05,1.9222969767469873e-05,7.525649450700967e-06,1.7881073484943374e-05,6.82836753472635e-06,1.75767868172751e-05,5.498530165696937e-06,1.6542508333378295e-05,4.668127886351152e-06,1.6540116351770033e-05,3.867279033270754e-06,1.6428928987311915e-05,8.40793615125235e-06,8.913228763156829e-06,9.884038050679632e-06,5.768861641449582e-06,5.2563134249108556e-06,1.6827752726388857e-06,3.2994740601001467e-06,6.182388247047337e-07
2025-10-06,2025Q4,10:00,1.0776619974773018,14:00,1.220576016974255,14:00,1.062184056489316,14:00,1.1380697953402013,14:00,1.16420146859307,14:30,1.0472980400003247,14:30,1.1079358490461446,10:30,1.0776619974773018,1.0427721359042634,1.01864928551056,1.0283338725287114,0.9942584165336744,1.0048703909305483,0.9982733722071238,1.0473268032922693,1.0484233613356573,1.0047937103252778,0.9734281682848632,1.1616805726685502e-05,3.306389637632727e-06,9.43514125252233e-06,2.5806465120661898e-06,7.636426533787405e-06,2.4404452608537396e-06,6.129526331217396e-06,2.0787120300423236e-06,4.959953619556377e-06,8.988084626465381e-07,4.352142332631649e-06,8.951081309586783e-07,3.829616926744327e-06,8.731076172347896e-07,3.2465372817837064e-06,5.880754140427422e-07,2.195340077914193e-06,4.540016069186829e-07,1.714496834388855e-06,4.4383908303049265e-07,1.3032130841969833e-06,4.0950673331396486e-07
2025-10-07,2025Q4,10:00,1.07774946521575,14:00,1.2202860963716133,14:00,1.0634651540685194,14:00,1.1392955397369937,14:30,1.1652145436456898,14:30,1.0469875555405623,14:30,1.109050174876084,10:30,1.07774946521575,1.0428555334219423,1.0187205456241237,1.0283956887620478,0.9943269766819146,1.004934188233818,0.9983336669181555,1.047389475217435,1.048470467594477,1.0048361334842493,0.9734671415432009,9.710638801017856e-06,1.3973094235606074e-05,9.044144305859376e-06,1.2182953405547845e-05,8.676850776596794e-06,1.1824832804942257e-05,1.3158385443056455e-05,5.357554012521907e-06,1.493410767877617e-05,3.4123115455827135e-06,1.1938052861409682e-05,3.363619652997897e-06,9.422521315291244e-06,3.3580628981275335e-06,6.335825131609486e-06,2.501637773090338e-06,5.401794819085134e-06,1.6396793273055072e-06,4.0038517494286276e-06,1.4906417931316618e-06,2.312339664987413e-06,1.0209452979387723e-06
2025-10-08,2025Q4,10:00,1.077691381960608,14:00,1.2876509297080596,14:00,1.0739688384556951,14:00,1.1419012312897272,14:00,1.2280050556432487,14:30,1.0534910009008092,14:30,1.1112077581900164,10:30,1.077691381960608,1.0428102694660393,1.018673936090946,1.028514121755194,0.9945215556869459,1.00509230708649,0.9984573873448904,1.0474779909627006,1.048571358717711,1.0049199369182844,0.9735239445677144,1.5222529263677068e-05,9.393832002436528e-06,1.0443628583880738e-05,3.7280066861347918e-06,8.963329541612942e-06,3.6999208498360436e-06,6.538850525862016e-06,2.2933610668465996e-06,5.158573691429057e-06,2.11640339374995e-06,4.689057805854255e-06,2.0405142767334457e-06,4.056940428264067e-06,2.0338811452413297e-06,3.0201976087095545e-06,1.9096517336863735e-06,2.9537177122939116e-06,1.785422322131436e-06,1.8366141131376015e-06,1.7505804568113636e-06,1.8666174889522918e-06,9.99291739529358e-07
2025-10-09,2025Q4,10:00,1.0777467450497418,14:00,1.2109127494874066,14:00,1.0724424811224789,14:00,1.1425824482121203,14:00,1.1547888688957706,14:30,1.051737999078954,14:30,1.1110902926583042,10:30,1.0777467450497418,1.0428913251199017,1.0187457874355659,1.0285788443532105,0.994573039041262,1.0051410490714257,0.9984986837707788,1.0475022859370418,1.0486009885471987,1.0049225258072605,0.9735624489674133,1.495465465796577e-05,9.504319268871587e-06,1.1652225354912151e-05,8.608084777232707e-06,9.684714454242118e-06,8.573653996762667e-06,8.93550646340348e-06,7.864784918316197e-06,6.937738926429051e-06,7.102467773204538e-06,6.52326302993693e-06,6.808826563030017e-06,8.682688770798889e-06,3.5041362469989907e-06,7.4133455734898754e-06,3.2994806404502226e-06,3.983628238136937e-06,1.9840498546164e-06,3.060102938167207e-06,1.6140113736217152e-06,2.104197056187888e-06,1.5900767791297322e-06
2025-10-10,2025Q4,10:00,1.0777978957293446,14:00,1.1826327247105632,14:00,1.0712405299401377,14:00,1.1438728155552642,14:00,1.1277635083655015,14:30,1.050362302763511,14:30,1.1122681271981547,13:00,1.0777978957293446,1.042924393175837,1.0187589316382022,1.0285919411194842,0.9945709119621852,1.0051351270647129,0.9986043288287915,1.047596543024389,1.0486531226964289,1.0049706136013188,0.9735864067539769,1.5125776141810848e-05,0.00017626932347397696,1.197479707147638e-05,0.0001759507392420283,3.5423363643370756e-05,0.00014908186333845592,9.801402905622898e-05,4.856885436136414e-05,6.501520104362803e-05,4.780403759173638e-05,3.634186991514036e-05,4.769325029730105e-05,4.098081122340767e-05,3.370755579385458e-05,3.0479400017754158e-05,3.2780888612395744e-05,2.0415203441551603e-05,3.271099002459746e-05,1.4466131337216935e-05,3.227274237385178e-05,1.6459047972742406e-05,2.368813161524612e-05
2025-10-13,2025Q4,10:00,1.075903139037084,14:00,1.3057619943895986,14:00,1.0667621408669388,14:00,1.1312651061896812,14:00,1.245631570627392,14:30,1.0449808590678396,14:30,1.0922060242841136,13:00,1.075903139037084,1.04080852203138,1.017151550093281,1.0293353751704408,0.994865177640772,1.0049210918109897,0.99875341263725,1.0475046297681416,1.0482730409056031,1.0043704916468077,0.9733022402855092,4.014873949210133e-05,3.964429827940781e-05,4.485310171744257e-05,3.093528265437618e-05,4.059606746546429e-05,2.9904414604443036e-05,2.711844903073885e-05,1.6212387545721158e-05,1.904117965871827e-05,1.5979475296036328e-05,1.4319091456441154e-05,1.546356194350253e-05,1.1086555577420187e-05,1.4099646878273247e-05,1.1468512614105214e-05,1.134684702955248e-05,6.470455224369721e-06,1.131802137597291e-05,4.657616900366156e-06,1.0086444399897982e-05,6.712534125790169e-06,1.5926480597525009e-06
2025-10-14,2025Q4,10:00,1.075876009819392,14:00,1.144104071449636,14:00,1.064404367085575,14:00,1.1265567471796278,14:00,1.0915716820754542,14:30,1.043298298414371,14:30,1.086250504210394,13:00,1.075876009819392,1.0409645717228468,1.0172919851233257,1.0294966940141586,0.99491811489183,1.0048985699500006,0.9986924240769334,1.0474946988290585,1.0481254600470211,1.004187750921452,0.973524380898037,6.768687551229205e-05,6.146978777434213e-05,5.031948213144438e-05,3.9827939108249874e-05,4.077012830770753e-05,3.980465403841613e-05,3.638058758776579e-05,3.979616638333487e-05,2.751058680355808e-05,2.3091347019602754e-05,2.1644399864857505e-05,1.926146037612907e-05,1.919266013742726e-05,1.8122702144661207e-05,1.1392529006114225e-05,1.629058642554993e-05,8.022897698397248e-06,1.621460772159383e-05,5.047685458550298e-06,1.6212311300149985e-05,3.806077800378787e-06,1.6068583754826476e-05
2025-10-15,2025Q4,10:00,1.0758928198310265,10:00,1.0611144046115486,14:00,1.0676252715955887,14:00,1.1189496011280733,14:00,0.9974458505647363,14:30,1.046620493019865,14:30,1.0745701292004035,13:30,1.0758928198310265,1.0410737680642421,1.0172958071465903,1.0294257569274095,0.9949944761331375,1.0049407838180053,0.9987146826311706,1.0473597938986154,1.0478800884710722,1.0038128995120765,0.9730153780654109,3.1718709662507805e-05,8.601300364777881e-05,2.1931285396307096e-05,8.206881907724472e-05,1.8463477566061044e-05,8.1160462595168e-05,2.11671035506996e-05,7.7894428615669e-05,3.421461661892537e-05,6.313664596610973e-05,2.5028648115383527e-05,6.273144992707008e-05,2.6598799674916182e-05,5.7443602718595396e-05,4.2051919067442276e-05,3.3257187778654974e-05,1.7682875536258776e-05,5.47802804205427e-06,1.2790411207586371e-05,5.475428584835755e-06,7.83067356468424e-06,8.697945996537313e-07
2025-10-16,2025Q4,10:00,1.0752350832204929,14:00,1.0364184627587825,14:00,1.069111918735137,14:00,1.1275885512437085,14:00,0.9887539472131627,14:30,1.0476968873578774,14:30,1.0809299473635672,13:30,1.0752350832204929,1.0402918412099496,1.0164128901292717,1.0285146137423589,0.994513482308529,1.004240434154104,0.9980891493416241,1.0475313804786235,1.048206650077063,1.0040562737868755,0.9733156988303524,5.340609923946153e-05,7.657886402418408e-05,4.305490234861985e-05,7.631137273870097e-05,3.802071478905145e-05,7.622298157721202e-05,4.130095353859271e-05,7.250167973739372e-05,4.5395733804606476e-05,6.828788013691409e-05,5.037692266248291e-05,5.9161596587947106e-05,4.3235438170742584e-05,5.725265635982744e-05,3.0179383494689685e-05,5.719631583237279e-05,2.648079460759846e-05,5.011736764422366e-05,3.75603837051872e-05,2.3357367422758912e-05,2.0108885532557545e-05,1.3041932158978986e-05
2025-10-17,2025Q4,10:00,1.0749224446394998,10:00,1.008787964566399,14:00,1.0619556697164434,14:00,1.105713270640653,14:00,0.9573305845598936,14:30,1.049388696726995,14:30,1.0920257150183703,13:30,1.0749224446394998,1.0398449449339502,1.015870034111284,1.0280015945698957,0.9941352976717833,1.0040741438528054,0.9978067504166791,1.0468256293953873,1.0474952344064934,1.0045266421934493,0.9736343570884365,0.00011058093303117976,6.298913547352133e-05,9.320427950770603e-05,5.6770512048158046e-05,9.352431656647451e-05,3.92571894647862e-05,8.465407538890327e-05,3.91621133213722e-05,5.729130004136229e-05,2.6479492490586952e-05,4.233807243619973e-05,2.177168642646343e-05,3.921704059450531e-05,1.909812563271206e-05,3.217287815942742e-05,1.743116701550473e-05,1.9682264628958187e-05,1.1237165981587303e-05,1.3665850021077962e-05,3.3694021760550653e-06,7.900528258075587e-06,3.1462025005157527e-06
2025-10-20,2025Q4,10:00,1.0753853739322312,13:30,1.1056184592443894,14:00,1.0626748691307348,14:00,1.1110141874510218,13:30,1.0558297477524652,14:30,1.0505574300762994,14:30,1.1011967302500352,13:30,1.0753853739322312,1.0402649853564883,1.016607749439804,1.0286857916283207,0.9946551637607917,1.0044508645275072,0.9982159578321147,1.047156003700321,1.0477112038655068,1.0048693777420497,0.9738422109808385,2.3305148809074212e-05,8.805994538663339e-06,1.4618143282869235e-05,3.7532303791867946e-06,1.2908692714768346e-05,1.9726373114665545e-06,1.0920366283501673e-05,1.7578653853294713e-06,1.186638197720337e-05,1.526089632951844e-06,9.24332013918361e-06,1.4332896701887074e-06,6.4613322572332e-06,1.2759582798959202e-06,4.732918889800692e-06,4.5035606257523937e-07,3.667092488325977e-06,4.102231984145539e-07,2.3158684102735426e-06,4.038037407420201e-07,1.8388256020646386e-06,3.495516601352363e-07
2025-10-21,2025Q4,10:00,1.0755347508567599,13:30,1.0872922911539604,14:00,1.0626511194136117,14:00,1.1133850942943548,13:30,1.0382286173780608,14:30,1.0502580025602366,14:30,1.1029350524057429,13:30,1.0755347508567599,1.0403966735776111,1.0167576877749211,1.0288262181514534,0.9948288858587041,1.0045944217307003,0.9983212497753869,1.047257100174916,1.0477995764200139,1.004933052223526,0.9739065957975819,2.2778469203793502e-05,1.498771199778973e-05,1.810730779933205e-05,1.4976577934104568e-05,1.0529886730411161e-05,6.4122953746478506e-06,9.80735935194613e-06,5.2407808956717e-06,7.75914045106076e-06,4.911371373285298e-06,5.57189455748559e-06,4.610590805893612e-06,9.396891796211934e-06,1.920360936935698e-06,6.02127734400438e-06,1.9159062485700053e-06,3.4708913379209848e-06,9.976316594847232e-07,2.169013767827672e-06,9.865369232236379e-07,1.7393233594728743e-06,7.977459611189479e-07
2025-10-22,2025Q4,10:00,1.0756066314117882,13:30,1.1056465280247088,14:00,1.062848002093809,14:00,1.1151455415874845,14:30,1.0817798397309073,14:30,1.0499997024409338,14:30,1.103942913085124,13:30,1.0756066314117882,1.0404277127491415,1.0168128289183447,1.0288942601890718,0.9948771144708162,1.0046117148744285,0.9984730578497267,1.047352344429878,1.0478657885311486,1.004972307401955,0.9739479470199224,2.1154690564911736e-05,4.266782529549409e-05,2.46111747651905e-05,3.571614283213069e-05,1.7063200904220254e-05,3.4545512019387286e-05,2.4801221270411883e-05,2.336725737606162e-05,1.5602804016922865e-05,2.029754493622934e-05,1.9503743488739995e-05,1.609263241077434e-05,2.1290461094871108e-05,1.585127661025415e-05,2.101608612399894e-05,7.220824318521779e-06,1.869179132344835e-05,6.0693017090150406e-06,1.1574287097944288e-05,3.850729971590234e-06,6.593449372335021e-06,2.1559908614337516e-06
2025-10-23,2025Q4,10:00,1.0753396946965819,13:30,1.1319577539133598,14:00,1.0648387016218424,14:00,1.124096887644782,14:30,1.1058642382426187,14:30,1.0512024212060749,14:30,1.110845560618086,13:00,1.0753396946965819,1.040273564487821,1.0165645709787818,1.028905948688133,0.994800080810002,1.0046730775801176,0.9985839063707113,1.0476714447360405,1.048202365050389,1.0052290979556464,0.9741410071081709,2.4084923136255014e-05,1.0745726443048451e-05,2.4001166463635922e-05,9.985026192875873e-06,1.8265439903072054e-05,8.613516851541731e-06,1.4971760484755794e-05,8.55258036053204e-06,1.2806439689766923e-05,8.417659083319394e-06,9.769636962596121e-06,8.221387419351946e-06,5.379577556784393e-06,6.581898176506821e-06,5.3615021538805694e-06,6.1646401091681334e-06,3.5729321908880986e-06,1.6433666149955638e-06,2.221249890469785e-06,1.6346505724155258e-06,1.928141459640239e-06,1.6195169186737583e-06
2025-10-24,2025Q4,10:00,1.0754748744858067,14:00,1.1037848226897347,14:00,1.0648179514431448,14:00,1.1254050567540013,14:30,1.0762864465808986,14:30,1.0502416589227317,14:30,1.111217469674563,13:00,1.0754748744858067,1.0404407759495538,1.016695249731205,1.0290010105439924,0.9948744492250234,1.0047008378876217,0.9985597044248498,1.047645428389453,1.0482528644044,1.0052483635572411,0.9741560647795948,1.9694611578132366e-05,9.095407866719552e-06,1.740683323130837e-05,8.557970016890538e-06,1.6516708816026828e-05,8.52515546544157e-06,1.118219330374284e-05,3.859925907754298e-06,9.43665459699061e-06,3.7590979737503847e-06,7.391254770531195e-06,3.7590893109654915e-06,5.6858056983372995e-06,3.7578469758185448e-06,4.157417407419905e-06,3.743666149607566e-06,3.2232204295128384e-06,3.743405336690893e-06,2.1822177445615744e-06,3.7328121975496534e-06,1.5451949277807602e-06,3.72477753533045e-06
2025-10-27,2025Q4,10:00,1.0755818106464017,14:00,1.0869486948903806,14:00,1.0661853522339082,14:00,1.1246487083050503,14:30,1.07020338599631,14:30,1.0490735524766313,14:30,1.109286960342473,13:00,1.0755818106464017,1.0405451986578051,1.016803103376504,1.0291120589347738,0.9949700233055643,1.0047672907483078,0.99859892301267,1.0476510101292875,1.0482337398824462,1.005196038109219,0.9740665794704311,1.1134263339914506e-05,4.753069996491911e-06,9.294386466653487e-06,4.738054210019961e-06,8.564173972312918e-06,4.446386638185926e-06,5.36990412183074e-06,3.6011163942850673e-06,4.8271026669697266e-06,3.584279758200587e-06,4.091995703117559e-06,3.5805206752998077e-06,3.3573457803316025e-06,3.39304118952521e-06,2.950971884772291e-06,3.0925080226891487e-06,2.135540011464095e-06,2.4999823994069383e-06,1.573122542336324e-06,2.4960607118407526e-06,1.249617195839298e-06,2.33781168126494e-06
2025-10-28,2025Q4,10:00,1.075646770654201,13:30,1.0948848167432075,14:00,1.0656139286852813,14:00,1.1241273010935762,14:30,1.0524469461940298,14:30,1.0482564532323848,14:30,1.1081004234980187,13:30,1.075646770654201,1.040598792693093,1.0168586545582172,1.029137684535179,0.9949911750033563,1.0047763798494227,0.998598295405124,1.0476441598752841,1.0482205049255593,1.005164852164478,0.9740224465795311,1.5905543694782336e-05,1.2462933049633035e-05,1.0800173422019068e-05,1.1872071253515157e-05,1.0508794051014775e-05,1.1499664520248584e-05,9.016383457655177e-06,1.1412551750999788e-05,7.378922466014171e-06,1.1409493367569663e-05,5.267676169696418e-06,1.0758977340852067e-05,4.669679430575069e-06,9.607670042339829e-06,4.164061049048282e-06,9.578852273276132e-06,3.0569084352928283e-06,8.816616166503596e-06,2.4948543571220023e-06,8.293789862645926e-06,1.9154554022421425e-06,8.2693145117749e-06
2025-10-29,2025Q4,10:00,1.075673733217806,13:30,1.0916379771819793,14:00,1.0644011945546286,14:00,1.118819152467307,13:30,1.0421315432833393,14:30,1.0467398372844816,14:30,1.101493041851239,13:30,1.075673733217806,1.040579713237414,1.0168423790041812,1.0290956686664303,0.9949245307260347,1.0046745037701206,0.9984984273899885,1.0475049759483002,1.0480517788244907,1.0049702487684937,0.9737588749617883,4.0308054142070135e-05,1.639284560318553e-05,3.967673388300085e-05,1.538882454282361e-05,3.983383112371727e-05,1.4525542920597708e-05,3.8567503331963624e-05,1.452365843749762e-05,4.068435959472915e-05,1.4397739869314897e-05,3.803550186422031e-05,1.4045228589629405e-05,3.856870214022907e-05,1.402973573210806e-05,4.095122407604142e-05,1.3252032456064774e-05,3.739029655706306e-05,1.3226635719309244e-05,2.8755168670004004e-05,1.3193305235353595e-05,1.810313552148121e-05,4.915735403638555e-06
2025-10-30,2025Q4,10:00,1.0759182538380319,13:30,1.1050579086241052,14:00,1.0686786037078007,14:00,1.136327818218162,13:30,1.0542971920498259,14:30,1.0499399347638643,14:30,1.1152015211404591,13:30,1.0759182538380319,1.0408702101773368,1.017186626288095,1.0294593015085272,0.9953665422648936,1.0051141309642826,0.9989963566002149,1.0481464969811667,1.0486934067732463,1.0054862404763139,0.9743304759940752,4.248787925575985e-05,2.8789314473675946e-05,4.147068850995349e-05,2.3683482127757128e-05,3.139503336655724e-05,2.1877519990328147e-05,2.3746992416170024e-05,2.1413239150139538e-05,2.779784791571356e-05,1.6875402805781758e-05,1.7602921561268647e-05,1.1407444376967838e-05,1.5185421429560255e-05,1.091921835019521e-05,1.125088272768231e-05,1.0917305915612118e-05,7.350764454719198e-06,1.0903049557505703e-05,9.990335798402867e-06,6.872541207439732e-06,8.204569745003188e-06,6.196896438159355e-06
2025-10-31,2025Q4,10:00,1.0760423690435,13:30,1.1545643921130024,14:00,1.0678803747440095,14:00,1.1324131337130687,14:30,1.1240069348889745,14:30,1.0508121089346938,14:30,1.117400652716319,13:30,1.0760423690435,1.0410766266438962,1.0173121465685147,1.0294855083449268,0.9955509538353045,1.005226880402395,0.9990830524350834,1.048141946708249,1.0485820883299448,1.0055887771116574,0.9744234579300176,3.724051518598236e-05,3.7627342251589825e-05,3.167454594988768e-05,3.758007274746272e-05,2.0880788255374964e-05,3.4380589195159316e-05,2.1845728953544487e-05,3.35027817528478e-05,2.5219521619711746e-05,2.8014838915691455e-05,2.3681479939531997e-05,2.7591774455232106e-05,2.742356971162837e-05,2.343434620548353e-05,2.4316726295628558e-05,2.2793839239168367e-05,1.5478617374752473e-05,2.0568711104033175e-05,9.680043046519442e-06,1.572361582347215e-05,7.353840621879814e-06,1.5566926659251035e-05
2025-11-03,2025Q4,10:00,1.0760073670900918,13:30,1.169079018023014,14:00,1.0652942152823024,14:00,1.1263729181493913,14:30,1.1437119909149556,14:30,1.0482152611384827,14:30,1.1095780158214923,13:30,1.0760073670900918,1.0409852476684167,1.0171187022263097,1.0292910134301418,0.9955062043582793,1.0051524299832433,0.9991643088607722,1.0481520236597215,1.0484161694263598,1.0053847671136855,0.9740883178642524,3.3400413054267485e-05,2.611138002525964e-05,3.408253651314275e-05,1.687099402286373e-05,2.2223184555023676e-05,8.673923807066387e-06,1.9510034971955685e-05,8.466123812362843e-06,1.1692929344291289e-05,4.246024551923986e-06,1.2752391138996591e-05,3.184531073111115e-06,7.5521382598664224e-06,6.09179458070519e-07,5.998669358292707e-06,4.967495565177533e-07,4.586739318214292e-06,4.802666858250872e-07,3.881913214975533e-06,2.7711247076861155e-07,2.526181743751385e-06,2.0028956367121443e-07
2025-11-04,2025Q4,10:00,1.0760645116749548,13:30,1.1622444375339203,14:00,1.0636500198617451,14:00,1.1295338517993565,14:30,1.1416297006457312,14:30,1.0470601825788506,14:30,1.1130844341386201,13:00,1.0760645116749548,1.0411878570537292,1.0173025968648357,1.0294570471799362,0.995631294385296,1.0053278068905278,0.9993049807612487,1.0482817410819123,1.0485274247953726,1.0055046579007354,0.9741882844004947,3.387328999292641e-05,1.767328142230744e-05,2.301247359206228e-05,1.7030786980115452e-05,2.2284847069131457e-05,1.382508668922281e-05,1.9168576966191488e-05,1.3814491930446157e-05,1.5997085751789773e-05,1.3810112288046521e-05,1.686866384566926e-05,1.072385099001499e-05,1.6708304027197948e-05,8.654957172109187e-06,1.4530233166061853e-05,7.353910618429557e-06,9.900962561540962e-06,5.633315807059048e-06,6.682767097708759e-06,5.588245599275469e-06,5.830189557273361e-06,2.954354437974395e-06
2025-11-05,2025Q4,10:00,1.0762245231803795,13:30,1.1681743245339429,14:00,1.0642369552015671,14:00,1.1323162144969,14:30,1.1495336215071783,14:30,1.0472883595905027,14:30,1.1134837787429757,13:30,1.0762245231803795,1.0412526024840985,1.017415383511794,1.0295331146937319,0.9956689385124996,1.005439562464876,0.9994682316120604,1.0484432384418998,1.048636240021057,1.0055400451918854,0.974314866405209,3.253757364088447e-05,1.628234070413135e-05,2.4133362058472386e-05,1.619913747231285e-05,2.0105086889006174e-05,1.592024176901606e-05,1.7372092545447714e-05,1.5432550140869448e-05,1.2024995605251926e-05,1.2765911027678722e-05,8.686699403944742e-06,1.2006944959270414e-05,7.542316932742561e-06,1.1903905091493975e-05,4.917010186112412e-06,1.1845451341862807e-05,3.978641043239119e-06,1.169130013251094e-05,2.9607159441246393e-06,1.1273817493497208e-05,1.8603244812680344e-06,1.1273602288407362e-05
2025-11-06,2025Q4,10:00,1.0763862126815602,13:30,1.1717739179330982,14:00,1.0632393767948864,14:00,1.1250213825938922,14:30,1.138149495336329,14:30,1.046413562798652,14:30,1.1039044583029798,13:30,1.0763862126815602,1.0413416791429495,1.0174689842414353,1.0295559237827283,0.9956574562055741,1.0053774252108831,0.9993800325509058,1.048265667568515,1.0484107067011883,1.0052615263556854,0.9739238420227143,4.449904368764167e-05,7.009477656068901e-05,3.471935894045946e-05,6.974325967375979e-05,4.415668805686648e-05,3.985237122848297e-05,3.673136416826158e-05,3.926253944098817e-05,3.8056696924698984e-05,2.86617728973653e-05,3.0405979438307254e-05,2.8396206395104008e-05,2.0656141609701897e-05,2.2691099024323e-05,1.6835228436372564e-05,2.2635310623320755e-05,1.2373420450698908e-05,2.2094726926637044e-05,9.007882898701538e-06,1.3642227009501152e-05,7.2391944919674206e-06,1.3275409406072468e-05
2025-11-07,2025Q4,10:00,1.0760531584103372,13:30,1.2093936939533414,14:00,1.0608529733440442,14:00,1.1152498026277249,15:00,1.1896488894630324,14:30,1.0454280836998269,14:30,1.0978202902937377,13:30,1.0760531584103372,1.0408773552590163,1.0175184503257046,1.029499209102601,0.995816802829641,1.005411491501451,0.9993391259725872,1.048102614594215,1.0481170020774548,1.0051051010285281,0.9736801166597084,6.77837122510525e-05,7.261579873992146e-05,5.732344598112343e-05,7.211662729366108e-05,5.3567666855207736e-05,5.689012852880102e-05,4.327853561770309e-05,5.6333836543812145e-05,3.932153385064676e-05,5.4723582001569006e-05,3.0076275108050044e-05,4.887166794978214e-05,2.6487159930816053e-05,4.851064876922564e-05,1.9337402250749855e-05,4.428076490712993e-05,1.5939214484880056e-05,4.408674378702661e-05,1.148678968327097e-05,4.244847022014917e-05,1.0213546431452727e-05,1.4550163719588333e-05
2025-11-10,2025Q4,10:00,1.075941817562964,15:00,1.264783471674965,14:00,1.0560409750057362,14:00,1.089838965746945,15:00,1.299198095709166,14:30,1.0407061790623509,14:30,1.0639822615224706,13:00,1.075941817562964,1.0406602367767446,1.0174592835223992,1.029273304202324,0.9955630497702249,1.0050621693945405,0.998894415083276,1.0474628295527224,1.0472941398641464,1.0040702327584283,0.9735108724775218,2.2349263123621913e-05,3.100995890495868e-05,1.798120031457385e-05,3.075604220215511e-05,2.348015146626307e-05,1.5903591590064307e-05,2.1357918856218308e-05,1.4882752013733692e-05,1.5593379408474247e-05,1.2562098731264608e-05,1.1819837211758495e-05,1.113567070592393e-05,7.784838728854044e-06,2.736295683187669e-06,6.004303163127117e-06,2.734725465050014e-06,4.6448356363216795e-06,2.4448361420833255e-06,3.3708113628545647e-06,4.854944948779375e-07,2.7426086837930516e-06,1.7984169060316874e-08
2025-11-11,2025Q4,10:00,1.0758234097673263,15:00,1.259457648835872,14:00,1.054087310526648,14:00,1.0913672698019758,15:00,1.293572352424997,14:30,1.0395645714846211,14:30,1.0667317106543583,13:00,1.0758234097673263,1.0404886565222393,1.017559248639763,1.0293659882570791,0.9956146657400303,1.0050736730574892,0.9989965622911416,1.0475370225111527,1.0473508000207719,1.0041659346328318,0.9736275257234961,1.7382748487774358e-05,1.2109420766927259e-05,1.7235935302064463e-05,8.437677616618538e-06,1.5666074744343638e-05,8.172176745681976e-06,1.4220843641997549e-05,8.058191679576194e-06,1.0690641911970824e-05,7.706766329690267e-06,8.479618355496904e-06,4.204293829272653e-06,6.012603081439764e-06,1.8756696346215247e-06,5.253788720467347e-06,4.85494392873628e-07,3.908605334837368e-06,2.0152166623484452e-07,3.3070011479051935e-06,1.8575379855641948e-07,2.187721874461907e-06,1.8234651052583645e-07
2025-11-12,2025Q4,10:00,1.0758702174171122,15:00,1.261381833707877,14:00,1.0534737326132642,14:00,1.094244972897684,15:00,1.295434166906315,14:30,1.0391613384674256,14:30,1.0697617597648479,13:30,1.0758702174171122,1.0405921003870555,1.0176599079152364,1.029456919501042,0.995665115724756,1.0051516167635461,0.9990802496528843,1.0476491506029868,1.0474513108809589,1.0042695066155942,0.9737135749014866,2.4037794543346024e-05,9.788205061424902e-06,2.359767791334328e-05,8.956784809655126e-06,2.3415213234627935e-05,7.550595138113325e-06,2.1728742921283793e-05,7.542397087252243e-06,2.214371915197049e-05,6.625584744794867e-06,1.7835232704024444e-05,5.502389317661001e-06,1.2014032487879022e-05,2.620134676339504e-06,9.898320137020498e-06,2.5709715951344326e-06,7.051787473313335e-06,2.5137324352274946e-06,6.059320649885168e-06,7.341671865263336e-07,3.956120059691987e-06,7.281699101930148e-07
2025-11-13,2025Q4,10:00,1.0760153702481372,15:00,1.270874877782357,14:00,1.0534979261802444,14:00,1.0976309067202743,15:00,1.3049972040386295,14:30,1.0400180880011833,14:30,1.0749524575047762,13:30,1.0760153702481372,1.0407667254616,1.017875315906627,1.0296711667433198,0.9959250020443595,1.0053770429363245,0.9992702340891145,1.0478193886771061,1.0475714189444412,1.0044461460325198,0.9738525675375604,3.8932053877302867e-05,3.663628537466356e-05,3.274453145229115e-05,3.6614283736124547e-05,3.4369519586066916e-05,2.346831427405897e-05,3.5513307856935416e-05,2.2340471782346967e-05,3.2610634619498114e-05,2.1681147369895046e-05,2.8808472737013122e-05,2.0475033049984566e-05,2.7064055095392184e-05,1.3349137532134551e-05,2.54777926907552e-05,9.557893739149987e-06,2.1304799327312942e-05,9.479389965751026e-06,1.490034885875401e-05,7.576859992377732e-06,1.2437112151679917e-05,1.1943321788696788e-07
2025-11-14,2025Q4,10:00,1.0760101156300126,15:00,1.2902743399962409,14:00,1.0544595492514046,14:00,1.1062414690812272,15:00,1.3242004071599496,14:30,1.040611116516007,15:00,1.0835142182625332,13:30,1.0760101156300126,1.040701167648692,1.0180187955012239,1.0298630369236568,0.9961091130968647,1.0055276433184632,0.9995476588143284,1.0481846666557757,1.0478805119764183,1.0046880359023487,0.9743799601780285,7.903087761947973e-05,4.466860277403893e-05,6.827562045781796e-05,4.1549492402379204e-05,5.223918744548561e-05,2.8834321258720576e-05,3.8176703230464083e-05,1.7980808949466306e-05,3.146606280064633e-05,1.7781426566801902e-05,2.4486389938726415e-05,1.755781800906194e-05,2.5862221645793452e-05,1.5423787755441663e-05,2.360461123143168e-05,1.3390528792330248e-05,1.7651182437405532e-05,1.3342446322128666e-05,1.1509005062789996e-05,1.2135463560605087e-05,7.724128198352974e-06,1.1123927508259917e-05
2025-11-17,2025Q4,10:00,1.0763426128235003,15:00,1.2888479262961898,14:00,1.0494048332382628,14:00,1.1085263464051662,15:00,1.322917423145219,14:30,1.0358195936901988,14:30,1.079880806317963,13:30,1.0763426128235003,1.0410070770504665,1.018331939210312,1.0301644703855735,0.9963388749105732,1.005652713913224,0.9997587323250396,1.0484106399360575,1.0479802026059368,1.0046653701390047,0.9742466942736082,4.7619841154780126e-05,8.333553624449485e-05,4.433619591063911e-05,8.206122694303625e-05,4.155919650760204e-05,7.784485620173251e-05,3.577816499195595e-05,7.776246257604594e-05,2.2170702427325272e-05,6.461150311273547e-05,1.9689556741776562e-05,6.368502921315755e-05,2.4327245545069418e-05,4.289549222071551e-05,2.3090297959197518e-05,4.231715905223443e-05,2.5030142374281973e-05,3.2180308198670144e-05,1.8807811762200527e-05,3.08301853043079e-05,1.4450476284056886e-05,9.896315280249028e-06
2025-11-18,2025Q4,10:00,1.0758912219445516,15:00,1.2846586994881612,14:00,1.0471671206976894,14:00,1.1002358269861785,15:00,1.3183391538963956,14:30,1.0325635534744837,15:00,1.0834714668075842,13:30,1.0758912219445516,1.040505489052517,1.0178164586220921,1.0294855617151033,0.9956346001253568,1.004841605250186,0.9993840521645772,1.0479087113842764,1.0477442361507665,1.0042622462747492,0.9744523597674463,9.783329592996156e-05,0.00015407390095705236,8.997076862959706e-05,0.00015345147964243165,8.083395296277621e-05,0.00014555352876510693,6.269790579434003e-05,0.00010055514610517867,5.410224974371805e-05,0.00010015948982004116,5.161470631371242e-05,8.535922320734918e-05,4.1716426575985965e-05,2.661453748553299e-05,3.2170775401626756e-05,2.6291614481254057e-05,2.6529926417471453e-05,2.6086585875725945e-05,1.8488947141317842e-05,2.605664931418041e-05,1.3348543895624907e-05,2.105420073808454e-05
2025-11-19,2025Q4,10:00,1.07516366529355,15:00,1.2710904521364488,14:00,1.0464112497262936,14:00,1.098559979977407,15:00,1.3048252817093204,14:30,1.0301614609103689,15:00,1.071327423590207,13:30,1.07516366529355,1.0396562950608699,1.0168982121991261,1.028861335869264,0.9948745959089572,1.004217950377441,0.9996891232701889,1.0480176281043454,1.0477224807945815,1.0040080321431837,0.9741460944650926,4.654699864630421e-05,7.244607509353412e-05,3.792635099321576e-05,7.186031790776802e-05,5.123395719893626e-05,4.619696373310328e-05,4.500407193286027e-05,4.422296188785993e-05,3.7745416526505695e-05,4.372383009330802e-05,3.5679883815084495e-05,3.986029481271326e-05,3.328560891672712e-05,3.981940474281111e-05,2.6352552015140075e-05,3.958474033474084e-05,2.2230780212921026e-05,3.442314854954393e-05,1.6956797486336217e-05,1.793591013475948e-05,1.1500344768301282e-05,1.3381526257979874e-05
2025-11-20,2025Q4,10:00,1.0748282320930813,15:00,1.2603972012692088,14:00,1.0433071977430746,14:00,1.086717097206213,15:00,1.2939353122475412,14:30,1.029567788737473,15:00,1.0679591794285537,13:30,1.0748282320930813,1.0392085074713573,1.016956238501023,1.0288537683496177,0.9947788020203373,1.0041386122374398,0.9995576335595304,1.0476611669800795,1.0473476010736276,1.003973258232085,0.9740805350461629,4.4009105159735396e-05,0.00032074192954336696,3.8863494828360995e-05,0.0003205825855690827,4.302727491145469e-05,0.0003119075148308399,7.020152582118743e-05,0.00025786450426167084,0.0001863357396984656,0.00012406884040748342,0.0001426685123638713,0.00011762144102488186,0.00010975522291583199,0.00011372206166533434,7.238683241374206e-05,0.00010080077984345789,7.350759898992392e-05,5.318389844099869e-05,4.3009735773519674e-05,4.44511826099622e-05,2.9321015204170895e-05,4.155252141458448e-05
2025-11-21,2025Q4,10:00,1.071620930992559,15:00,1.2163963393962218,14:00,1.0472382949494305,14:00,1.0983144159559755,15:00,1.249373501696318,14:30,1.0288583461679819,14:30,1.0508585360854492,13:30,1.071620930992559,1.0356398998578493,1.0132343495269385,1.0258840935822422,0.9958240044770725,1.0045857495674972,0.9994788461537565,1.04688055538451,1.0478293705798285,1.0039198008353196,0.9736050410423129,0.00014564525774227952,0.00015895870642749753,0.0001408494913469467,0.0001533614952313736,0.00012673690633718164,0.0001532762636498305,9.928154274407967e-05,0.00013009934603658272,7.171592349927673e-05,7.786764681453548e-05,5.6384564399527305e-05,7.762514379970706e-05,4.733744954158849e-05,7.753378518151858e-05,4.54569441560401e-05,7.0135887607257e-05,3.844881071852689e-05,3.518848334722124e-05,1.78799542830309e-05,2.591728395260481e-05,1.713915459032888e-05,1.1648805413749274e-05
2025-11-24,2025Q4,10:00,1.0713579719462922,15:00,1.2963924546873378,14:00,1.0477752215021834,14:00,1.09816955214751,15:00,1.3312005972815524,14:30,1.027015481178739,15:00,1.056599885877508,13:30,1.0713579719462922,1.035422301943407,1.0128473413308534,1.0253647861884225,0.995727333014637,1.004193123961818,0.9988731553400784,1.0462244275522745,1.0478720069392184,1.0036511380564974,0.9738520680765196,6.372155348948159e-05,1.675456867370134e-05,4.739168270349235e-05,1.2901715839616327e-05,2.8330404675862534e-05,1.0553025317477903e-05,2.0545522057011265e-05,5.941887649562956e-06,1.9110245472268138e-05,5.263861674374019e-06,1.364182550272381e-05,4.021495171634597e-06,1.0113085827689822e-05,2.209642385541525e-06,8.139123170506946e-06,2.1541314902685073e-06,5.714401984901195e-06,2.154075265189077e-06,5.370968977275067e-06,1.8954436048276968e-06,5.5527492144785705e-06,9.945744065782868e-07
2025-11-25,2025Q4,10:00,1.0718452079000507,15:00,1.2928535904435456,14:00,1.0475050919418458,14:00,1.1006278910997516,15:00,1.32730051978916,14:30,1.0270094975214057,15:00,1.062467723968641,13:30,1.0718452079000507,1.035834162556036,1.0130863002000678,1.0255843199976795,0.9959574190303487,1.0043677023954907,0.9990319413208528,1.0463624973504182,1.0479654549777426,1.0037656282694865,0.9740473774913564,4.295054611008075e-05,1.8079076938217683e-05,4.0668750482595235e-05,1.767700156750183e-05,3.260824011266707e-05,1.465916986000456e-05,2.390179702202307e-05,1.3657723309916072e-05,1.3103746059463065e-05,9.723429360687563e-06,1.0187853805672455e-05,4.400487310559764e-06,9.426878796829395e-06,4.399694897554689e-06,6.1427419638840436e-06,3.293589855624365e-06,4.487831490948793e-06,3.253049369666134e-06,3.73819723488824e-06,2.519795221248298e-06,2.519239878524011e-06,1.4720375979367233e-06
2025-11-26,2025Q4,10:00,1.0720960892905296,15:00,1.288691155306419,14:00,1.0480529738892697,14:00,1.1012997696695146,15:00,1.3229643752748184,14:30,1.0269687188512202,15:00,1.0637660862213605,13:30,1.0720960892905296,1.0361046808277206,1.013326774891201,1.025734584424602,0.9960141417919333,1.0044725513375585,0.9991329859405823,1.0464257502839627,1.0479946108943354,1.0038055282431486,0.9740936183853932,3.262339675033028e-05,1.6947347659846382e-05,2.39738181334987e-05,1.6040098899667802e-05,1.6594853514798843e-05,1.1972948203497018e-05,1.0109567395435797e-05,9.57643246631264e-06,9.538389337591615e-06,8.306631527300589e-06,9.296524473221958e-06,7.906036617356029e-06,7.4217809212795365e-06,7.835693748853585e-06,6.898376864932417e-06,7.833355277196113e-06,6.192321386097043e-06,6.598808682153502e-06,3.6456199478821487e-06,4.998689872159284e-06,2.709511893279446e-06,4.696802373937056e-06
2025-12-01,2025Q4,10:00,1.0722498967928296,15:00,1.2951980049753302,14:00,1.0475747778219568,14:00,1.1004990142538018,15:00,1.3297527543963208,14:30,1.0261969375634463,15:00,1.060916705363311,13:30,1.0722498967928296,1.0361936485027607,1.0133871957225264,1.0257389375807495,0.9960351197848148,1.0044971802700122,0.9991248112024572,1.0463952924230528,1.0479750682044717,1.003760250039518,0.9740141546563836,2.8648796317475065e-05,2.9470572839335436e-05,2.774399546779045e-05,2.3667872800025167e-05,1.7725657609676942e-05,1.680495340386579e-05,1.6093529804914817e-05,1.6115299175623125e-05,1.0822105460718745e-05,1.462030606699065e-05,8.817435525303048e-06,1.4603708229269365e-05,7.286691833285356e-06,1.4603493690655198e-05,5.18857198860701e-06,1.4222470139446429e-05,3.5645168406702707e-06,1.3823653740591547e-05,7.478170062648265e-06,2.5067792633591074e-06,4.885255141086482e-06,2.1380741132420303e-06
2025-12-02,2025Q4,10:00,1.0722185047599377,15:00,1.290029568858713,14:00,1.0471453472935528,14:00,1.0918162131195122,15:00,1.324284133387357,14:30,1.0300117847051264,15:00,1.064457909747421,13:30,1.0722185047599377,1.036232583213418,1.0133966139114157,1.0257323103771478,0.9959731025408483,1.0043908515502402,0.9989781933068993,1.046168015596894,1.0476800273258444,1.0039239782507619,0.9741335234146277,2.310585117208598e-05,6.061179243160943e-05,2.3793718432535075e-05,5.9220611105130657e-05,1.406128267377979e-05,5.155099049900864e-05,2.7329162153562654e-05,2.5418557374620074e-05,1.9750008551549137e-05,2.4714447455231325e-05,1.1170039617791835e-05,1.7078299433631063e-05,1.6563656691787954e-05,5.796460364533216e-06,9.78294545291568e-06,4.04708405072325e-06,6.746771319142457e-06,4.039871338851913e-06,4.7176097722087655e-06,3.89363608323997e-06,3.8206033966534905e-06,1.76858140044612e-06
2025-12-03,2025Q4,10:00,1.0717732513838114,15:00,1.2798695368420627,14:00,1.047123621958278,14:00,1.0935713847962432,15:00,1.3137338369743412,14:30,1.0300852011503907,15:00,1.06710933311786,13:30,1.0717732513838114,1.0357785271428745,1.0128801245888215,1.0257513777321237,0.9958924698290078,1.0042821708627148,0.9991944232833071,1.04629810379736,1.0477479372173069,1.0039506590534586,0.9742228606897488,3.3657031067497926e-05,8.490841705147977e-06,2.4031332872718095e-05,7.393933192893541e-06,1.7712109781031907e-05,6.461115850201031e-06,1.4895738703964692e-05,6.455546343442564e-06,1.2692367277593597e-05,6.3749842516718366e-06,8.185343654067551e-06,2.5393039641492027e-06,6.327275495544864e-06,2.3169975063003368e-06,4.405046316026809e-06,2.3168255897950166e-06,3.6603084710871066e-06,2.3154945215853303e-06,2.4954364062614236e-06,2.00817777265114e-06,1.8330655913226392e-06,1.740182899877496e-06
2025-12-04,2025Q4,10:00,1.0720342866136674,15:00,1.2713315425062381,14:00,1.047260545712161,14:00,1.0944269110623372,15:00,1.3049620775771045,14:30,1.0302735911854006,15:00,1.0671363597086052,13:30,1.0720342866136674,1.03597637154598,1.0130311849367588,1.0258769198036894,0.9959975990955136,1.0043845242089442,0.9992749482968892,1.0463445417672346,1.0477812719469195,1.0039664720934809,0.9742287261455848,3.199822682627819e-05,2.147633940677228e-05,2.431154151684974e-05,2.0634797481407977e-05,2.027600768378728e-05,2.0450411305528264e-05,1.711309450508653e-05,2.044836032691929e-05,1.1538937394673157e-05,1.8210402643200584e-05,9.589237090386875e-06,1.7861359388159868e-05,7.02992076671943e-06,1.7656798781165583e-05,5.4851337593255245e-06,1.7330074503438888e-05,4.091913752016536e-06,1.660471941682388e-05,7.5381554517114945e-06,8.652830628185846e-06,3.424485095121257e-06,6.21476133075344e-06
2025-12-05,2025Q4,10:00,1.0721296663459834,15:00,1.2559884053068506,14:00,1.0440685511716612,14:00,1.0837664515456333,15:00,1.289361257423005,14:30,1.0293421284689905,15:00,1.0630097809067858,13:30,1.0721296663459834,1.036011820812297,1.013025222818187,1.0258183027075165,0.9958882766253114,1.004232901724757,0.9990619958901897,1.0460481629916947,1.0474220591684849,1.0039285772611501,0.9741167559332011,2.0925917256678565e-05,9.306158624829242e-06,1.3986850722741709e-05,7.850103679701222e-06,1.755056807987966e-05,4.740833702305984e-06,1.7200055437561003e-05,3.528486764203609e-06,1.377588298572796e-05,3.497982429248065e-06,1.1897116581455198e-05,2.577505125447673e-06,8.084229973305697e-06,9.885225155840167e-07,6.054916970209772e-06,7.892013522606219e-07,4.744207071073945e-06,4.789748335676958e-07,3.53709071034645e-06,3.5186693502798156e-07,2.585931584276875e-06,1.6509397533065278e-07
2025-12-08,2025Q4,10:00,1.0722460094608302,15:00,1.2607955952055405,14:00,1.0447215576209719,14:00,1.0869994656690978,15:00,1.294159017327854,14:30,1.029896651918862,15:00,1.066312758068382,13:30,1.0722460094608302,1.036082534965061,1.013197599062599,1.0260242864936184,0.9960587849231649,1.0044019159368813,0.9992043743202265,1.0461706989855264,1.0475365882629128,1.0040335817143091,0.9742199979480098,1.7474376375105614e-05,1.7849675492217545e-05,1.8142396025164624e-05,1.568739243571119e-05,1.765924807107685e-05,1.410861649162805e-05,1.4548156517401384e-05,1.3720141175842908e-05,1.2323961258620632e-05,1.2731580005528147e-05,1.0506695225396106e-05,1.1526594288809581e-05,7.644073675910306e-06,6.820444551428346e-06,7.5617717291787456e-06,3.231372948926307e-06,6.319283707503299e-06,2.014803675563642e-06,4.035694131768047e-06,1.9499441758488274e-06,2.9738103252872326e-06,1.947754146787354e-06
2025-12-09,2025Q4,10:00,1.072228321291457,15:00,1.3090911612711005,14:00,1.0449437038460878,14:00,1.090189068292486,15:00,1.3436694006611296,14:30,1.0297707806222107,15:00,1.0676179983414122,13:30,1.072228321291457,1.0361053484152314,1.013243083704503,1.0260314283398482,0.996052864586793,1.0043824808728055,0.9992210052299798,1.0462686665752414,1.0476501983202537,1.0041021068339755,0.9742658131732289,1.542916297604069e-05,1.9865462628546506e-06,1.1914634774820457e-05,1.8185057655175734e-06,8.343321020134147e-06,1.6443977156477356e-06,7.391196861633875e-06,1.4427517475891436e-06,5.507184800487765e-06,1.3910396884651476e-06,5.208433766433474e-06,1.169314242634948e-06,4.7867108946025735e-06,8.717769753033929e-07,3.1957453324364776e-06,8.581423642278146e-07,2.644023087234721e-06,8.146144045432536e-07,2.2862565380840173e-06,5.867457025137994e-07,1.6244036780325975e-06,5.698505860915892e-07
2025-12-10,2025Q4,10:00,1.0723696132622151,15:00,1.3030197547356948,14:00,1.045423733049696,14:00,1.091559580574795,15:00,1.3373751474154019,14:30,1.0302932609482285,15:00,1.0690543788810496,13:30,1.0723696132622151,1.0362264861325095,1.0133333518054424,1.0261210620019954,0.996121130168711,1.004455707561746,0.999299551306454,1.0463225063274293,1.047698532639936,1.0041580733660251,0.9743113271200665,5.584994715207247e-05,4.452319605749327e-05,5.542149367692964e-05,4.4514980663697574e-05,6.249507595019691e-05,4.314261909975927e-05,5.822241055997511e-05,3.810778273811728e-05,5.3736800452432474e-05,3.805980205642747e-05,5.530463627263897e-05,3.7608148969948834e-05,5.497044812044554e-05,3.652961408134375e-05,5.829976572393767e-05,3.444612563210435e-05,6.186225411590926e-05,3.444609136441654e-05,3.7072795159103235e-05,3.096146819767947e-05,1.6509784859423974e-05,7.633219843989564e-07
2025-12-11,2025Q4,10:00,1.0724556772994185,15:00,1.3347766073498881,14:00,1.0500961515953047,14:00,1.1101991486225002,15:00,1.3690263221021821,14:30,1.0311908009695316,15:00,1.0911673850744064,13:30,1.0724556772994185,1.036338667889894,1.0135870524099855,1.026410821372646,0.9963830642449536,1.004773682378812,0.9996697111853095,1.0468435909805962,1.0483935930485755,1.004355163899979,0.974982427876403,3.579289024862183e-05,4.439540550466461e-05,2.0099447553783003e-05,1.5424869128693128e-05,1.847527946375448e-05,1.474643265073365e-05,1.6997836804637078e-05,1.193334579944556e-05,1.2681277714244658e-05,1.0189812126853827e-05,1.0107155932632415e-05,2.902271996512988e-06,8.051831742453399e-06,2.893076286559067e-06,5.33498918986029e-06,2.598026602148835e-06,3.672551110335989e-06,2.3686072373186754e-06,2.671543875326165e-06,1.1630264610927894e-06,2.4061348582249852e-06,1.1385391267091737e-06
2025-12-12,2025Q4,10:00,1.0723302267040864,15:00,1.3285693572748607,14:00,1.0501146833165895,14:00,1.1110077550642177,15:00,1.3625826994346748,14:30,1.0311474474993005,15:00,1.0928592349054975,13:30,1.0723302267040864,1.0363883173260104,1.0136347165862076,1.0264827862410681,0.9964249067386023,1.0049041208974159,0.9997731317252997,1.0469048134302745,1.0484256650251165,1.0044046917810219,0.9750375942877259,2.1364478455458355e-05,5.717912403729624e-05,3.590689250154108e-05,2.579430314508997e-05,4.775691198934705e-05,1.730727258117485e-05,4.107175583923715e-05,1.6870621070078246e-05,3.3999628479915805e-05,1.574041494546693e-05,2.591273856529082e-05,1.4049050368101004e-05,1.5393756659055612e-05,1.0864545766232964e-05,1.002482859056675e-05,7.870874140942376e-06,9.014786229849504e-06,4.261161738936351e-06,8.38270128225126e-06,1.6535287171833032e-06,4.790921639096239e-06,1.0955131559435326e-06
2025-12-15,2025Q4,10:00,1.0719064451806368,15:00,1.3188496670654917,14:00,1.0506160723262068,14:00,1.1143521599210078,15:00,1.3523944002616084,14:30,1.0322281112262222,15:00,1.0980490152895273,13:00,1.0719064451806368,1.0364989966013498,1.014042759152511,1.0268426359657787,0.9967279402213285,1.0051180128002535,0.9998639442359728,1.046946586695072,1.0485482758670046,1.0046261173702449,0.9751960425230777,2.5486025026595545e-05,3.9046511253781354e-05,3.576981241162344e-05,2.4061463187666796e-05,2.349564635093632e-05,1.9917697362926634e-05,1.4402149527967101e-05,1.3930287305598238e-05,1.577056543649679e-05,5.989787383432943e-06,1.2359344287211778e-05,5.828194121007079e-06,1.1442535730919194e-05,5.801670542932338e-06,9.320650309931912e-06,5.21885018111702e-06,5.507489196701845e-06,2.743990112196952e-06,3.880104223823684e-06,2.631194507698525e-06,3.222166402701065e-06,1.063980774421142e-06
2025-12-16,2025Q4,10:00,1.071732888545841,15:00,1.316125762906631,14:00,1.0513463095454252,14:00,1.1162830961207424,15:00,1.3494725542913597,14:30,1.0321255872393305,15:00,1.1010585060801825,13:00,1.071732888545841,1.036629618570021,1.014087290808391,1.026844119273652,0.9968900733978218,1.005235898159201,0.9999769870234941,1.0470368453409402,1.048619192486838,1.0046668531790788,0.9752890184548881,3.666964961230313e-05,6.244272207777543e-05,3.92383413713168e-05,4.095444511283079e-05,2.74088550974313e-05,3.717821854444942e-05,2.4609862493840245e-05,2.98668515161273e-05,1.7098764419902256e-05,2.7059890114965675e-05,1.6163528601530787e-05,2.5137795561160427e-05,1.8316251573822144e-05,1.857786574390891e-05,1.316960096768945e-05,1.8558560743364046e-05,7.58589095597105e-06,6.866466702887524e-06,6.009250498613891e-06,5.405366010261486e-06,4.713614932171126e-06,3.664949804650494e-06
2025-12-17,2025Q4,10:00,1.0714123271052882,15:00,1.2965770932421279,14:00,1.0514605316495977,14:00,1.1162204562774591,15:00,1.329362500305149,14:30,1.032108978770671,15:00,1.1021735103334913,13:00,1.0714123271052882,1.0365908466048506,1.0139483871326886,1.0267523975714992,0.9967267461926274,1.0050708607007988,0.9999717555300014,1.0468903648602408,1.0486295864722164,1.0046859097075824,0.9753374966907105,3.79698290415809e-05,5.059366003373208e-05,3.146903666542665e-05,5.0522790210386494e-05,4.103072637978759e-05,8.07263802298047e-06,3.0495836664731537e-05,8.05717857877211e-06,2.7468225990761557e-05,7.595187206874691e-06,2.4594913527714556e-05,7.594127678655673e-06,1.898215238545968e-05,7.304728559770972e-06,1.4170865265857073e-05,6.949470471523485e-06,1.1166333117495424e-05,5.305494597877958e-06,7.95678238981485e-06,5.297808764396578e-06,4.380142328104195e-06,4.311643592164206e-06
2025-12-18,2025Q4,10:00,1.0712403692091255,15:00,1.291299830239314,14:00,1.0526263205954085,14:00,1.1204052837437173,15:00,1.323941698668494,14:30,1.0328891781711884,15:00,1.1017801839456354,13:00,1.0712403692091255,1.0363390207366776,1.0143915830955628,1.0270887865509448,0.9970557397779088,1.0053782471405495,1.0002056208972028,1.047051641352247,1.0487805982523475,1.0047726430334407,0.9753449351568816,3.951269432910527e-05,6.696183695722585e-05,2.8914241768336587e-05,6.519928878696698e-05,2.0006019350699308e-05,6.300004041745077e-05,1.536556254593938e-05,6.28809154906831e-05,1.357662033336864e-05,6.283615006290736e-05,2.7526318684210264e-05,3.1939870553658675e-05,1.43821881231773e-05,1.815749995347505e-05,8.84021832960894e-06,1.7658412050996994e-05,7.701701337672155e-06,1.6901735214180145e-05,8.232359200375023e-06,1.4264430932849562e-05,8.445865229972919e-06,9.943138438699621e-06
2025-12-19,2025Q4,10:00,1.0708993868876742,15:00,1.270274730436867,14:00,1.0505018258326564,14:00,1.1114625907800701,15:00,1.3024562290242059,14:30,1.031337419815302,15:00,1.0984704379341832,13:00,1.0708993868876742,1.0358736910560784,1.0137997184389926,1.0263444761558151,0.9962451795052732,1.0052952008813751,1.0001299662851975,1.0468260571986339,1.0485105331828166,1.004571880636603,0.9752916851482608,2.6750745848295868e-05,7.460473858489284e-06,2.416120794883386e-05,6.779825738021941e-06,2.067685266891458e-05,6.685930628865432e-06,1.3416670007424463e-05,3.620422759216841e-06,1.1999135803892044e-05,3.130476590239025e-06,7.4852284906333584e-06,1.0597415481054026e-06,6.032168732505903e-06,1.0595271406444432e-06,4.739751127158053e-06,1.036383500514221e-06,4.334634740298106e-06,3.9103110248478364e-07,2.6340878783690923e-06,6.36121803143483e-08,2.486604185820595e-06,5.5904050029466494e-08
2025-12-22,2025Q4,10:00,1.071097924132716,15:00,1.226026233088544,14:00,1.0512282893441813,14:00,1.1146002078245951,15:00,1.2569534265971445,14:30,1.031444245991874,15:00,1.1020457831185313,13:00,1.071097924132716,1.0360799873985318,1.0139870818449872,1.0264911695750374,0.9963918490548919,1.0054114708392663,1.0002295112321595,1.0469115012006278,1.0486162635835683,1.004656467954887,0.975395115798103,1.2007791745695905e-05,4.399123610102193e-06,8.904241727563354e-06,4.324962262221803e-06,7.348889444330636e-06,4.283964400407874e-06,4.972094889042558e-06,1.8987751163833024e-06,3.667392525174817e-06,1.787921817715929e-06,2.948028828164066e-06,1.6326113683024407e-06,2.559344244179187e-06,8.537062559516163e-07,2.3114062509219674e-06,2.711615573581935e-07,2.009300736466298e-06,1.5920391167252068e-07,1.250359406541205e-06,5.677648867001459e-08,7.923914404128378e-07,5.170347753447216e-08
2025-12-23,2025Q4,10:00,1.071175127638729,15:00,1.2183923965185814,14:00,1.0510895280359775,14:00,1.1160900686346618,15:00,1.249086614685193,14:30,1.031230534946073,15:00,1.1031433456509478,13:00,1.071175127638729,1.0361332282025393,1.014027589024407,1.0265368813825033,0.996422996155221,1.005435133575118,1.0002636520274504,1.0469589010254186,1.048665896816949,1.0046957411712578,0.9754266695313619,9.33748645918226e-06,4.07018914016979e-06,7.047344393968699e-06,4.048219370143088e-06,4.353727299587602e-06,1.492146996148012e-06,3.4421424272716967e-06,1.3975950758324453e-06,2.6458328325016695e-06,1.052661917025274e-06,2.4627082358866653e-06,1.0028339069077524e-06,1.9845964078346966e-06,9.925348940580706e-07,1.8758281266530989e-06,4.6769524337404804e-07,1.509632148875726e-06,4.659304118614941e-07,1.0316225221206105e-06,1.8351308348129274e-07,7.820257040179306e-07,1.7265564866961136e-07
2025-12-26,2025Q4,10:00,1.0712277971828783,15:00,1.2202690449422056,14:00,1.0514476495775378,14:00,1.1169035209195917,15:00,1.2509770734217345,14:30,1.0316864866142446,15:00,1.10404072625167,13:00,1.0712277971828783,1.0361675652024747,1.0140658799330617,1.0265672360261928,0.996449370032532,1.00546147329537,1.000283506212543,1.0469913068138992,1.0486934030104729,1.0047236247082247,0.9754527647772675,8.276436463531783e-06,1.8091810125466235e-06,7.012724927370248e-06,1.8091788269126977e-06,5.330304941358798e-06,1.7945014447927145e-06,4.468556485170174e-06,1.187928942481058e-06,3.738102809964429e-06,1.0199953845232834e-06,2.965611023150691e-06,9.919612709615267e-07,2.092124538955921e-06,7.581281210587869e-07,1.6346931464893565e-06,7.444481611150084e-07,1.3722110146581303e-06,1.233796009944765e-07,9.832007677868808e-07,2.5330770099810815e-08,6.8058624829229e-07,1.927124187094647e-09
2025-12-29,2025Q4,10:00,1.0712948643891282,15:00,1.220280636198279,14:00,1.0524140509423816,14:00,1.1179293136502984,15:00,1.2509519408980716,14:30,1.032738966833901,15:00,1.1050744764715208,13:00,1.0712948643891282,1.0362294063578683,1.0141131998812154,1.0266163640482566,0.996494319439269,1.0054971174824479,1.0003102058970665,1.0470113007261215,1.048726884240776,1.0047551449408583,0.9754816282728069,1.3694823404751092e-05,6.091396481205559e-06,8.61558494568876e-06,5.780549721486431e-06,7.463635317497711e-06,5.01786744197588e-06,6.347844135228902e-06,4.936346262699331e-06,4.758780132180116e-06,4.9177841239645756e-06,4.6866314022690705e-06,3.4823188337464987e-06,3.0045798344904845e-06,2.298796925416392e-06,2.076883329183478e-06,2.0836511270963486e-06,1.6903192245693408e-06,2.052381127966798e-06,1.0998506230909967e-06,1.9373700362177895e-06,1.3029512055892757e-06,3.579421054489653e-07
2025-12-30,2025Q4,10:00,1.0713707169638116,15:00,1.2205753220132753,14:00,1.103628498098031,14:00,1.1174226284944877,15:00,1.2512020076693717,14:30,1.0763925287802814,15:00,1.1064850102240102,13:00,1.0713707169638116,1.0362610053972112,1.014145210393554,1.026635718706614,0.9964919783973741,1.0055185792553034,1.000324319359761,1.0470088526827457,1.0487144369790264,1.004727280179804,0.9755221894878949,9.868266509095858e-06,8.371412725405694e-06,9.517652966562104e-06,5.1030830899633935e-06,6.0168215979103665e-06,4.109023676881247e-06,4.480928080760349e-06,3.295446217863762e-06,4.4220879178578086e-06,1.2273430880529918e-06,3.906798827826949e-06,1.1929233275004784e-06,3.35597522310235e-06,1.0617503055903392e-06,2.4527008768558006e-06,1.0194594174405037e-06,2.090589279281509e-06,1.019156843618438e-06,1.1423404954700845e-06,1.0185513614131811e-06,9.826556679519273e-07,8.977337611568789e-07
2025-12-31,2025Q4,10:00,1.0713802319454269,15:00,1.2161633998641146,14:00,1.1074594332766758,14:00,1.1182290490823334,15:00,1.2466735722493074,14:30,1.0788492866719528,15:00,1.1065017272741946,13:00,1.0713802319454269,1.0363119043557896,1.01417013966364,1.0266523146612803,0.9965448054135545,1.0055676034827057,1.0003702352526571,1.0470412356267373,1.048741961222995,1.0047311953214992,0.9755267352542455,1.5948500861211887e-05,1.52912823322912e-05,1.4700281839496655e-05,1.4902955641692547e-05,1.4368162591123225e-05,1.191787788309701e-05,1.0306582197150623e-05,1.0491582248023494e-05,8.074303118123577e-06,1.0398395285121143e-05,7.387239714248924e-06,1.0142467807932026e-05,6.455731478227416e-06,1.0063712676564158e-05,4.903516493804276e-06,9.415039314475289e-06,3.9898979387696985e-06,8.989458642363994e-06,4.179230902400548e-06,7.851838229980293e-06,4.748446390452809e-06,6.0834816370167675e-06
